bootstrap_sd_points,ci90_unadjusted_lower,ci90_unadjusted_upper,ci95_unadjusted_lower,ci95_unadjusted_upper,contrast_id,direction,discordance,family,family_role,holm_p_direction,holm_p_equivalence,holm_p_gain,holm_p_loss,macro_ci95_unadjusted_lower,macro_ci95_unadjusted_upper,macro_point_points,magnitude,minus_comparator_point,n_images,n_positions,p_gain_at_least_sesoi,p_loss_at_least_sesoi,p_two_sided,point_points,romano_wolf_adjusted_p,romano_wolf_rejected,simultaneous_band_lower,simultaneous_band_upper,tost_p_equivalence,tost_p_high,tost_p_low
0.19926974586865062,-0.4388418045278363,0.2166195823056138,-0.5066481548899172,0.2844259326676948,global_mean_centering__coefficient_0.25,,0.036222222222222225,cifar100_test__sigma0.12,secondary,,,,,-0.5066481548899172,0.2844259326676948,-0.11111111111111122,,,3000,9000,1.0,1.0,0.58774,-0.11111111111111122,0.95269,False,-0.7248762930017432,0.5026540707795208,0.0,0.0,0.0
0.2873284479485098,-1.9968666747567883,-1.0475777696876536,-2.08727514190623,-0.9571693025382122,global_mean_centering__coefficient_0.5,,0.07877777777777778,cifar100_test__sigma0.12,secondary,,,,,-2.08727514190623,-0.9571693025382122,-1.5222222222222208,,,3000,9000,1.0,0.95161,0.0,-1.5222222222222208,4e-05,True,-2.407214554343291,-0.6372298901011506,0.04839,0.0,0.04839
0.36558834905676585,-5.154511650420586,-3.9565994606904873,-5.278823292751068,-3.8435888767536857,global_mean_centering__coefficient_1,,0.13111111111111112,cifar100_test__sigma0.12,secondary,,,,,-5.278823292751068,-3.8435888767536857,-4.555555555555537,,,3000,9000,1.0,0.0,0.0,-4.555555555555537,0.0,True,-5.681594024555372,-3.429517086555701,1.0,0.0,1.0
0.0,0.0,0.0,0.0,0.0,chowers_exact_projected_gap__coefficient_0.25,,0.0,cifar100_test__sigma0.12,secondary,,,,,0.0,0.0,0.0,,,3000,9000,1.0,1.0,1.0,0.0,1.0,False,0.0,0.0,0.0,0.0,0.0
0.0,0.0,0.0,0.0,0.0,chowers_exact_projected_gap__coefficient_0.5,,0.0,cifar100_test__sigma0.12,secondary,,,,,0.0,0.0,0.0,,,3000,9000,1.0,1.0,1.0,0.0,1.0,False,0.0,0.0,0.0,0.0,0.0
0.0,0.0,0.0,0.0,0.0,chowers_exact_projected_gap__coefficient_1,,0.0,cifar100_test__sigma0.12,secondary,,,,,0.0,0.0,0.0,,,3000,9000,1.0,1.0,1.0,0.0,1.0,False,0.0,0.0,0.0,0.0,0.0
0.18018589764145698,0.4617280373198717,1.0493830737912409,0.40522274535147085,1.1058883657596417,gr_clip_style_two_sided__coefficient_0.25,,0.030222222222222223,cifar100_test__sigma0.12,secondary,,,,,0.40522274535147085,1.1058883657596417,0.7555555555555563,,,3000,9000,1.0,1.0,0.0,0.7555555555555563,0.00138,True,0.2005700018883546,1.3105411092227581,0.0,0.0,0.0
0.24386304121406566,0.29316189782751456,1.095537043778807,0.2253555474654333,1.1746444525345683,gr_clip_style_two_sided__coefficient_0.5,,0.05477777777777778,cifar100_test__sigma0.12,secondary,,,,,0.2253555474654333,1.1746444525345683,0.7000000000000008,,,3000,9000,1.0,1.0,0.0045,0.7000000000000008,0.07285,False,-0.051115746119393846,1.4511157461193955,0.0,0.0,0.0
0.3021732034940836,-0.20835768043303865,0.7861354582108169,-0.31006720597615994,0.8878449837539382,gr_clip_style_two_sided__coefficient_1,unresolved,0.09333333333333334,cifar100_test__sigma0.12,primary_shared,0.68084,0.0,1.0,1.0,-0.31006720597615994,0.8878449837539382,0.28888888888888914,practically_equivalent,,3000,9000,1.0,1.0,0.34042,0.28888888888888914,0.90139,False,-0.6418263604157897,1.219604138193568,0.0,0.0,0.0
0.16467070297057432,-0.7601142903372136,-0.21766348744056524,-0.8166195823056144,-0.16115819547216442,text_only_centering__coefficient_0.25,,0.025555555555555557,cifar100_test__sigma0.12,secondary,,,,,-0.8166195823056144,-0.16115819547216442,-0.4888888888888894,,,3000,9000,1.0,1.0,0.00274,-0.4888888888888894,0.04562,True,-0.9960865245370668,0.018308746759288064,0.0,0.0,0.0
0.23336287358696495,-1.4731248742740144,-0.7046529035037628,-1.5522322830297757,-0.6368465531416816,text_only_centering__coefficient_0.5,,0.05311111111111111,cifar100_test__sigma0.12,secondary,,,,,-1.5522322830297757,-0.6368465531416816,-1.0888888888888886,,,3000,9000,1.0,0.99996,0.0,-1.0888888888888886,0.00018,True,-1.8076633617987636,-0.3701144159790135,4e-05,0.0,4e-05
0.2641744029202411,-1.6740746106868596,-0.8038931143734862,-1.753182019442621,-0.713484647224045,text_only_centering__coefficient_1,negative,0.0641111111111111,cifar100_test__sigma0.12,primary_shared,0.0,0.00398,1.0,1.0,-1.753182019442621,-0.713484647224045,-1.233333333333333,practically_equivalent,,3000,9000,1.0,0.99801,0.0,-1.233333333333333,0.00018,True,-2.0470095376783055,-0.4196571289883606,0.00199,0.0,0.00199
0.16557758636729145,0.6509968207738981,1.1934476236705467,0.5944915288054975,1.2499529156389473,image_only_centering__coefficient_0.25,,0.026111111111111113,cifar100_test__sigma0.12,secondary,,,,,0.5944915288054975,1.2499529156389473,0.9222222222222224,,,3000,9000,1.0,1.0,0.0,0.9222222222222224,4e-05,True,0.41223132033830345,1.4322131241061413,0.0,0.0,0.0
0.22555120950824717,0.9159539618974419,1.6618238158803333,0.8481476115353608,1.7296301662424145,image_only_centering__coefficient_0.5,,0.04777777777777778,cifar100_test__sigma0.12,secondary,,,,,0.8481476115353608,1.7296301662424145,1.2888888888888876,,,3000,9000,0.99906,1.0,0.0,1.2888888888888876,4e-05,True,0.5941749044552868,1.9836028733224884,0.00094,0.00094,0.0
0.2943666370332409,0.8029433779606399,1.7748343998171348,0.7125349108111985,1.8652428669665764,image_only_centering__coefficient_1,positive,0.08666666666666667,cifar100_test__sigma0.12,primary_shared,0.0,0.00792,1.0,1.0,0.7125349108111985,1.8652428669665764,1.2888888888888874,practically_equivalent,,3000,9000,0.99208,1.0,0.0,1.2888888888888874,0.00043,True,0.3822184270299591,2.195559350747816,0.00792,0.00792,0.0
0.027127444287186983,-0.000759789130276245,0.08964867801916514,-0.000759789130276245,0.10094973641284531,clean_boundary_active__step_0.0025,,0.0006666666666666666,cifar100_test__sigma0.12,secondary,,,,,-0.000759789130276245,0.10094973641284531,0.044444444444444446,,,3000,9000,1.0,1.0,0.12348,0.044444444444444446,0.57912,False,-0.03911003947670299,0.12799892836559187,0.0,0.0,0.0
0.03830425172487978,0.03238359692048801,0.15669523925096993,0.02108253852680783,0.1679962976446501,clean_boundary_active__step_0.005,,0.0013333333333333333,cifar100_test__sigma0.12,secondary,,,,,0.02108253852680783,0.1679962976446501,0.08888888888888888,,,3000,9000,1.0,1.0,0.01926,0.08888888888888888,0.22065,False,-0.029090967634850418,0.20686874541262817,0.0,0.0,0.0
0.05304280283536621,0.031813755072780836,0.2126306893716636,0.020512696679100648,0.2239317477653438,clean_boundary_active__step_0.01,,0.0025555555555555557,cifar100_test__sigma0.12,secondary,,,,,0.020512696679100648,0.2239317477653438,0.12222222222222222,,,3000,9000,1.0,1.0,0.0216,0.12222222222222222,0.22065,False,-0.04115343416917379,0.28559787861361824,0.0,0.0,0.0
0.0713596326444581,0.0425449716187538,0.2685661394923573,0.019942854831393464,0.30246931467339777,clean_boundary_active__step_0.02,,0.004666666666666667,cifar100_test__sigma0.12,secondary,,,,,0.019942854831393464,0.30246931467339777,0.15555555555555556,,,3000,9000,1.0,1.0,0.03036,0.15555555555555556,0.25279,False,-0.06423725704001104,0.37534836815112216,0.0,0.0,0.0
0.09956369525264788,0.008451849155144214,0.33618254257186925,-0.02545132602589628,0.35878465935922965,clean_boundary_active__step_0.04,,0.009222222222222222,cifar100_test__sigma0.12,secondary,,,,,-0.02545132602589628,0.35878465935922965,0.16666666666666669,,,3000,9000,1.0,1.0,0.09786,0.16666666666666669,0.53632,False,-0.13999669188814834,0.4733300252214817,0.0,0.0,0.0
0.13597076250812087,0.12953438768195227,0.5815767234291592,0.09563121250091161,0.6267809570038798,clean_boundary_active__step_0.08,,0.018,cifar100_test__sigma0.12,secondary,,,,,0.09563121250091161,0.6267809570038798,0.35555555555555574,,,3000,9000,1.0,1.0,0.00874,0.35555555555555574,0.11393,False,-0.06324419459625014,0.7743553057073616,0.0,0.0,0.0
0.18076404120080794,-0.02716085156901793,0.5604941849023513,-0.08366614353741875,0.6169994768707522,clean_boundary_active__step_0.16,unresolved,0.030222222222222223,cifar100_test__sigma0.12,primary_shared,0.43032000000000004,0.0,1.0,1.0,-0.08366614353741875,0.6169994768707522,0.2666666666666667,practically_equivalent,,3000,9000,1.0,1.0,0.14344,0.2666666666666667,0.63527,False,-0.2900996108395558,0.8234329441728893,0.0,0.0,0.0
0.23360372000003987,-0.6175693187184592,0.15090265205179265,-0.6966767274742203,0.21870900241387398,clean_boundary_active__step_0.32,,0.053,cifar100_test__sigma0.12,secondary,,,,,-0.6966767274742203,0.21870900241387398,-0.23333333333333323,,,3000,9000,1.0,1.0,0.3181,-0.23333333333333323,0.89674,False,-0.9528496305572016,0.4861829638905351,0.0,0.0,0.0
0.015690680806082,-0.0003798945651381225,0.044824339009582576,-0.0003798945651381225,0.05612539740326275,cohen_aligned_noisy_margin__step_0.0025,,0.00022222222222222223,cifar100_test__sigma0.12,secondary,,,,,-0.0003798945651381225,0.05612539740326275,0.022222222222222223,,,3000,9000,1.0,1.0,0.2592,0.022222222222222223,0.70912,False,-0.026106205743359038,0.07055065018780349,0.0,0.0,0.0
0.027058251945067734,-0.022982011352498465,0.06742645579694292,-0.03428306974617864,0.0787275141906231,cohen_aligned_noisy_margin__step_0.005,,0.0006666666666666666,cifar100_test__sigma0.12,secondary,,,,,-0.03428306974617864,0.0787275141906231,0.022222222222222227,,,3000,9000,1.0,1.0,0.52812,0.022222222222222227,0.91697,False,-0.061119144297379205,0.10556358874182366,0.0,0.0,0.0
0.03500420929291337,-0.056505291968400866,0.056505291968400866,-0.06780635036208105,0.06780635036208105,cohen_aligned_noisy_margin__step_0.01,,0.0011111111111111111,cifar100_test__sigma0.12,secondary,,,,,-0.06780635036208105,0.06780635036208105,0.0,,,3000,9000,1.0,1.0,1.0,0.0,1.0,False,-0.10781548794549184,0.10781548794549184,0.0,0.0,0.0
0.048330643560430875,-0.04577407542242788,0.11244074208909456,-0.057075133816108056,0.12374180048277475,cohen_aligned_noisy_margin__step_0.02,,0.002111111111111111,cifar100_test__sigma0.12,secondary,,,,,-0.057075133816108056,0.12374180048277475,0.03333333333333334,,,3000,9000,1.0,1.0,0.5594,0.03333333333333334,0.92952,False,-0.11552853280921734,0.18219519947588403,0.0,0.0,0.0
0.06384408578246294,-0.11282063665423268,0.09059841443201046,-0.13542275344159302,0.1132005312193708,cohen_aligned_noisy_margin__step_0.04,,0.0036666666666666666,cifar100_test__sigma0.12,secondary,,,,,-0.13542275344159302,0.1132005312193708,-0.011111111111111115,,,3000,9000,1.0,1.0,0.93148,-0.011111111111111115,0.99786,False,-0.2077554976038986,0.18553327538167635,0.0,0.0,0.0
0.0907555058916928,-0.13580264800673114,0.15802487022895337,-0.16970582318777164,0.1919280454099939,cohen_aligned_noisy_margin__step_0.08,,0.0074444444444444445,cifar100_test__sigma0.12,secondary,,,,,-0.16970582318777164,0.1919280454099939,0.011111111111111115,,,3000,9000,1.0,1.0,0.9487,0.011111111111111115,0.99786,False,-0.26842238926233597,0.2906446114845582,0.0,0.0,0.0
0.13100776527575536,-0.3258312205910344,0.10360899836881218,-0.37103545416575506,0.14881323194353285,cohen_aligned_noisy_margin__step_0.16,unresolved,0.016,cifar100_test__sigma0.12,primary_shared,0.68084,0.0,1.0,1.0,-0.37103545416575506,0.14881323194353285,-0.1111111111111111,practically_equivalent,,3000,9000,1.0,1.0,0.4105,-0.1111111111111111,0.91531,False,-0.5146244720232108,0.2924022498009886,0.0,0.0,0.0
0.1866764373317391,-0.6606841321849204,-0.05042697892619097,-0.7171894241533214,0.00607831304220996,cohen_aligned_noisy_margin__step_0.32,,0.033555555555555554,cifar100_test__sigma0.12,secondary,,,,,-0.7171894241533214,0.00607831304220996,-0.3555555555555557,,,3000,9000,1.0,1.0,0.0562,-0.3555555555555557,0.43155,False,-0.9305324393477037,0.21942132823659238,0.0,0.0,0.0
0.25127856390535197,-1.2736947161217227,-0.44871745338306984,-1.352802124877484,-0.36961004462730845,control__learned_shared_translation_tangent,negative,0.059222222222222225,cifar100_test__sigma0.12,positive_control,0.0007,,,,-1.352802124877484,-0.36961004462730845,-0.8555555555555563,,-1.1444444444444455,3000,9000,1.0,1.0,0.0007,-0.8555555555555563,0.01566,True,-1.6295116461215762,-0.0815994649895363,0.0,0.0,0.0
0.4337444426106988,6.999144432309263,8.423077789912966,6.863531731585102,8.558690490637128,control__lowrank_tangent_r8,positive,0.16244444444444445,cifar100_test__sigma0.12,positive_control,0.0,,,,6.863531731585102,8.558690490637128,7.711111111111115,,7.422222222222226,3000,9000,0.0,1.0,0.0,7.711111111111115,0.0,True,6.375146960845754,9.047075261376476,1.0,1.0,0.0
0.5444765572336325,3.7738830535659207,5.5707513381610685,3.604367177660718,5.740267214066271,control__noisy_class_mean,positive,0.21733333333333332,cifar100_test__sigma0.12,positive_control,0.0,,,,3.604367177660718,5.740267214066271,4.6666666666666545,,4.377777777777766,3000,9000,0.0,1.0,0.0,4.6666666666666545,0.0,True,2.989639621096164,6.343693712237145,1.0,1.0,0.0
0.38622408774509304,6.889362952176135,8.155081492268314,6.765051309845653,8.279393134598797,control__fewshot_prompt_bank,positive,0.14766666666666667,cifar100_test__sigma0.12,positive_control,0.0,,,,6.765051309845653,8.279393134598797,7.522222222222225,,7.233333333333336,3000,9000,0.0,1.0,0.0,7.522222222222225,0.0,True,6.332624190508653,8.711820253935796,1.0,1.0,0.0
0.14765581370378678,-0.2819566179942971,0.2039888929339504,-0.3271608515690178,0.2604941849023511,global_mean_centering__coefficient_0.25,,0.019222222222222224,cifar100_test__sigma0.25,secondary,,,,,-0.3271608515690178,0.2604941849023511,-0.03333333333333334,,,3000,9000,1.0,1.0,0.8463,-0.03333333333333334,0.9992,False,-0.4895928283637706,0.42292616169710395,0.0,0.0,0.0
0.21145453370388162,-1.194777254648531,-0.49411163424036014,-1.2625836050106118,-0.437606342271959,global_mean_centering__coefficient_0.5,,0.042222222222222223,cifar100_test__sigma0.25,secondary,,,,,-1.2625836050106118,-0.437606342271959,-0.8444444444444454,,,3000,9000,1.0,1.0,6e-05,-0.8444444444444454,0.00269,True,-1.4978432937655768,-0.1910455951233141,0.0,0.0,0.0
0.2736122325130644,-2.574264557969425,-1.6701798864750113,-2.6533719667251865,-1.59107247771925,global_mean_centering__coefficient_1,,0.073,cifar100_test__sigma0.25,secondary,,,,,-2.6533719667251865,-1.59107247771925,-2.1222222222222182,,,3000,9000,1.0,0.33317,0.0,-2.1222222222222182,0.0,True,-2.967689636671608,-1.2767548077728286,0.66683,0.0,0.66683
0.0,0.0,0.0,0.0,0.0,chowers_exact_projected_gap__coefficient_0.25,,0.0,cifar100_test__sigma0.25,secondary,,,,,0.0,0.0,0.0,,,3000,9000,1.0,1.0,1.0,0.0,1.0,False,0.0,0.0,0.0,0.0,0.0
0.0,0.0,0.0,0.0,0.0,chowers_exact_projected_gap__coefficient_0.5,,0.0,cifar100_test__sigma0.25,secondary,,,,,0.0,0.0,0.0,,,3000,9000,1.0,1.0,1.0,0.0,1.0,False,0.0,0.0,0.0,0.0,0.0
0.0,0.0,0.0,0.0,0.0,chowers_exact_projected_gap__coefficient_1,,0.0,cifar100_test__sigma0.25,secondary,,,,,0.0,0.0,0.0,,,3000,9000,1.0,1.0,1.0,0.0,1.0,False,0.0,0.0,0.0,0.0,0.0
0.13223853325887366,0.16305766829785467,0.5924978872577014,0.11785343472313403,0.637702120832422,gr_clip_style_two_sided__coefficient_0.25,,0.01577777777777778,cifar100_test__sigma0.25,secondary,,,,,0.11785343472313403,0.637702120832422,0.377777777777778,,,3000,9000,1.0,1.0,0.00378,0.377777777777778,0.09204,False,-0.030842004232959297,0.7863975597885153,0.0,0.0,0.0
0.17757892624446397,-0.04938307379123999,0.538271962680129,-0.10588836575964092,0.5947772546485298,gr_clip_style_two_sided__coefficient_0.5,,0.029111111111111112,cifar100_test__sigma0.25,secondary,,,,,-0.10588836575964092,0.5947772546485298,0.2444444444444445,,,3000,9000,1.0,1.0,0.1728,0.2444444444444445,0.85782,False,-0.30427808251873545,0.7931669714076244,0.0,0.0,0.0
0.22528289444893596,-0.13960159365811226,0.6062682603247791,-0.20740794402019347,0.6740746106868603,gr_clip_style_two_sided__coefficient_1,unresolved,0.04833333333333333,cifar100_test__sigma0.25,primary_shared,0.41228,0.0,1.0,1.0,-0.20740794402019347,0.6740746106868603,0.23333333333333345,practically_equivalent,,3000,9000,1.0,1.0,0.302,0.23333333333333345,0.96823,False,-0.46279543452181765,0.9294621011884845,0.0,0.0,0.0
0.1282296502036256,-0.1924978872577011,0.2369423317021455,-0.22640106243874164,0.27084550688318604,text_only_centering__coefficient_0.25,,0.013555555555555555,cifar100_test__sigma0.25,secondary,,,,,-0.22640106243874164,0.27084550688318604,0.02222222222222221,,,3000,9000,1.0,1.0,0.895,0.02222222222222221,0.9992,False,-0.37401002886411194,0.41845447330855634,0.0,0.0,0.0
0.1736773677951261,-0.704748682064227,-0.13969576238021825,-0.7612539740326278,-0.08319047041181737,text_only_centering__coefficient_0.5,,0.027333333333333334,cifar100_test__sigma0.25,secondary,,,,,-0.7612539740326278,-0.08319047041181737,-0.4222222222222226,,,3000,9000,1.0,1.0,0.0146,-0.4222222222222226,0.20114,False,-0.9588888534961358,0.11444440905169062,0.0,0.0,0.0
0.18090650617264817,-0.7604941849023517,-0.17283914843098253,-0.8169994768707525,-0.11633385646258165,text_only_centering__coefficient_1,negative,0.030222222222222223,cifar100_test__sigma0.25,primary_shared,0.0458,0.0,1.0,1.0,-0.8169994768707525,-0.11633385646258165,-0.46666666666666706,practically_equivalent,,3000,9000,1.0,1.0,0.00916,-0.46666666666666706,0.15595,False,-1.0256714839076446,0.09233815057431044,0.0,0.0,0.0
0.1175334011687278,0.1301042295296595,0.5143402149147854,0.09620105434861892,0.548243390095826,image_only_centering__coefficient_0.25,,0.012777777777777779,cifar100_test__sigma0.25,secondary,,,,,0.09620105434861892,0.548243390095826,0.32222222222222247,,,3000,9000,1.0,1.0,0.00606,0.32222222222222247,0.10906,False,-0.040958399802132506,0.6854028442465774,0.0,0.0,0.0
0.1671664914267956,0.40655237632945446,0.9490031792261029,0.35004708436105364,1.0055084711945037,image_only_centering__coefficient_0.5,,0.025444444444444443,cifar100_test__sigma0.25,secondary,,,,,0.35004708436105364,1.0055084711945037,0.6777777777777787,,,3000,9000,1.0,1.0,4e-05,0.6777777777777787,0.0024,True,0.16122988811995598,1.1943256674356015,0.0,0.0,0.0
0.22981632417163458,0.16039840634188796,0.9062682603247797,0.08129099758612685,0.9853756690805408,image_only_centering__coefficient_1,unresolved,0.050222222222222224,cifar100_test__sigma0.25,primary_shared,0.07992,0.0,1.0,1.0,0.08129099758612685,0.9853756690805408,0.5333333333333339,practically_equivalent,,3000,9000,1.0,1.0,0.01998,0.5333333333333339,0.25808,False,-0.17680382541514106,1.243470492081809,0.0,0.0,0.0
0.015663031162857194,-0.022602116787360346,0.022602116787360346,-0.033903175181040524,0.033903175181040524,clean_boundary_active__step_0.0025,,0.00022222222222222223,cifar100_test__sigma0.25,secondary,,,,,-0.033903175181040524,0.033903175181040524,0.0,,,3000,9000,1.0,1.0,1.0,0.0,1.0,False,-0.048399087782264205,0.048399087782264205,0.0,0.0,0.0
0.02488635598837965,-0.056315344685831804,0.03409312246360958,-0.056315344685831804,0.03409312246360958,clean_boundary_active__step_0.005,,0.0005555555555555556,cifar100_test__sigma0.25,secondary,,,,,-0.056315344685831804,0.03409312246360958,-0.011111111111111112,,,3000,9000,1.0,1.0,0.83014,-0.011111111111111112,0.9992,False,-0.088010461916115,0.06578823969389277,0.0,0.0,0.0
0.04167125200061554,-0.04558412813985882,0.09002857258430327,-0.056885186533538995,0.10132963097798345,clean_boundary_active__step_0.01,,0.0015555555555555555,cifar100_test__sigma0.25,secondary,,,,,-0.056885186533538995,0.10132963097798345,0.022222222222222223,,,3000,9000,1.0,1.0,0.68632,0.022222222222222223,0.9992,False,-0.10654280177628317,0.15098724622072762,0.0,0.0,0.0
0.05192475291328658,-0.01244074208909457,0.15707513381610805,-0.035042858876454905,0.16837619220978822,clean_boundary_active__step_0.02,,0.0024444444444444444,cifar100_test__sigma0.25,secondary,,,,,-0.035042858876454905,0.16837619220978822,0.06666666666666667,,,3000,9000,1.0,1.0,0.22774,0.06666666666666667,0.91235,False,-0.09378188560858168,0.227115218941915,0.0,0.0,0.0
0.07300811165190833,0.009021691002851454,0.2576449756638152,-0.013580425784508882,0.2802470924511756,clean_boundary_active__step_0.04,,0.004888888888888889,cifar100_test__sigma0.25,secondary,,,,,-0.013580425784508882,0.2802470924511756,0.13333333333333333,,,3000,9000,1.0,1.0,0.07268,0.13333333333333333,0.55381,False,-0.09226323018735652,0.3589298968540232,0.0,0.0,0.0
0.10240373241153714,0.07492856853924193,0.41396032034964714,0.041025393358201434,0.44786349553068766,clean_boundary_active__step_0.08,,0.009555555555555555,cifar100_test__sigma0.25,secondary,,,,,0.041025393358201434,0.44786349553068766,0.24444444444444452,,,3000,9000,1.0,1.0,0.01626,0.24444444444444452,0.22305,False,-0.07198519057860037,0.5608740794674894,0.0,0.0,0.0
0.13683760479245677,-0.003798945651381197,0.4482433900958257,-0.04900317922610192,0.4934476236705464,clean_boundary_active__step_0.16,unresolved,0.016666666666666666,cifar100_test__sigma0.25,primary_shared,0.32244,0.0,1.0,1.0,-0.04900317922610192,0.4934476236705464,0.22222222222222227,practically_equivalent,,3000,9000,1.0,1.0,0.10748,0.22222222222222227,0.72585,False,-0.20060878522479236,0.6450532296692368,0.0,0.0,0.0
0.18101112055448162,-0.3827164071245735,0.20493862934679574,-0.4392216990929744,0.26144392131519656,clean_boundary_active__step_0.32,,0.030444444444444444,cifar100_test__sigma0.25,secondary,,,,,-0.4392216990929744,0.26144392131519656,-0.08888888888888892,,,3000,9000,1.0,1.0,0.64222,-0.08888888888888892,0.9992,False,-0.6482169667169775,0.47043918893919967,0.0,0.0,0.0
0.019285535816591433,-0.04501428629215164,0.02279206406992941,-0.04501428629215164,0.02279206406992941,cohen_aligned_noisy_margin__step_0.0025,,0.0003333333333333333,cifar100_test__sigma0.25,secondary,,,,,-0.04501428629215164,0.02279206406992941,-0.011111111111111112,,,3000,9000,1.0,1.0,0.78212,-0.011111111111111112,0.9992,False,-0.07070381262655273,0.048481590404330505,0.0,0.0,0.0
0.02479881035778281,-0.03409312246360958,0.056315344685831804,-0.03409312246360958,0.056315344685831804,cohen_aligned_noisy_margin__step_0.005,,0.0005555555555555556,cifar100_test__sigma0.25,secondary,,,,,-0.03409312246360958,0.056315344685831804,0.011111111111111112,,,3000,9000,1.0,1.0,0.83508,0.011111111111111112,0.9992,False,-0.06551772189844472,0.08773994412066695,0.0,0.0,0.0
0.027147884665301224,-0.022982011352498465,0.06742645579694292,-0.03428306974617864,0.0787275141906231,cohen_aligned_noisy_margin__step_0.01,,0.0006666666666666666,cifar100_test__sigma0.25,secondary,,,,,-0.03428306974617864,0.0787275141906231,0.022222222222222227,,,3000,9000,1.0,1.0,0.5387,0.022222222222222227,0.9886,False,-0.061665298613113664,0.10610974305755812,0.0,0.0,0.0
0.03318192978872877,-0.023171958635067526,0.0898386253017342,-0.03447301702874771,0.10113968369541439,cohen_aligned_noisy_margin__step_0.02,,0.001,cifar100_test__sigma0.25,secondary,,,,,-0.03447301702874771,0.10113968369541439,0.03333333333333334,,,3000,9000,1.0,1.0,0.39396,0.03333333333333334,0.96823,False,-0.06919951078421964,0.1358661774508863,0.0,0.0,0.0
0.04711209003165648,-0.07910740875576121,0.07910740875576122,-0.0904084671494414,0.0904084671494414,cohen_aligned_noisy_margin__step_0.04,,0.002,cifar100_test__sigma0.25,secondary,,,,,-0.0904084671494414,0.0904084671494414,-2.710505431213761e-18,,,3000,9000,1.0,1.0,0.94704,-2.710505431213761e-18,0.9992,False,-0.14557732518947078,0.14557732518947078,0.0,0.0,0.0
0.07010413637873816,-0.046343917270135065,0.17967725060346842,-0.06894603405749543,0.20227936739082875,cohen_aligned_noisy_margin__step_0.08,,0.004222222222222222,cifar100_test__sigma0.25,secondary,,,,,-0.06894603405749543,0.20227936739082875,0.06666666666666667,,,3000,9000,1.0,1.0,0.37436,0.06666666666666667,0.97251,False,-0.1499565536548484,0.2832898869881817,0.0,0.0,0.0
0.10273224687790761,-0.03618254257186926,0.302849209238536,-0.07008571775290973,0.3367523844195765,cohen_aligned_noisy_margin__step_0.16,unresolved,0.009777777777777778,cifar100_test__sigma0.25,primary_shared,0.41228,0.0,1.0,1.0,-0.07008571775290973,0.3367523844195765,0.13333333333333336,practically_equivalent,,3000,9000,1.0,1.0,0.20614,0.13333333333333336,0.91235,False,-0.18411141813366733,0.45077808480033404,0.0,0.0,0.0
0.1396073768777533,-0.14824339009582574,0.3037989456513813,-0.19344762367054646,0.349003179226102,cohen_aligned_noisy_margin__step_0.32,,0.019444444444444445,cifar100_test__sigma0.25,secondary,,,,,-0.19344762367054646,0.349003179226102,0.07777777777777778,,,3000,9000,1.0,1.0,0.60016,0.07777777777777778,0.9992,False,-0.3536118822633161,0.5091674378188716,0.0,0.0,0.0
0.16263202871745386,-0.16011429033721303,0.3823365125594352,-0.2053185239119339,0.42754074613415605,control__learned_shared_translation_tangent,unresolved,0.024666666666666667,cifar100_test__sigma0.25,positive_control,0.50804,,,,-0.2053185239119339,0.42754074613415605,0.11111111111111109,,-0.12222222222222236,3000,9000,1.0,1.0,0.50804,0.11111111111111109,0.99811,False,-0.3914251957034582,0.6136474179256803,0.0,0.0,0.0
0.386123122613261,5.811585174398333,7.077303714490513,5.6872735320678505,7.212916415214674,control__lowrank_tangent_r8,positive,0.11955555555555555,cifar100_test__sigma0.25,positive_control,0.0,,,,5.6872735320678505,7.212916415214674,6.444444444444422,,6.211111111111089,3000,9000,0.0,1.0,0.0,6.444444444444422,0.0,True,5.251316070261185,7.6375728186276595,1.0,1.0,0.0
0.47061556067036936,4.664861362563063,6.213106362497248,4.517947603445221,6.36002012161509,control__noisy_class_mean,positive,0.15566666666666668,cifar100_test__sigma0.25,positive_control,0.0,,,,4.517947603445221,6.36002012161509,5.433333333333316,,5.199999999999982,3000,9000,0.0,1.0,0.0,5.433333333333316,0.0,True,3.97912159131762,6.887545075349012,1.0,1.0,0.0
0.3345314368914695,5.6684703609318685,6.775974083512525,5.566760835388747,6.877683609055647,control__fewshot_prompt_bank,positive,0.11133333333333334,cifar100_test__sigma0.25,positive_control,0.0,,,,5.566760835388747,6.877683609055647,6.222222222222197,,5.988888888888863,3000,9000,0.0,1.0,0.0,6.222222222222197,0.0,True,5.188513215856171,7.2559312285882225,1.0,1.0,0.0
0.266192471113234,-1.002183053278992,-0.13115028005434137,-1.102686834804913,-0.030646498528420163,global_mean_centering__coefficient_0.25,,0.023,eurosat_sealed__sigma0.12,secondary,,,,,-1.102686834804913,-0.030646498528420163,-0.5666666666666667,,,1000,3000,1.0,1.0,0.038,-0.5666666666666667,0.25066,False,-1.382380951039499,0.24904761770616568,0.0,0.0,0.0
0.43463740475082135,-2.6368598040147826,-1.2298068626518854,-2.7708648460493444,-1.0958018206173237,global_mean_centering__coefficient_0.5,,0.06533333333333333,eurosat_sealed__sigma0.12,secondary,,,,,-2.7708648460493444,-1.0958018206173237,-1.933333333333334,,,1000,3000,1.0,0.54761,0.0,-1.933333333333334,0.00044,True,-3.265226523607546,-0.6014401430591219,0.45239,0.0,0.45239
0.5372835493453287,-3.5376994398913184,-1.7956338934420173,-3.73870700294316,-1.628127590898815,global_mean_centering__coefficient_1,,0.12066666666666667,eurosat_sealed__sigma0.12,secondary,,,,,-3.73870700294316,-1.628127590898815,-2.666666666666668,,,1000,3000,1.0,0.11259,0.0,-2.666666666666668,1e-05,True,-4.313106418048995,-1.020226915284341,0.88741,0.0,0.88741
0.0,0.0,0.0,0.0,0.0,chowers_exact_projected_gap__coefficient_0.25,,0.0,eurosat_sealed__sigma0.12,secondary,,,,,0.0,0.0,0.0,,,1000,3000,1.0,1.0,1.0,0.0,1.0,False,0.0,0.0,0.0,0.0,0.0
0.0,0.0,0.0,0.0,0.0,chowers_exact_projected_gap__coefficient_0.5,,0.0,eurosat_sealed__sigma0.12,secondary,,,,,0.0,0.0,0.0,,,1000,3000,1.0,1.0,1.0,0.0,1.0,False,0.0,0.0,0.0,0.0,0.0
0.0,0.0,0.0,0.0,0.0,chowers_exact_projected_gap__coefficient_1,,0.0,eurosat_sealed__sigma0.12,secondary,,,,,0.0,0.0,0.0,,,1000,3000,1.0,1.0,1.0,0.0,1.0,False,0.0,0.0,0.0,0.0,0.0
0.2896494084031723,-1.969017647120965,-1.0309823528790336,-2.0695214286468864,-0.9304785713531124,gr_clip_style_two_sided__coefficient_0.25,,0.027666666666666666,eurosat_sealed__sigma0.12,secondary,,,,,-2.0695214286468864,-0.9304785713531124,-1.4999999999999993,,,1000,3000,1.0,0.95263,0.0,-1.4999999999999993,1e-05,True,-2.3875952009705856,-0.6124047990294129,0.04737,0.0,0.04737
0.36938435158303157,-2.6363560224888616,-1.430310644177807,-2.7703610645234233,-1.2963056021432457,gr_clip_style_two_sided__coefficient_0.5,,0.045,eurosat_sealed__sigma0.12,secondary,,,,,-2.7703610645234233,-1.2963056021432457,-2.0333333333333345,,,1000,3000,1.0,0.48321,0.0,-2.0333333333333345,1e-05,True,-3.165266519685183,-0.9014001469814863,0.51679,0.0,0.51679
0.514907474467907,-1.270864846049343,0.40419817938267766,-1.4383711485925448,0.5717044819258794,gr_clip_style_two_sided__coefficient_1,unresolved,0.125,eurosat_sealed__sigma0.12,primary_shared,1.0,0.0042,1.0,1.0,-1.4383711485925448,0.5717044819258794,-0.4333333333333327,practically_equivalent,,1000,3000,0.99999,0.9986,0.4189,-0.4333333333333327,0.82939,False,-2.011204338840256,1.1445376721735907,0.0014,1e-05,0.0014
0.2478188597052479,-0.3020151261036849,0.5020151261036849,-0.36901764712096574,0.602518907629606,text_only_centering__coefficient_0.25,,0.019666666666666666,eurosat_sealed__sigma0.12,secondary,,,,,-0.36901764712096574,0.602518907629606,0.09999999999999998,,,1000,3000,1.0,1.0,0.73352,0.09999999999999998,0.96065,False,-0.6594105984784465,0.8594105984784465,0.0,0.0,0.0
0.3484890878993154,-0.7695214286468869,0.369521428646887,-0.8700252101728082,0.4700252101728083,text_only_centering__coefficient_0.5,,0.044,eurosat_sealed__sigma0.12,secondary,,,,,-0.8700252101728082,0.4700252101728083,-0.19999999999999996,,,1000,3000,1.0,1.0,0.60176,-0.19999999999999996,0.93132,False,-1.2679022053430213,0.8679022053430214,0.0,0.0,0.0
0.2982379908879835,-0.6025189076296062,0.4025189076296059,-0.6695214286468872,0.4695214286468869,text_only_centering__coefficient_1,unresolved,0.031,eurosat_sealed__sigma0.12,primary_shared,1.0,0.0,1.0,1.0,-0.6695214286468872,0.4695214286468869,-0.10000000000000016,practically_equivalent,,1000,3000,1.0,1.0,0.78384,-0.10000000000000016,0.96065,False,-1.0139138619983608,0.8139138619983604,0.0,0.0,0.0
0.2952277456630027,-1.9023509804542982,-0.9643156862123667,-2.0028547619802195,-0.8638119046864455,image_only_centering__coefficient_0.25,,0.029666666666666668,eurosat_sealed__sigma0.12,secondary,,,,,-2.0028547619802195,-0.8638119046864455,-1.4333333333333325,,,1000,3000,1.0,0.96963,0.0,-1.4333333333333325,4e-05,True,-2.3380226668571917,-0.5286439998094733,0.03037,0.0,0.03037
0.40704269282476163,-2.670025210172809,-1.3299747898271927,-2.8040302522073706,-1.1959697477926312,image_only_centering__coefficient_0.5,,0.05533333333333333,eurosat_sealed__sigma0.12,secondary,,,,,-2.8040302522073706,-1.1959697477926312,-2.000000000000001,,,1000,3000,1.0,0.48466,0.0,-2.000000000000001,3e-05,True,-3.247332569167596,-0.7526674308324057,0.51534,0.0,0.51534
0.5199568285070327,-0.7043661065579842,1.0041981793826766,-0.8383711485925461,1.1717044819258786,image_only_centering__coefficient_1,unresolved,0.13166666666666665,eurosat_sealed__sigma0.12,primary_shared,1.0,0.00068,1.0,1.0,-0.8383711485925461,1.1717044819258786,0.1666666666666662,practically_equivalent,,1000,3000,0.99983,1.0,0.76876,0.1666666666666662,0.96065,False,-1.4266774669845104,1.760010800317843,0.00017,0.00017,0.0
0.0814470086075755,-0.0006717087012282907,0.26733837536789495,-0.0006717087012282907,0.3008396358765354,clean_boundary_active__step_0.0025,,0.002,eurosat_sealed__sigma0.12,secondary,,,,,-0.0006717087012282907,0.3008396358765354,0.13333333333333333,,,1000,3000,1.0,1.0,0.12988,0.13333333333333333,0.54835,False,-0.11625106724265039,0.38291773390931705,0.0,0.0,0.0
0.08778368189221586,0.03266162463210506,0.3006717087012283,-0.0008396358765353495,0.3341729692098687,clean_boundary_active__step_0.005,,0.0023333333333333335,eurosat_sealed__sigma0.12,secondary,,,,,-0.0008396358765353495,0.3341729692098687,0.16666666666666669,,,1000,3000,1.0,1.0,0.06696,0.16666666666666669,0.36526,False,-0.1023356945002688,0.4356690278336022,0.0,0.0,0.0
0.13158590407573187,-0.06767422971850914,0.36784215689381605,-0.13467675073578994,0.40134341740245655,clean_boundary_active__step_0.01,,0.005333333333333333,eurosat_sealed__sigma0.12,secondary,,,,,-0.13467675073578994,0.40134341740245655,0.1333333333333333,,,1000,3000,1.0,1.0,0.36586,0.1333333333333333,0.81251,False,-0.2698955826754465,0.5365622493421132,0.0,0.0,0.0
0.19862917614708553,-0.06834593841973735,0.6016792717530707,-0.13534845943701812,0.6686817927703514,clean_boundary_active__step_0.02,,0.012,eurosat_sealed__sigma0.12,secondary,,,,,-0.13534845943701812,0.6686817927703514,0.26666666666666666,,,1000,3000,1.0,1.0,0.20478,0.26666666666666666,0.75154,False,-0.34200816023128283,0.8753414935646162,0.0,0.0,0.0
0.2542144012332211,0.26465154056298146,1.0686817927703514,0.16414775903706036,1.1691855742962725,clean_boundary_active__step_0.04,,0.021333333333333333,eurosat_sealed__sigma0.12,secondary,,,,,0.16414775903706036,1.1691855742962725,0.6666666666666664,,,1000,3000,1.0,1.0,0.00976,0.6666666666666664,0.10128,False,-0.11234228693748982,1.4456756202708227,0.0,0.0,0.0
0.3322420694029171,0.33064649852842,1.4026868348049129,0.23014271700249866,1.5031906163308342,clean_boundary_active__step_0.08,,0.03933333333333333,eurosat_sealed__sigma0.12,secondary,,,,,0.23014271700249866,1.5031906163308342,0.8666666666666665,,,1000,3000,0.99963,1.0,0.00998,0.8666666666666665,0.10128,False,-0.15144853677296854,1.8847818701063015,0.00037,0.00037,0.0
0.3947704776622485,0.6301427170024986,1.9031906163308343,0.49613767496793704,2.0371956583653956,clean_boundary_active__step_0.16,positive,0.054,eurosat_sealed__sigma0.12,primary_shared,0.00544,0.0687,1.0,1.0,0.49613767496793704,2.0371956583653956,1.2666666666666664,inconclusive,,1000,3000,0.96565,1.0,0.00136,1.2666666666666664,0.01976,True,0.056940800525245194,2.4763925328080876,0.03435,0.03435,0.0
0.4922230871170926,1.5626364144592975,3.170696918874037,1.3951301119160955,3.338203221417239,clean_boundary_active__step_0.32,,0.08366666666666667,eurosat_sealed__sigma0.12,secondary,,,,,1.3951301119160955,3.338203221417239,2.366666666666667,,,1000,3000,0.23795,1.0,0.0,2.366666666666667,4e-05,True,0.8583091929171254,3.875024140416209,0.76205,0.76205,0.0
0.06608097509181224,0.032829551807412136,0.23383711485925457,0.032829551807412136,0.26733837536789495,cohen_aligned_noisy_margin__step_0.0025,,0.0013333333333333333,eurosat_sealed__sigma0.12,secondary,,,,,0.032829551807412136,0.26733837536789495,0.13333333333333333,,,1000,3000,1.0,1.0,0.03514,0.13333333333333333,0.32983,False,-0.06916373610762402,0.33583040277429066,0.0,0.0,0.0
0.07407501043435162,-0.0005037815259211903,0.23400504203456163,-0.03400504203456162,0.26750630254320207,cohen_aligned_noisy_margin__step_0.005,,0.0016666666666666668,eurosat_sealed__sigma0.12,secondary,,,,,-0.03400504203456162,0.26750630254320207,0.1,,,1000,3000,1.0,1.0,0.24312,0.1,0.75154,False,-0.12699381343758517,0.32699381343758516,0.0,0.0,0.0
0.11490029528840555,-0.06767422971850906,0.3343408963851757,-0.10117549022714947,0.36784215689381616,cohen_aligned_noisy_margin__step_0.01,,0.004,eurosat_sealed__sigma0.12,secondary,,,,,-0.10117549022714947,0.36784215689381616,0.13333333333333333,,,1000,3000,1.0,1.0,0.30202,0.13333333333333333,0.79407,False,-0.21876457444535588,0.4854312411120225,0.0,0.0,0.0
0.173390468880385,-0.06801008406912329,0.5015113445777635,-0.1350126050864041,0.535012605086404,cohen_aligned_noisy_margin__step_0.02,,0.009333333333333334,eurosat_sealed__sigma0.12,secondary,,,,,-0.1350126050864041,0.535012605086404,0.19999999999999996,,,1000,3000,1.0,1.0,0.28652,0.19999999999999996,0.79407,False,-0.33133389403665015,0.7313338940366501,0.0,0.0,0.0
0.26948579005009304,0.23115028005434107,1.1021830532789916,0.13064649852841992,1.202686834804913,cohen_aligned_noisy_margin__step_0.04,,0.022,eurosat_sealed__sigma0.12,secondary,,,,,0.13064649852841992,1.202686834804913,0.6666666666666664,,,1000,3000,1.0,1.0,0.0143,0.6666666666666664,0.12911,False,-0.15913959096354902,1.492472924296882,0.0,0.0,0.0
0.3756036048355043,1.7969773108444755,3.0365239496641707,1.6629722688099142,3.137027731190092,cohen_aligned_noisy_margin__step_0.08,,0.048,eurosat_sealed__sigma0.12,secondary,,,,,1.6629722688099142,3.137027731190092,2.400000000000003,,,1000,3000,0.15133,1.0,0.0,2.400000000000003,0.0,True,1.2490086723905975,3.5509913276094087,0.84867,0.84867,0.0
0.4938871376016845,2.9293030811259664,4.537363585540707,2.761796778582765,4.704869888083908,cohen_aligned_noisy_margin__step_0.16,positive,0.08333333333333333,eurosat_sealed__sigma0.12,primary_shared,0.0,0.99975,0.00125,1.0,2.761796778582765,4.704869888083908,3.7333333333333365,gain_at_least_sesoi,,1000,3000,0.00025,1.0,0.0,3.7333333333333365,0.0,True,2.219876580312212,5.246790086354461,0.99975,0.99975,0.0
0.6217831980163998,2.5281275908988174,4.6052057424345225,2.360621288355615,4.772712044977725,cohen_aligned_noisy_margin__step_0.32,,0.14633333333333334,eurosat_sealed__sigma0.12,secondary,,,,,2.360621288355615,4.772712044977725,3.56666666666667,,,1000,3000,0.0059,1.0,0.0,3.56666666666667,1e-05,True,1.6612880724342094,5.47204526089913,0.9941,0.9941,0.0
0.45368904240106545,2.39630560214325,3.8703610645234274,2.262300560108688,4.037867367066629,control__learned_shared_translation_tangent,positive,0.084,eurosat_sealed__sigma0.12,positive_control,0.0,,,,2.262300560108688,4.037867367066629,3.1333333333333386,,3.5666666666666713,1000,3000,0.00654,1.0,0.0,3.1333333333333386,0.0,True,1.7430587286374217,4.523607938029255,0.99346,0.99346,0.0
1.2502010983085738,45.78958851513102,49.91024355769379,45.38757338902733,50.27875742328884,control__lowrank_tangent_r8,positive,0.548,eurosat_sealed__sigma0.12,positive_control,0.0,,,,45.38757338902733,50.27875742328884,47.866666666666724,,48.300000000000054,1000,3000,0.0,1.0,0.0,47.866666666666724,0.0,True,44.03557824420305,51.697755089130396,1.0,1.0,0.0
1.216160963037728,31.289924369481632,35.27657437000984,30.921410503886584,35.678589496113524,control__noisy_class_mean,positive,0.4503333333333333,eurosat_sealed__sigma0.12,positive_control,0.0,,,,30.921410503886584,35.678589496113524,33.300000000000054,,33.733333333333384,1000,3000,0.0,1.0,0.0,33.300000000000054,0.0,True,29.573223410498027,37.02677658950208,1.0,1.0,0.0
1.202573234299269,41.323425629990304,45.276574370009875,40.92141050388662,45.645088235604916,control__fewshot_prompt_bank,positive,0.509,eurosat_sealed__sigma0.12,positive_control,0.0,,,,40.92141050388662,45.645088235604916,43.30000000000009,,43.73333333333342,1000,3000,0.0,1.0,0.0,43.30000000000009,0.0,True,39.61486134404964,46.985138655950536,1.0,1.0,0.0
0.20174491603316758,-0.7683459384197373,-0.09832072824692922,-0.8353484594370182,-0.03131820722964851,global_mean_centering__coefficient_0.25,,0.012333333333333333,eurosat_sealed__sigma0.25,secondary,,,,,-0.8353484594370182,-0.03131820722964851,-0.4333333333333333,,,1000,3000,1.0,1.0,0.0356,-0.4333333333333333,0.26598,False,-1.0599240273453927,0.19325736067872606,0.0,0.0,0.0
0.3734612973843978,-1.5030226891555274,-0.29697731084447254,-1.6370277311900887,-0.1629722688099111,global_mean_centering__coefficient_0.5,,0.047,eurosat_sealed__sigma0.25,secondary,,,,,-1.6370277311900887,-0.1629722688099111,-0.8999999999999999,,,1000,3000,1.0,0.99793,0.01604,-0.8999999999999999,0.16946,False,-2.0599170780405798,0.2599170780405802,0.00207,0.0,0.00207
0.3935428802627526,1.3301427170024982,2.603190616330834,1.1961376749679369,2.7371956583653954,global_mean_centering__coefficient_1,,0.10633333333333334,eurosat_sealed__sigma0.25,secondary,,,,,1.1961376749679369,2.7371956583653954,1.9666666666666661,,,1000,3000,0.51921,1.0,2e-05,1.9666666666666661,6e-05,True,0.744379080362372,3.1889542529709605,0.48079,0.48079,0.0
0.0,0.0,0.0,0.0,0.0,chowers_exact_projected_gap__coefficient_0.25,,0.0,eurosat_sealed__sigma0.25,secondary,,,,,0.0,0.0,0.0,,,1000,3000,1.0,1.0,1.0,0.0,1.0,False,0.0,0.0,0.0,0.0,0.0
0.0,0.0,0.0,0.0,0.0,chowers_exact_projected_gap__coefficient_0.5,,0.0,eurosat_sealed__sigma0.25,secondary,,,,,0.0,0.0,0.0,,,1000,3000,1.0,1.0,1.0,0.0,1.0,False,0.0,0.0,0.0,0.0,0.0
0.0,0.0,0.0,0.0,0.0,chowers_exact_projected_gap__coefficient_1,,0.0,eurosat_sealed__sigma0.25,secondary,,,,,0.0,0.0,0.0,,,1000,3000,1.0,1.0,1.0,0.0,1.0,False,0.0,0.0,0.0,0.0,0.0
0.3109435981758515,0.5974810923703933,1.6025189076296056,0.49697731084447183,1.7030226891555267,gr_clip_style_two_sided__coefficient_0.25,,0.04033333333333333,eurosat_sealed__sigma0.25,secondary,,,,,0.49697731084447183,1.7030226891555267,1.0999999999999994,,,1000,3000,0.99808,1.0,0.0005,1.0999999999999994,0.01261,True,0.134253904333419,2.06574609566658,0.00192,0.00192,0.0
0.33818138660611763,0.5971452380197793,1.7026868348049127,0.49664145649385794,1.836691876839474,gr_clip_style_two_sided__coefficient_0.5,,0.06766666666666667,eurosat_sealed__sigma0.25,secondary,,,,,0.49664145649385794,1.836691876839474,1.166666666666666,,,1000,3000,0.99274,1.0,0.0009,1.166666666666666,0.01426,True,0.116323917505887,2.2170094158274454,0.00726,0.00726,0.0
0.4115680625744214,1.1966414564938623,2.5366918768394786,1.062636414459301,2.6706969188740404,gr_clip_style_two_sided__coefficient_1,positive,0.108,eurosat_sealed__sigma0.25,primary_shared,0.00024,0.77366,1.0,1.0,1.062636414459301,2.6706969188740404,1.8666666666666707,inconclusive,,1000,3000,0.61317,1.0,6e-05,1.8666666666666707,0.0003,True,0.588395456504883,3.1449378768284584,0.38683,0.38683,0.0
0.17001709015030278,-0.6680100840691234,-0.13198991593087683,-0.7350126050864041,-0.06498739491359601,text_only_centering__coefficient_0.25,,0.008666666666666666,eurosat_sealed__sigma0.25,secondary,,,,,-0.7350126050864041,-0.06498739491359601,-0.4000000000000001,,,1000,3000,1.0,1.0,0.01924,-0.4000000000000001,0.17242,False,-0.9280486299524644,0.1280486299524642,0.0,0.0,0.0
0.3094190867787733,-0.9691855742962725,0.03585224096293954,-1.0696893558221938,0.13635602248886075,text_only_centering__coefficient_0.5,,0.02666666666666667,eurosat_sealed__sigma0.25,secondary,,,,,-1.0696893558221938,0.13635602248886075,-0.4666666666666665,,,1000,3000,1.0,1.0,0.14458,-0.4666666666666665,0.60387,False,-1.4276778491909128,0.4943445158575798,0.0,0.0,0.0
0.23239368373629724,-0.9351805322617112,-0.19815280107162214,-1.0356843137876321,-0.0976490195457011,text_only_centering__coefficient_1,unresolved,0.01633333333333333,eurosat_sealed__sigma0.25,primary_shared,0.0516,0.0,1.0,1.0,-1.0356843137876321,-0.0976490195457011,-0.5666666666666667,practically_equivalent,,1000,3000,1.0,1.0,0.0172,-0.5666666666666667,0.16946,False,-1.2884480252234582,0.15511469189012483,0.0,0.0,0.0
0.31814858247775174,1.030646498528419,2.1026868348049117,0.930142717002498,2.169689355822193,image_only_centering__coefficient_0.25,,0.051666666666666666,eurosat_sealed__sigma0.25,secondary,,,,,0.930142717002498,2.169689355822193,1.5666666666666655,,,1000,3000,0.90681,1.0,0.0,1.5666666666666655,0.00016,True,0.5785429259875513,2.55479040734578,0.09319,0.09319,0.0
0.3396932363669763,0.530478571353113,1.6695214286468865,0.42997478982719173,1.7700252101728078,image_only_centering__coefficient_0.5,,0.07033333333333333,eurosat_sealed__sigma0.25,secondary,,,,,0.42997478982719173,1.7700252101728078,1.0999999999999999,,,1000,3000,0.99576,1.0,0.00184,1.0999999999999999,0.02075,True,0.04496166291797343,2.1550383370820265,0.00424,0.00424,0.0
0.42269377487585513,1.9964735293185591,3.403526470681456,1.8624684872839976,3.5375315127160176,image_only_centering__coefficient_1,positive,0.11766666666666667,eurosat_sealed__sigma0.25,primary_shared,0.0,0.94741,0.26295,1.0,1.8624684872839976,3.5375315127160176,2.7000000000000077,inconclusive,,1000,3000,0.05259,1.0,0.0,2.7000000000000077,0.0,True,1.3871739275427668,4.012826072457249,0.94741,0.94741,0.0
0.0741755178653918,-0.23400504203456163,0.000503781525921218,-0.26750630254320207,0.03400504203456162,clean_boundary_active__step_0.0025,,0.0016666666666666668,eurosat_sealed__sigma0.25,secondary,,,,,-0.26750630254320207,0.03400504203456162,-0.1,,,1000,3000,1.0,1.0,0.24196,-0.1,0.76777,False,-0.3303784904812107,0.1303784904812107,0.0,0.0,0.0
0.10351421211520265,-0.36750630254320205,-0.032493697456797976,-0.4010075630518425,0.0010075630518423806,clean_boundary_active__step_0.005,,0.0033333333333333335,eurosat_sealed__sigma0.25,secondary,,,,,-0.4010075630518425,0.0010075630518423806,-0.2,,,1000,3000,1.0,1.0,0.064,-0.2,0.36474,False,-0.5215002552962126,0.12150025529621256,0.0,0.0,0.0
0.13020733096542297,-0.6343408963851759,-0.23232577028149096,-0.7013434174024566,-0.19882450977285054,clean_boundary_active__step_0.01,,0.005666666666666667,eurosat_sealed__sigma0.25,secondary,,,,,-0.7013434174024566,-0.19882450977285054,-0.4333333333333334,,,1000,3000,1.0,1.0,0.0006,-0.4333333333333334,0.01729,True,-0.8377385767431309,-0.02892808992353596,0.0,0.0,0.0
0.1946588972366573,-0.8016792717530707,-0.165155322088903,-0.8351805322617113,-0.09815280107162228,clean_boundary_active__step_0.02,,0.012666666666666666,eurosat_sealed__sigma0.25,secondary,,,,,-0.8351805322617113,-0.09815280107162228,-0.4666666666666668,,,1000,3000,1.0,1.0,0.01952,-0.4666666666666668,0.16946,False,-1.071249205416177,0.1379158720828435,0.0,0.0,0.0
0.2462270598678891,-1.5020151261036845,-0.6979848738963148,-1.5690176471209654,-0.5974810923703938,clean_boundary_active__step_0.04,,0.024333333333333332,eurosat_sealed__sigma0.25,secondary,,,,,-1.5690176471209654,-0.5974810923703938,-1.0999999999999996,,,1000,3000,1.0,0.99986,2e-05,-1.0999999999999996,0.00041,True,-1.8647458352893742,-0.33525416471062497,0.00014,0.0,0.00014
0.3210033381319608,-1.8360201681382458,-0.7639798318617529,-1.936523949664167,-0.6634760503358317,clean_boundary_active__step_0.08,,0.04633333333333333,eurosat_sealed__sigma0.25,secondary,,,,,-1.936523949664167,-0.6634760503358317,-1.2999999999999994,,,1000,3000,1.0,0.9843,4e-05,-1.2999999999999994,0.00191,True,-2.29699020116683,-0.3030097988331689,0.0157,0.0,0.0157
0.39577750682351626,-1.1698572829974974,0.10319061633083837,-1.303862325032059,0.2371956583653998,clean_boundary_active__step_0.16,unresolved,0.07266666666666667,eurosat_sealed__sigma0.25,primary_shared,0.37236,0.00044,1.0,1.0,-1.303862325032059,0.2371956583653998,-0.5333333333333296,practically_equivalent,,1000,3000,1.0,0.99989,0.18618,-0.5333333333333296,0.76777,False,-1.7625613483487816,0.6958946816821224,0.00011,0.0,0.00011
0.43643775739352253,-0.870361064523422,0.5701931373481154,-1.0043661065579834,0.704198179382677,clean_boundary_active__step_0.32,,0.09466666666666666,eurosat_sealed__sigma0.25,secondary,,,,,-1.0043661065579834,0.704198179382677,-0.13333333333333328,,,1000,3000,0.99999,0.99999,0.78578,-0.13333333333333328,0.95383,False,-1.488846238815001,1.2221795721483344,1e-05,1e-05,1e-05
0.047064195164025054,-0.06700252101728081,0.06700252101728081,-0.1005037815259212,0.1005037815259212,cohen_aligned_noisy_margin__step_0.0025,,0.0006666666666666666,eurosat_sealed__sigma0.25,secondary,,,,,-0.1005037815259212,0.1005037815259212,0.0,,,1000,3000,1.0,1.0,1.0,0.0,1.0,False,-0.1461746213525262,0.1461746213525262,0.0,0.0,0.0
0.09357809810966934,-0.2341729692098687,0.06733837536789494,-0.26767422971850907,0.10083963587653536,cohen_aligned_noisy_margin__step_0.005,,0.0026666666666666666,eurosat_sealed__sigma0.25,secondary,,,,,-0.26767422971850907,0.10083963587653536,-0.06666666666666668,,,1000,3000,1.0,1.0,0.58956,-0.06666666666666668,0.87662,False,-0.35730678088509116,0.22397344755175783,0.0,0.0,0.0
0.12264193019371097,-0.2676742297185091,0.1343408963851757,-0.30117549022714957,0.16784215689381615,cohen_aligned_noisy_margin__step_0.01,,0.004666666666666667,eurosat_sealed__sigma0.25,secondary,,,,,-0.30117549022714957,0.16784215689381615,-0.0666666666666667,,,1000,3000,1.0,1.0,0.68214,-0.0666666666666667,0.95383,False,-0.4475748633442082,0.3142415300108748,0.0,0.0,0.0
0.1786426872753164,-0.534844677911097,0.06817801124443026,-0.5683459384197375,0.10167927175307076,cohen_aligned_noisy_margin__step_0.02,,0.010333333333333333,eurosat_sealed__sigma0.25,secondary,,,,,-0.5683459384197375,0.10167927175307076,-0.23333333333333336,,,1000,3000,1.0,1.0,0.2203,-0.23333333333333336,0.76777,False,-0.7881718274127437,0.32150516074607693,0.0,0.0,0.0
0.25307118599693784,-0.7353484594370184,0.06868179277035147,-0.8358522409629395,0.16918557429627257,cohen_aligned_noisy_margin__step_0.04,,0.020666666666666667,eurosat_sealed__sigma0.25,secondary,,,,,-0.8358522409629395,0.16918557429627257,-0.3333333333333335,,,1000,3000,1.0,1.0,0.2077,-0.3333333333333335,0.76777,False,-1.1193360400494048,0.4526693733827377,0.0,0.0,0.0
0.3141041867608234,-1.3358522409629385,-0.330814425703726,-1.4363560224888596,-0.23031064417780467,cohen_aligned_noisy_margin__step_0.08,,0.035666666666666666,eurosat_sealed__sigma0.25,secondary,,,,,-1.4363560224888596,-0.23031064417780467,-0.8333333333333321,,,1000,3000,1.0,0.99985,0.0088,-0.8333333333333321,0.11024,False,-1.8088957625853328,0.1422290959186684,0.00015,0.0,0.00015
0.4388167895115233,-1.1036943978567548,0.33685980401478266,-1.2376994398913166,0.5043661065579843,cohen_aligned_noisy_margin__step_0.16,unresolved,0.07566666666666666,eurosat_sealed__sigma0.25,primary_shared,0.42092,0.00044,1.0,1.0,-1.2376994398913166,0.5043661065579843,-0.36666666666666603,practically_equivalent,,1000,3000,1.0,0.99988,0.42092,-0.36666666666666603,0.84592,False,-1.7295685037516957,0.9962351704183636,0.00012,0.0,0.00012
0.5119576335946044,0.8958018206173219,2.5708648460493424,0.7282955180741202,2.7383711485925444,cohen_aligned_noisy_margin__step_0.32,,0.12533333333333332,eurosat_sealed__sigma0.25,secondary,,,,,0.7282955180741202,2.7383711485925444,1.7333333333333323,,,1000,3000,0.69083,1.0,0.0007,1.7333333333333323,0.01536,True,0.14326655372696973,3.323400112939695,0.30917,0.30917,0.0
0.5225934931678886,1.6623005601086824,3.4043661065579833,1.52829551807412,3.538371148592545,control__learned_shared_translation_tangent,positive,0.13533333333333333,eurosat_sealed__sigma0.25,positive_control,0.0,,,,1.52829551807412,3.538371148592545,2.5333333333333328,,0.6666666666666621,1000,3000,0.1624,1.0,0.0,2.5333333333333328,0.00016,True,0.9102331035539641,4.156433563112701,0.8376,0.8376,0.0
1.2505673008695042,33.28975644230632,37.37691022436045,32.854240055694,37.778925350464135,control__lowrank_tangent_r8,positive,0.424,eurosat_sealed__sigma0.25,positive_control,0.0,,,,32.854240055694,37.778925350464135,35.333333333333385,,33.46666666666671,1000,3000,0.0,1.0,0.0,35.333333333333385,0.0,True,31.449251154867063,39.21741551179971,1.0,1.0,0.0
1.164940012218905,23.290428151007497,27.109571848992502,22.921914285412452,27.478085714587547,control__noisy_class_mean,positive,0.3426666666666667,eurosat_sealed__sigma0.25,positive_control,0.0,,,,22.921914285412452,27.478085714587547,25.2,,23.33333333333333,1000,3000,0.0,1.0,0.0,25.2,0.0,True,21.581863865066836,28.818136134933162,1.0,1.0,0.0
1.0846259995918017,26.524433193042114,30.075566806957998,26.155919327447073,30.410579412044402,control__fewshot_prompt_bank,positive,0.3496666666666667,eurosat_sealed__sigma0.25,positive_control,0.0,,,,26.155919327447073,30.410579412044402,28.300000000000058,,26.433333333333387,1000,3000,0.0,1.0,0.0,28.300000000000058,0.0,True,24.93130763743257,31.668692362567544,1.0,1.0,0.0
0.07742472630981509,-0.1779819921594882,0.06687088104837705,-0.21137102032419708,0.10025990921308592,global_mean_centering__coefficient_0.25,,0.005,imagenette__sigma0.12,secondary,,,,,-0.21137102032419708,0.10025990921308592,-0.05555555555555559,,,3000,9000,1.0,1.0,0.51482,-0.05555555555555559,0.98905,False,-0.2913734672733251,0.18026235616221392,0.0,0.0,0.0
0.15360988959922725,-1.3337603270405451,-0.821795228515009,-1.3782790312601572,-0.777276524295397,global_mean_centering__coefficient_0.5,,0.018555555555555554,imagenette__sigma0.12,secondary,,,,,-1.3782790312601572,-0.777276524295397,-1.077777777777777,,,3000,9000,1.0,1.0,0.0,-1.077777777777777,0.0,True,-1.5456381773035912,-0.609917378251963,0.0,0.0,0.0
0.24805852675260848,-8.034020236253646,-7.210424208190827,-8.111927968637968,-7.132516475806507,global_mean_centering__coefficient_1,,0.08888888888888889,imagenette__sigma0.12,secondary,,,,,-8.111927968637968,-7.132516475806507,-7.622222222222237,,,3000,9000,1.0,0.0,0.0,-7.622222222222237,0.0,True,-8.377751451069779,-6.866692993374695,1.0,0.0,1.0
0.0,0.0,0.0,0.0,0.0,chowers_exact_projected_gap__coefficient_0.25,,0.0,imagenette__sigma0.12,secondary,,,,,0.0,0.0,0.0,,,3000,9000,1.0,1.0,1.0,0.0,1.0,False,0.0,0.0,0.0,0.0,0.0
0.0,0.0,0.0,0.0,0.0,chowers_exact_projected_gap__coefficient_0.5,,0.0,imagenette__sigma0.12,secondary,,,,,0.0,0.0,0.0,,,3000,9000,1.0,1.0,1.0,0.0,1.0,False,0.0,0.0,0.0,0.0,0.0
0.0,0.0,0.0,0.0,0.0,chowers_exact_projected_gap__coefficient_1,,0.0,imagenette__sigma0.12,secondary,,,,,0.0,0.0,0.0,,,3000,9000,1.0,1.0,1.0,0.0,1.0,False,0.0,0.0,0.0,0.0,0.0
0.07101574418615686,-0.07796342721569632,0.144630093882363,-0.10022277932550226,0.17801912204707188,gr_clip_style_two_sided__coefficient_0.25,,0.004555555555555556,imagenette__sigma0.12,secondary,,,,,-0.10022277932550226,0.17801912204707188,0.03333333333333334,,,3000,9000,1.0,1.0,0.6954,0.03333333333333334,0.99885,False,-0.18296429264794006,0.24963095931460672,0.0,0.0,0.0
0.10614457480851479,-0.4114081502117808,-0.05525851645488594,-0.4447971783764897,-0.02186948829017707,gr_clip_style_two_sided__coefficient_0.5,,0.009222222222222222,imagenette__sigma0.12,secondary,,,,,-0.4447971783764897,-0.02186948829017707,-0.23333333333333336,,,3000,9000,1.0,1.0,0.02846,-0.23333333333333336,0.27071,False,-0.5566252991499614,0.08995863248329469,0.0,0.0,0.0
0.14525495518502513,-0.8115195398745324,-0.3329434695137049,-0.8560382440941443,-0.288424765294093,gr_clip_style_two_sided__coefficient_1,negative,0.017666666666666667,imagenette__sigma0.12,primary_shared,0.00048,0.0,1.0,1.0,-0.8560382440941443,-0.288424765294093,-0.5666666666666672,practically_equivalent,,3000,9000,1.0,1.0,0.00014,-0.5666666666666672,0.00636,True,-1.009079857270978,-0.12425347606235637,0.0,0.0,0.0
0.07175589730015702,-0.2557597699372659,-0.02203657278430364,-0.27801912204707185,0.00022277932550229806,text_only_centering__coefficient_0.25,,0.004222222222222222,imagenette__sigma0.12,secondary,,,,,-0.27801912204707185,0.00022277932550229806,-0.1333333333333333,,,3000,9000,1.0,1.0,0.06912,-0.1333333333333333,0.46802,False,-0.3518852954939365,0.08521862882726988,0.0,0.0,0.0
0.11373812164203566,-0.6114267151555728,-0.23301772928887207,-0.6448157433202818,-0.19962870112416314,text_only_centering__coefficient_0.5,,0.01,imagenette__sigma0.12,secondary,,,,,-0.6448157433202818,-0.19962870112416314,-0.42222222222222244,,,3000,9000,1.0,1.0,6e-05,-0.42222222222222244,0.00812,True,-0.7686423854786,-0.07580205896584485,0.0,0.0,0.0
0.10539837465751928,-0.4891859279895586,-0.14416597028756667,-0.5225749561542675,-0.11077694212285777,text_only_centering__coefficient_1,negative,0.008888888888888889,imagenette__sigma0.12,primary_shared,0.00636,0.0,1.0,1.0,-0.5225749561542675,-0.11077694212285777,-0.31111111111111117,practically_equivalent,,3000,9000,1.0,1.0,0.00318,-0.31111111111111117,0.06059,False,-0.6321303228643007,0.009908100642078366,0.0,0.0,0.0
0.07010760113247627,-0.11129676054902966,0.11129676054902966,-0.1335561126588356,0.1335561126588356,image_only_centering__coefficient_0.25,,0.004222222222222222,imagenette__sigma0.12,secondary,,,,,-0.1335561126588356,0.1335561126588356,2.710505431213761e-18,,,3000,9000,1.0,1.0,0.97246,2.710505431213761e-18,0.999,False,-0.2135316310767127,0.2135316310767127,0.0,0.0,0.0
0.10732898152863633,-0.3114081502117807,0.044741483545114175,-0.3447971783764896,0.07813051170982308,image_only_centering__coefficient_0.5,,0.009555555555555555,imagenette__sigma0.12,secondary,,,,,-0.3447971783764896,0.07813051170982308,-0.13333333333333328,,,3000,9000,1.0,1.0,0.23068,-0.13333333333333328,0.8563,False,-0.4602327296527947,0.1935660629861282,0.0,0.0,0.0
0.14251153583474996,-0.8670565304862963,-0.39961013618037167,-0.9115752347059081,-0.3550914319607598,image_only_centering__coefficient_1,negative,0.017666666666666667,imagenette__sigma0.12,primary_shared,0.0001,0.0,1.0,1.0,-0.9115752347059081,-0.3550914319607598,-0.633333333333334,practically_equivalent,,3000,9000,1.0,1.0,2e-05,-0.633333333333334,0.00115,True,-1.0673906994745495,-0.19927596719211843,0.0,0.0,0.0
0.011102317724251317,-1.8564943791854124e-05,0.033370463220917045,-1.8564943791854124e-05,0.033370463220917045,clean_boundary_active__step_0.0025,,0.00011111111111111112,imagenette__sigma0.12,secondary,,,,,-1.8564943791854124e-05,0.033370463220917045,0.011111111111111112,,,3000,9000,1.0,1.0,0.73314,0.011111111111111112,0.97374,False,-0.022703995583405245,0.04492621780562747,0.0,0.0,0.0
0.015684904333628413,-0.02225935210980593,0.02225935210980593,-0.033389028164708894,0.033389028164708894,clean_boundary_active__step_0.005,,0.00022222222222222223,imagenette__sigma0.12,secondary,,,,,-0.033389028164708894,0.033389028164708894,0.0,,,3000,9000,1.0,1.0,1.0,0.0,1.0,False,-0.04777261169317628,0.04777261169317628,0.0,0.0,0.0
0.02486683788961775,-0.055629815330722976,0.03340759310850075,-0.055629815330722976,0.03340759310850075,clean_boundary_active__step_0.01,,0.0005555555555555556,imagenette__sigma0.12,secondary,,,,,-0.055629815330722976,0.03340759310850075,-0.011111111111111112,,,3000,9000,1.0,1.0,0.82488,-0.011111111111111112,0.999,False,-0.08684978093461145,0.06462755871238922,0.0,0.0,0.0
0.03837293385001102,-0.06677805632941779,0.06677805632941779,-0.07790773238432075,0.07790773238432075,clean_boundary_active__step_0.02,,0.0013333333333333333,imagenette__sigma0.12,secondary,,,,,-0.07790773238432075,0.07790773238432075,-2.710505431213761e-18,,,3000,9000,1.0,1.0,0.91614,-2.710505431213761e-18,0.999,False,-0.11687513225147259,0.11687513225147259,0.0,0.0,0.0
0.05653711242316639,-0.11125963066144595,0.0668151862170015,-0.1335189827712519,0.08907453832680744,clean_boundary_active__step_0.04,,0.0028888888888888888,imagenette__sigma0.12,secondary,,,,,-0.1335189827712519,0.08907453832680744,-0.022222222222222227,,,3000,9000,1.0,1.0,0.76178,-0.022222222222222227,0.999,False,-0.19442126536554571,0.14997682092110126,0.0,0.0,0.0
0.0834332514707655,-0.2780005571032801,-0.010888331785608857,-0.31138958526798893,0.022500696379100016,clean_boundary_active__step_0.08,,0.006111111111111111,imagenette__sigma0.12,secondary,,,,,-0.31138958526798893,0.022500696379100016,-0.14444444444444446,,,3000,9000,1.0,1.0,0.09362,-0.14444444444444446,0.55931,False,-0.39856294207955,0.10967405319066112,0.0,0.0,0.0
0.13253353124631384,-0.7337046322091706,-0.2996472660679549,-0.7782233364287824,-0.2551285618483431,clean_boundary_active__step_0.16,negative,0.012666666666666666,imagenette__sigma0.12,primary_shared,0.00048,0.0,1.0,1.0,-0.7782233364287824,-0.2551285618483431,-0.5111111111111113,practically_equivalent,,3000,9000,1.0,1.0,0.00012,-0.5111111111111113,0.00677,True,-0.9147777698219921,-0.10744445240023043,0.0,0.0,0.0
0.2090548626794023,-2.3561310688131,-1.666091153409116,-2.422909125142518,-1.6104427731346012,clean_boundary_active__step_0.32,,0.03233333333333333,imagenette__sigma0.12,secondary,,,,,-2.422909125142518,-1.6104427731346012,-2.011111111111108,,,3000,9000,1.0,0.49059,0.0,-2.011111111111108,0.0,True,-2.6478441484903064,-1.3743780737319093,0.50941,0.0,0.50941
0.0,0.0,0.0,0.0,0.0,cohen_aligned_noisy_margin__step_0.0025,,0.0,imagenette__sigma0.12,secondary,,,,,0.0,0.0,0.0,,,3000,9000,1.0,1.0,1.0,0.0,1.0,False,0.0,0.0,0.0,0.0,0.0
0.011102317724251317,-1.8564943791854124e-05,0.033370463220917045,-1.8564943791854124e-05,0.033370463220917045,cohen_aligned_noisy_margin__step_0.005,,0.00011111111111111112,imagenette__sigma0.12,secondary,,,,,-1.8564943791854124e-05,0.033370463220917045,0.011111111111111112,,,3000,9000,1.0,1.0,0.73314,0.011111111111111112,0.97374,False,-0.022703995583405245,0.04492621780562747,0.0,0.0,0.0
0.011102317724251317,-1.8564943791854124e-05,0.033370463220917045,-1.8564943791854124e-05,0.033370463220917045,cohen_aligned_noisy_margin__step_0.01,,0.00011111111111111112,imagenette__sigma0.12,secondary,,,,,-1.8564943791854124e-05,0.033370463220917045,0.011111111111111112,,,3000,9000,1.0,1.0,0.73314,0.011111111111111112,0.97374,False,-0.022703995583405245,0.04492621780562747,0.0,0.0,0.0
0.01918728280118667,-0.04450013927582001,0.02227791705359778,-0.055629815330722976,0.02227791705359778,cohen_aligned_noisy_margin__step_0.02,,0.0003333333333333333,imagenette__sigma0.12,secondary,,,,,-0.055629815330722976,0.02227791705359778,-0.011111111111111112,,,3000,9000,1.0,1.0,0.78934,-0.011111111111111112,0.99885,False,-0.069551162208076,0.047328939985853774,0.0,0.0,0.0
0.03328243860072699,-0.04453726916340371,0.06675949138562594,-0.055666945218306674,0.0778891674405289,cohen_aligned_noisy_margin__step_0.04,,0.001,imagenette__sigma0.12,secondary,,,,,-0.055666945218306674,0.0778891674405289,0.011111111111111112,,,3000,9000,1.0,1.0,0.87556,0.011111111111111112,0.999,False,-0.09025954322342492,0.11248176544564714,0.0,0.0,0.0
0.040082352857969815,-0.055666945218306674,0.0778891674405289,-0.06679662127320965,0.08901884349543188,cohen_aligned_noisy_margin__step_0.08,,0.0014444444444444444,imagenette__sigma0.12,secondary,,,,,-0.06679662127320965,0.08901884349543188,0.01111111111111111,,,3000,9000,1.0,1.0,0.89118,0.01111111111111111,0.999,False,-0.11097051833990537,0.1331927405621276,0.0,0.0,0.0
0.05428861120207589,-0.0668151862170015,0.11125963066144595,-0.08907453832680742,0.13351898277125188,cohen_aligned_noisy_margin__step_0.16,unresolved,0.0026666666666666666,imagenette__sigma0.12,primary_shared,0.76026,0.0,1.0,1.0,-0.08907453832680742,0.13351898277125188,0.02222222222222222,practically_equivalent,,3000,9000,1.0,1.0,0.76026,0.02222222222222222,0.999,False,-0.1431284032679258,0.18757284771237026,0.0,0.0,0.0
0.08961569137441741,-0.3224635664915163,-0.03309198906403918,-0.3558525946562252,0.00029703910066969375,cohen_aligned_noisy_margin__step_0.32,,0.006888888888888889,imagenette__sigma0.12,secondary,,,,,-0.3558525946562252,0.00029703910066969375,-0.17777777777777776,,,3000,9000,1.0,1.0,0.05156,-0.17777777777777776,0.41532,False,-0.45072656564298236,0.09517101008742684,0.0,0.0,0.0
0.10166204060477783,-0.4891673630457668,-0.15527708139867782,-0.5225563912104757,-0.12188805323396895,control__learned_shared_translation_tangent,negative,0.00788888888888889,imagenette__sigma0.12,positive_control,0.0038400000000000005,,,,-0.5225563912104757,-0.12188805323396895,-0.3222222222222223,,0.2444444444444449,3000,9000,1.0,1.0,0.00128,-0.3222222222222223,0.02729,True,-0.6318614196596779,-0.012583024784766694,0.0,0.0,0.0
0.211288986548554,-0.9227977354797704,-0.2327578200757865,-0.9895757918091881,-0.16597976374636864,control__lowrank_tangent_r8,negative,0.03111111111111111,imagenette__sigma0.12,positive_control,0.0124,,,,-0.9895757918091881,-0.16597976374636864,-0.5777777777777784,,-0.011111111111111183,3000,9000,1.0,1.0,0.0062,-0.5777777777777784,0.09109,False,-1.2213154427023687,0.06575988714681191,0.0,0.0,0.0
0.24140408550361864,-1.9784461157542825,-1.188239115856172,-2.0563538481386034,-1.1103313834718513,control__noisy_class_mean,negative,0.04044444444444444,imagenette__sigma0.12,positive_control,0.0,,,,-2.0563538481386034,-1.1103313834718513,-1.577777777777776,,-1.0111111111111089,3000,9000,1.0,0.95719,0.0,-1.577777777777776,1e-05,True,-2.313039108838943,-0.8425164467166086,0.04281,0.0,0.04281
0.18845562472810662,-0.4560753739817275,0.16718648509283854,-0.5117237542562423,0.2228348653673534,control__fewshot_prompt_bank,unresolved,0.024777777777777777,imagenette__sigma0.12,positive_control,0.45896,,,,-0.5117237542562423,0.2228348653673534,-0.14444444444444446,,0.4222222222222227,3000,9000,1.0,1.0,0.45896,-0.14444444444444446,0.98905,False,-0.7184369400332337,0.4295480511443447,0.0,0.0,0.0
0.1577029335484494,-1.822667780873224,-1.2995730062927846,-1.8671864850928357,-1.2550543020731726,global_mean_centering__coefficient_0.25,,0.021111111111111112,imagenette__sigma0.25,secondary,,,,,-1.8671864850928357,-1.2550543020731726,-1.5555555555555527,,,3000,9000,1.0,0.99694,0.0,-1.5555555555555527,0.0,True,-2.042509041712619,-1.0686020693984863,0.00306,0.0,0.00306
0.26923866678748865,-5.611853708862766,-4.721479624470529,-5.70089111730199,-4.643571892086208,global_mean_centering__coefficient_0.5,,0.06677777777777778,imagenette__sigma0.25,secondary,,,,,-5.70089111730199,-4.643571892086208,-5.166666666666647,,,3000,9000,1.0,0.0,0.0,-5.166666666666647,0.0,True,-5.998019035645693,-4.335314297687602,1.0,0.0,1.0
0.3412156603766039,-15.27872458991137,-14.15462730836617,-15.3900213504604,-14.04333054781714,global_mean_centering__coefficient_1,,0.1691111111111111,imagenette__sigma0.25,secondary,,,,,-15.3900213504604,-14.04333054781714,-14.711111111111318,,,3000,9000,1.0,0.0,0.0,-14.711111111111318,0.0,True,-15.764713296011235,-13.657508926211401,1.0,0.0,1.0
0.0,0.0,0.0,0.0,0.0,chowers_exact_projected_gap__coefficient_0.25,,0.0,imagenette__sigma0.25,secondary,,,,,0.0,0.0,0.0,,,3000,9000,1.0,1.0,1.0,0.0,1.0,False,0.0,0.0,0.0,0.0,0.0
0.0,0.0,0.0,0.0,0.0,chowers_exact_projected_gap__coefficient_0.5,,0.0,imagenette__sigma0.25,secondary,,,,,0.0,0.0,0.0,,,3000,9000,1.0,1.0,1.0,0.0,1.0,False,0.0,0.0,0.0,0.0,0.0
0.0,0.0,0.0,0.0,0.0,chowers_exact_projected_gap__coefficient_1,,0.0,imagenette__sigma0.25,secondary,,,,,0.0,0.0,0.0,,,3000,9000,1.0,1.0,1.0,0.0,1.0,False,0.0,0.0,0.0,0.0,0.0
0.1333592153847821,-0.9892601877647269,-0.5440731455686083,-1.0337788919843387,-0.5106841174038994,gr_clip_style_two_sided__coefficient_0.25,,0.015666666666666666,imagenette__sigma0.25,secondary,,,,,-1.0337788919843387,-0.5106841174038994,-0.7666666666666676,,,3000,9000,1.0,1.0,0.0,-0.7666666666666676,3e-05,True,-1.1784518718089674,-0.3548814615243678,0.0,0.0,0.0
0.1874023415747552,-1.6449642628706143,-1.0217024037960483,-1.7006126431451292,-0.9660540235215334,gr_clip_style_two_sided__coefficient_0.5,,0.03133333333333333,imagenette__sigma0.25,secondary,,,,,-1.7006126431451292,-0.9660540235215334,-1.3333333333333313,,,3000,9000,1.0,0.9997,0.0,-1.3333333333333313,0.0,True,-1.9119923442374542,-0.7546743224292083,0.0003,0.0,0.0003
0.2384663237793167,-2.0673164396993786,-1.2882391158561712,-2.1452241720836995,-1.2103313834718505,gr_clip_style_two_sided__coefficient_1,negative,0.053,imagenette__sigma0.25,primary_shared,0.0,0.18506,1.0,1.0,-2.1452241720836995,-1.2103313834718505,-1.677777777777775,inconclusive,,3000,9000,1.0,0.90747,0.0,-1.677777777777775,0.0,True,-2.414111624476467,-0.9414439310790826,0.09253,0.0,0.09253
0.13593013957170774,-1.3225935210980588,-0.8774064789019401,-1.3671122253176706,-0.8328877746823283,text_only_centering__coefficient_0.25,,0.016555555555555556,imagenette__sigma0.25,secondary,,,,,-1.3671122253176706,-0.8328877746823283,-1.0999999999999994,,,3000,9000,1.0,1.0,0.0,-1.0999999999999994,0.0,True,-1.5197236782404193,-0.6802763217595796,0.0,0.0,0.0
0.20104098519330602,-2.8561125038693045,-2.1994616166300296,-2.9228905601987223,-2.132683560300612,text_only_centering__coefficient_0.5,,0.034555555555555555,imagenette__sigma0.25,secondary,,,,,-2.9228905601987223,-2.132683560300612,-2.5222222222222155,,,3000,9000,1.0,0.00413,0.0,-2.5222222222222155,0.0,True,-3.1429944957465725,-1.9014499486978584,0.99587,0.0,0.99587
0.16107736228652236,-1.7782233364287794,-1.2439988857934372,-1.833871716703294,-1.1994801815738252,text_only_centering__coefficient_1,negative,0.02288888888888889,imagenette__sigma0.25,primary_shared,0.0,0.00447,1.0,1.0,-1.833871716703294,-1.1994801815738252,-1.5111111111111082,practically_equivalent,,3000,9000,1.0,0.99851,0.0,-1.5111111111111082,0.0,True,-2.008484123403929,-1.0137380988182874,0.00149,0.0,0.00149
0.12845860564210865,-0.14479717837648964,0.27813051170982306,-0.18931588259610144,0.32264921592943485,image_only_centering__coefficient_0.25,,0.015333333333333332,imagenette__sigma0.25,secondary,,,,,-0.18931588259610144,0.32264921592943485,0.0666666666666667,,,3000,9000,1.0,1.0,0.63416,0.0666666666666667,0.96143,False,-0.32998648642818673,0.46331981976152015,0.0,0.0,0.0
0.1792490823215196,-0.28939014237126887,0.3116123645934912,-0.3450385226457837,0.3672607448680059,image_only_centering__coefficient_0.5,,0.029444444444444443,imagenette__sigma0.25,secondary,,,,,-0.3450385226457837,0.3672607448680059,0.011111111111111146,,,3000,9000,1.0,1.0,0.97714,0.011111111111111146,0.99771,False,-0.5423723502482363,0.5645945724704586,0.0,0.0,0.0
0.24745166659189644,-1.3451313473647437,-0.5215353193019245,-1.4230390797490646,-0.4436275869176037,image_only_centering__coefficient_1,negative,0.058666666666666666,imagenette__sigma0.25,primary_shared,0.00012,0.0,1.0,1.0,-1.4230390797490646,-0.4436275869176037,-0.9333333333333341,practically_equivalent,,3000,9000,1.0,1.0,6e-05,-0.9333333333333341,0.00416,True,-1.6974120285801848,-0.16925463808648333,0.0,0.0,0.0
0.024795431107623625,-0.055629815330722976,0.03340759310850075,-0.055629815330722976,0.03340759310850075,clean_boundary_active__step_0.0025,,0.0005555555555555556,imagenette__sigma0.25,secondary,,,,,-0.055629815330722976,0.03340759310850075,-0.011111111111111112,,,3000,9000,1.0,1.0,0.8303,-0.011111111111111112,0.97651,False,-0.08767418667948827,0.06545196445726605,0.0,0.0,0.0
0.04423934223216212,-0.10012995460654298,0.044555834107195574,-0.11125963066144595,0.06681518621700148,clean_boundary_active__step_0.005,,0.0015555555555555555,imagenette__sigma0.25,secondary,,,,,-0.11125963066144595,0.06681518621700148,-0.022222222222222227,,,3000,9000,1.0,1.0,0.7178,-0.022222222222222227,0.96143,False,-0.15882400533761748,0.11437956089317303,0.0,0.0,0.0
0.05504464433132164,-0.21125963066144593,-0.03318481378299849,-0.23351898277125188,-0.022055137728095517,clean_boundary_active__step_0.01,,0.0025555555555555557,imagenette__sigma0.25,secondary,,,,,-0.23351898277125188,-0.022055137728095517,-0.12222222222222222,,,3000,9000,1.0,1.0,0.0275,-0.12222222222222222,0.20521,False,-0.292188505336278,0.04774406089183354,0.0,0.0,0.0
0.07380777928699667,-0.33353754771504374,-0.08868467450717853,-0.35579689982484974,-0.06642532239737259,clean_boundary_active__step_0.02,,0.0047777777777777775,imagenette__sigma0.25,secondary,,,,,-0.35579689982484974,-0.06642532239737259,-0.21111111111111114,,,3000,9000,1.0,1.0,0.00402,-0.21111111111111114,0.04951,True,-0.4390140081632613,0.016791785941039,0.0,0.0,0.0
0.10581203003620049,-0.7669637057673369,-0.42194374806534496,-0.8003527339320458,-0.38855471990063606,clean_boundary_active__step_0.04,,0.009888888888888888,imagenette__sigma0.25,secondary,,,,,-0.8003527339320458,-0.38855471990063606,-0.5888888888888895,,,3000,9000,1.0,1.0,0.0,-0.5888888888888895,8e-05,True,-0.9156141801952455,-0.26216359758253344,0.0,0.0,0.0
0.1520887064444857,-1.4670936603738776,-0.9662582379032443,-1.5116123645934896,-0.9106098576287294,clean_boundary_active__step_0.08,,0.02033333333333333,imagenette__sigma0.25,secondary,,,,,-1.5116123645934896,-0.9106098576287294,-1.2111111111111095,,,3000,9000,1.0,1.0,0.0,-1.2111111111111095,0.0,True,-1.6807290449177008,-0.7414931773045181,0.0,0.0,0.0
0.22581334641967166,-3.033945976478458,-2.2993873568548624,-3.111853708862779,-2.221479624470542,clean_boundary_active__step_0.16,negative,0.042888888888888886,imagenette__sigma0.25,primary_shared,0.0,0.99859,1.0,0.00705,-3.111853708862779,-2.221479624470542,-2.6666666666666603,loss_at_least_sesoi,,3000,9000,1.0,0.00141,0.0,-2.6666666666666603,0.0,True,-3.3639307808187944,-1.9694025525145264,0.99859,0.0,0.99859
0.3141222961084273,-8.68976144124716,-7.654701568141185,-8.789928525741287,-7.554534483647058,clean_boundary_active__step_0.32,,0.10344444444444445,imagenette__sigma0.25,secondary,,,,,-8.789928525741287,-7.554534483647058,-8.166666666666721,,,3000,9000,1.0,0.0,0.0,-8.166666666666721,0.0,True,-9.136610241766215,-7.196723091567227,1.0,0.0,1.0
0.015676928633844317,-3.712988758370825e-05,0.05561125038693111,-3.712988758370825e-05,0.05561125038693113,cohen_aligned_noisy_margin__step_0.0025,,0.00022222222222222223,imagenette__sigma0.25,secondary,,,,,-3.712988758370825e-05,0.05561125038693113,0.022222222222222223,,,3000,9000,1.0,1.0,0.27054,0.022222222222222223,0.66942,False,-0.026184835774202,0.07062928021864645,0.0,0.0,0.0
0.019180986047416863,0.011073981223527408,0.06672236149804223,-5.56948313755537e-05,0.0778520375529452,cohen_aligned_noisy_margin__step_0.005,,0.0003333333333333333,imagenette__sigma0.25,secondary,,,,,-5.56948313755537e-05,0.0778520375529452,0.03333333333333334,,,3000,9000,1.0,1.0,0.09972,0.03333333333333334,0.46212,False,-0.025893516881537168,0.09256018354820385,0.0,0.0,0.0
0.027057911716565707,0.022147962447054803,0.11118537088627853,0.022147962447054803,0.1223150469411815,cohen_aligned_noisy_margin__step_0.01,,0.0006666666666666666,imagenette__sigma0.25,secondary,,,,,0.022147962447054803,0.1223150469411815,0.06666666666666667,,,3000,9000,1.0,1.0,0.005,0.06666666666666667,0.1254,False,-0.01688247311178835,0.15021580644512167,0.0,0.0,0.0
0.044350645998589656,-0.07790773238432075,0.0667780563294178,-0.08903740843922373,0.08903740843922373,cohen_aligned_noisy_margin__step_0.02,,0.0015555555555555555,imagenette__sigma0.25,secondary,,,,,-0.08903740843922373,0.08903740843922373,-2.710505431213761e-18,,,3000,9000,1.0,1.0,0.95892,-2.710505431213761e-18,0.99771,False,-0.13694546573349728,0.13694546573349728,0.0,0.0,0.0
0.055397282925617915,-0.1668151862170015,0.011259630661445946,-0.18907453832680743,0.03351898277125187,cohen_aligned_noisy_margin__step_0.04,,0.0025555555555555557,imagenette__sigma0.25,secondary,,,,,-0.18907453832680743,0.03351898277125187,-0.07777777777777778,,,3000,9000,1.0,1.0,0.18586,-0.07777777777777778,0.66942,False,-0.24883293469387566,0.0932773791383201,0.0,0.0,0.0
0.07407875193648675,-0.2668708810483771,-0.02201800784051182,-0.289130233158183,0.00024134426929411923,cohen_aligned_noisy_margin__step_0.08,,0.0047777777777777775,imagenette__sigma0.25,secondary,,,,,-0.289130233158183,0.00024134426929411923,-0.14444444444444443,,,3000,9000,1.0,1.0,0.05614,-0.14444444444444443,0.30987,False,-0.37318404803941785,0.08429515915052899,0.0,0.0,0.0
0.10059150409904732,-0.40027847415687784,-0.06638819250978889,-0.4336675023215867,-0.04412884039998294,cohen_aligned_noisy_margin__step_0.16,negative,0.009,imagenette__sigma0.25,primary_shared,0.02164,0.0,1.0,1.0,-0.4336675023215867,-0.04412884039998294,-0.23333333333333336,practically_equivalent,,3000,9000,1.0,1.0,0.02164,-0.23333333333333336,0.16302,False,-0.5439387386777131,0.07727207201104644,0.0,0.0,0.0
0.14517105294974073,-0.7226306509856434,-0.24405458062481591,-0.7671493552052553,-0.19953587640520398,cohen_aligned_noisy_margin__step_0.32,,0.019,imagenette__sigma0.25,secondary,,,,,-0.7671493552052553,-0.19953587640520398,-0.4777777777777782,,,3000,9000,1.0,1.0,0.0011,-0.4777777777777782,0.01657,True,-0.9260354527134858,-0.029520102842070683,0.0,0.0,0.0
0.18422207182122097,-1.3338345868157138,-0.7328320798509536,-1.4006126431451316,-0.6771836995764388,control__learned_shared_translation_tangent,negative,0.028777777777777777,imagenette__sigma0.25,positive_control,0.0,,,,-1.4006126431451316,-0.6771836995764388,-1.0333333333333337,,0.6444444444444413,3000,9000,1.0,1.0,0.0,-1.0333333333333337,8e-05,True,-1.6021723402048265,-0.46449432646184075,0.0,0.0,0.0
0.3820680147056506,2.0878492520365417,3.345502646240577,1.965422815432609,3.4679290828445093,control__lowrank_tangent_r8,positive,0.1,imagenette__sigma0.25,positive_control,0.0,,,,1.965422815432609,3.4679290828445093,2.7111111111111077,,4.388888888888882,3000,9000,0.03174,1.0,0.0,2.7111111111111077,0.0,True,1.5313654492913935,3.890856772930822,0.96826,0.96826,0.0
0.42949188930622545,-1.301188156402679,0.11228070256999778,-1.4347442690615144,0.24583681522883327,control__noisy_class_mean,unresolved,0.12077777777777778,imagenette__sigma0.25,positive_control,0.17436,,,,-1.4347442690615144,0.24583681522883327,-0.5888888888888892,,1.0888888888888857,3000,9000,1.0,0.99946,0.17436,-0.5888888888888892,0.66942,False,-1.915069499914737,0.7372917221369586,0.00054,0.0,0.00054
0.3637622396152877,2.4878863819241235,3.689891395853644,2.376589621375094,3.8011881564026737,control__fewshot_prompt_bank,positive,0.09177777777777778,imagenette__sigma0.25,positive_control,0.0,,,,2.376589621375094,3.8011881564026737,3.0888888888888837,,4.766666666666659,3000,9000,0.00126,1.0,0.0,3.0888888888888837,0.0,True,1.9656676099483303,4.212110167829437,0.99874,0.99874,0.0
0.09916843739771955,-0.3164726373421025,0.011015019612750948,-0.34606528241092754,0.04064904787135723,global_mean_centering__coefficient_0.25,,0.02095238095238095,pooled__sigma0.12,secondary,,,,,-0.4681486625112168,-0.023204941048875743,-0.2444444444444445,,,7000,21000,1.0,1.0,0.12458,-0.1523809523809524,0.5348,False,-0.4583567054845302,0.15359480072262544,0.0,0.0,0.0
0.1526600670096293,-1.6415643872619354,-1.1398297760056624,-1.689904326605414,-1.091492867756117,global_mean_centering__coefficient_0.5,,0.05104761904761905,pooled__sigma0.12,secondary,,,,,-1.8662237075323589,-1.1560202539033932,-1.5111111111111084,,,7000,21000,1.0,0.99996,0.0,-1.3904761904761915,0.0,True,-1.8614958031456972,-0.9194565778066859,4e-05,0.0,4e-05
0.2043636002509814,-5.935930836520362,-5.2633719349650985,-6.000013168487677,-5.201462539373621,global_mean_centering__coefficient_1,,0.11152380952380953,pooled__sigma0.12,secondary,,,,,-5.403691727081261,-4.492023182009463,-4.948148148148124,,,7000,21000,1.0,0.0,0.0,-5.5999999999999375,0.0,True,-6.230546453434228,-4.969453546565647,1.0,0.0,1.0
0.0,0.0,0.0,0.0,0.0,chowers_exact_projected_gap__coefficient_0.25,,0.0,pooled__sigma0.12,secondary,,,,,0.0,0.0,0.0,,,7000,21000,1.0,1.0,1.0,0.0,1.0,False,0.0,0.0,0.0,0.0,0.0
0.0,0.0,0.0,0.0,0.0,chowers_exact_projected_gap__coefficient_0.5,,0.0,pooled__sigma0.12,secondary,,,,,0.0,0.0,0.0,,,7000,21000,1.0,1.0,1.0,0.0,1.0,False,0.0,0.0,0.0,0.0,0.0
0.0,0.0,0.0,0.0,0.0,chowers_exact_projected_gap__coefficient_1,,0.0,pooled__sigma0.12,secondary,,,,,0.0,0.0,0.0,,,7000,21000,1.0,1.0,1.0,0.0,1.0,False,0.0,0.0,0.0,0.0,0.0
0.09281295668707218,-0.030088109041186736,0.2774521411353576,-0.05877400922708091,0.30669617194697596,gr_clip_style_two_sided__coefficient_0.25,,0.018857142857142857,pooled__sigma0.12,secondary,,,,,-0.4651210049094438,-0.00967803184963606,-0.2370370370370369,,,7000,21000,1.0,1.0,0.18686,0.12380952380952383,0.64843,False,-0.16255693577482078,0.4101759833938684,0.0,0.0,0.0
0.12546302846806076,-0.29764612550195824,0.11623852946198368,-0.33668380929858255,0.15535486367159246,gr_clip_style_two_sided__coefficient_0.5,,0.033857142857142856,pooled__sigma0.12,secondary,,,,,-0.8181499512380209,-0.2252776813566459,-0.5222222222222226,,,7000,21000,1.0,1.0,0.47192,-0.09047619047619049,0.81903,False,-0.4775816610223392,0.2966292800699582,0.0,0.0,0.0
0.16123495601990878,-0.446264794438112,0.08440141572313126,-0.49790408792577767,0.13400299991861464,gr_clip_style_two_sided__coefficient_1,unresolved,0.06542857142857143,pooled__sigma0.12,primary_shared,0.52344,0.0,1.0,1.0,-0.6372573062568521,0.16323429198327682,-0.23703703703703716,practically_equivalent,,7000,21000,1.0,1.0,0.26172,-0.18095238095238103,0.75573,False,-0.678429082102341,0.3165243201975789,0.0,0.0,0.0
0.08480268649174452,-0.3923455664071112,-0.11269410345785014,-0.4200766221341037,-0.08805288550652715,text_only_centering__coefficient_0.25,,0.015571428571428571,pooled__sigma0.12,secondary,,,,,-0.3728828430210598,0.027085154651597,-0.17407407407407405,,,7000,21000,1.0,1.0,0.00248,-0.25238095238095243,0.04728,True,-0.5140324066683104,0.009270501906405548,0.0,0.0,0.0
0.12202830314248025,-0.8782233021810468,-0.47443389975599193,-0.9174947674713351,-0.4388320675726323,text_only_centering__coefficient_0.5,,0.03333333333333333,pooled__sigma0.12,secondary,,,,,-0.8554601282083218,-0.28597018698470267,-0.5703703703703712,,,7000,21000,1.0,1.0,0.0,-0.6761904761904745,1e-05,True,-1.0526983947757753,-0.29968255760517365,0.0,0.0,0.0
0.12933652409757224,-0.8894016647147573,-0.4634654842651214,-0.9311914043826119,-0.42384020387840354,text_only_centering__coefficient_1,negative,0.03571428571428571,pooled__sigma0.12,primary_shared,0.0,0.0,1.0,1.0,-0.8181678055792724,-0.2788928867319279,-0.5481481481481486,practically_equivalent,,7000,21000,1.0,1.0,0.0,-0.6761904761904747,3e-05,True,-1.0752472870368632,-0.277133665344086,0.0,0.0,0.0
0.08765068535681503,0.0458632644333771,0.33508240013281454,0.017641896140877272,0.36394466543060106,image_only_centering__coefficient_0.25,,0.017238095238095236,pooled__sigma0.12,secondary,,,,,-0.3952606157893943,0.053716045703853854,-0.1703703703703701,,,7000,21000,1.0,1.0,0.0293,0.19047619047619052,0.25186,False,-0.0799625213342765,0.46091490228665755,0.0,0.0,0.0
0.12161731595194632,0.007620333941804114,0.4085014645423046,-0.027361835267481704,0.44710105131597044,image_only_centering__coefficient_0.5,,0.03247619047619048,pooled__sigma0.12,secondary,,,,,-0.5917543482191008,0.028515351946857947,-0.28148148148148144,,,7000,21000,1.0,1.0,0.08608,0.20952380952381,0.45291,False,-0.16571604314818805,0.5847636621958081,0.0,0.0,0.0
0.1584821292490649,0.04352884031433629,0.5654461553895489,-0.004223071764727027,0.6149608572388922,image_only_centering__coefficient_1,unresolved,0.06352380952380952,pooled__sigma0.12,primary_shared,0.15816000000000002,0.0,1.0,1.0,-0.12536005991730265,0.6734905139490887,0.274074074074074,practically_equivalent,,7000,21000,1.0,1.0,0.05272,0.30476190476190435,0.36549,False,-0.18422118424214096,0.7937449937659496,0.0,0.0,0.0
0.01705657375354767,0.014084360325108219,0.07172872496073018,0.009257082776949789,0.07664548527464049,clean_boundary_active__step_0.0025,,0.000619047619047619,pooled__sigma0.12,secondary,,,,,0.010683732577781338,0.12256541660859036,0.06296296296296296,,,7000,21000,1.0,1.0,0.00978,0.042857142857142864,0.14804,False,-0.009769460289560349,0.09548374600384607,0.0,0.0,0.0
0.021673365280638655,0.028091069489473285,0.09595483623332578,0.018716879915824228,0.10530627622879518,clean_boundary_active__step_0.005,,0.001,pooled__sigma0.12,secondary,,,,,0.02544875998209107,0.152187706202466,0.08518518518518518,,,7000,21000,1.0,1.0,0.00352,0.06190476190476192,0.06979,False,-0.004966557620384143,0.12877608142990798,0.0,0.0,0.0
0.03125699424752098,0.013897679155173787,0.11949307055993102,0.004293824054438955,0.1291957252322185,clean_boundary_active__step_0.01,,0.0020952380952380953,pooled__sigma0.12,secondary,,,,,-0.011699076783993984,0.17806657786901398,0.08148148148148146,,,7000,21000,1.0,1.0,0.03562,0.06666666666666668,0.26976,False,-0.02977412241507557,0.16310745574840893,0.0,0.0,0.0
0.04478165591132048,0.032291209191178866,0.17714983395306827,0.017878710153887215,0.1915489002179811,clean_boundary_active__step_0.02,,0.004285714285714286,pooled__sigma0.12,secondary,,,,,-0.0008160343393029679,0.27920035414355787,0.14074074074074072,,,7000,21000,1.0,1.0,0.02148,0.10476190476190479,0.20068,False,-0.03340807403627542,0.242931883560085,0.0,0.0,0.0
0.0609922261143123,0.05624387733072528,0.25805787014697934,0.03707494989942549,0.2773897299177927,clean_boundary_active__step_0.04,,0.008238095238095239,pooled__sigma0.12,secondary,,,,,0.08760489096520241,0.45292705665545074,0.2703703703703704,,,7000,21000,1.0,1.0,0.01038,0.1571428571428572,0.13375,False,-0.031043453022997686,0.3453291673087121,0.0,0.0,0.0
0.08318792238786869,0.07561112620328506,0.3493615184153651,0.050637327186745545,0.3775187539399041,clean_boundary_active__step_0.08,,0.015952380952380954,pooled__sigma0.12,secondary,,,,,0.11964976830530943,0.5978247846127709,0.3592592592592595,,,7000,21000,1.0,1.0,0.01008,0.21428571428571433,0.13375,False,-0.042383523121624606,0.47095495169305324,0.0,0.0,0.0
0.11145216655602434,-0.10715030216192482,0.25861107688756746,-0.14472571086950542,0.29294563270537705,clean_boundary_active__step_0.16,unresolved,0.026095238095238095,pooled__sigma0.12,primary_shared,0.52344,0.0,1.0,1.0,0.04523262051370419,0.6376893267034905,0.3407407407407406,practically_equivalent,,7000,21000,1.0,1.0,0.5039,0.07619047619047618,0.81903,False,-0.2676856752531396,0.42006662763409197,0.0,0.0,0.0
0.15146813511800963,-0.8738321593394002,-0.3767779264837622,-0.9219409176088262,-0.32699502149870624,clean_boundary_active__step_0.32,,0.048523809523809525,pooled__sigma0.12,secondary,,,,,-0.33990177435490554,0.4210344235130735,0.04074074074074125,,,7000,21000,1.0,1.0,4e-05,-0.6238095238095227,0.00123,True,-1.0911515323162861,-0.15646751530275932,0.0,0.0,0.0
0.01156703223466488,0.009370434756148328,0.047829838768480265,0.009313018374376883,0.05261573312685747,cohen_aligned_noisy_margin__step_0.0025,,0.00028571428571428574,pooled__sigma0.12,secondary,,,,,0.014583571878651384,0.10028721866126578,0.05185185185185185,,,7000,21000,1.0,1.0,0.00462,0.028571428571428574,0.15802,False,-0.007117662555223933,0.06426051969808108,0.0,0.0,0.0
0.016398303582161006,0.004338841678695134,0.05736956110125424,-0.0004884358694632988,0.062244938225383316,cohen_aligned_noisy_margin__step_0.005,,0.0005714285714285715,pooled__sigma0.12,secondary,,,,,-0.0041248939224361875,0.1002798786255118,0.044444444444444446,,,7000,21000,1.0,1.0,0.0971,0.028571428571428574,0.45291,False,-0.022024138121328377,0.07916699526418552,0.0,0.0,0.0
0.02273719409386317,-0.014576430629046462,0.06222754463207452,-0.019566640516718435,0.06722707132554728,cohen_aligned_noisy_margin__step_0.01,,0.0010952380952380953,pooled__sigma0.12,secondary,,,,,-0.030078587151605204,0.12987395979752814,0.04814814814814815,,,7000,21000,1.0,1.0,0.3346,0.023809523809523808,0.75573,False,-0.04634414875900239,0.09396319637805,0.0,0.0,0.0
0.033392814008581045,-0.015024964093072884,0.09143838942444543,-0.028868500151872853,0.1052125918760618,cohen_aligned_noisy_margin__step_0.02,,0.002380952380952381,pooled__sigma0.12,secondary,,,,,-0.04493973421345496,0.1932789813653289,0.07407407407407407,,,7000,21000,1.0,1.0,0.2788,0.0380952380952381,0.75573,False,-0.06493544064325986,0.14112591683373604,0.0,0.0,0.0
0.04927713044799237,0.01370304158075715,0.17681193166560322,-0.0008749902156594408,0.1913578970780394,cohen_aligned_noisy_margin__step_0.04,,0.005142857142857143,pooled__sigma0.12,secondary,,,,,0.03985865748945433,0.4046055036199388,0.22222222222222227,,,7000,21000,1.0,1.0,0.05632,0.09523809523809526,0.36549,False,-0.05680228671466536,0.24727847719085588,0.0,0.0,0.0
0.06837246015177519,0.2410422217393051,0.4631682687830651,0.21793261248420956,0.48666375951857055,cohen_aligned_noisy_margin__step_0.08,,0.010666666666666666,pooled__sigma0.12,secondary,,,,,0.5541580247516947,1.0611138096331945,0.8074074074074082,,,7000,21000,1.0,1.0,0.0,0.3523809523809525,3e-05,True,0.14142355973210097,0.5633383450298041,0.0,0.0,0.0
0.09319964853663647,0.34154066195010085,0.6487953457647546,0.3125930298531405,0.6777269446697248,cohen_aligned_noisy_margin__step_0.16,positive,0.019904761904761904,pooled__sigma0.12,primary_shared,0.0,0.0,1.0,1.0,0.8788821029425049,1.5506115325810697,1.214814814814814,practically_equivalent,,7000,21000,1.0,1.0,0.0,0.49523809523809476,3e-05,True,0.20767853094226896,0.7827976595339206,0.0,0.0,0.0
0.12554650288464966,0.07441922696532322,0.487795366426478,0.035902406571219875,0.5267596006493409,cohen_aligned_noisy_margin__step_0.32,,0.03823809523809524,pooled__sigma0.12,secondary,,,,,0.5834892222218251,1.4390580705615952,1.011111111111114,,,7000,21000,1.0,1.0,0.02418,0.28095238095238223,0.24264,False,-0.10641064278458906,0.6683154046893536,0.0,0.0,0.0
0.1330892871678466,-0.2753509719410008,0.16075802658786148,-0.31808472371498975,0.20288294774054413,control__learned_shared_translation_tangent,unresolved,0.04076190476190476,pooled__sigma0.12,positive_control,0.67558,,,,0.3071616629168616,0.9953362967696441,0.651851851851853,,0.12380952380952417,7000,21000,1.0,1.0,0.67558,-0.057142857142856864,0.81903,False,-0.46777849827817475,0.353492783992461,0.0,0.0,0.0
0.2734898534830604,9.4449733739052,10.34277242540504,9.35806718455746,10.428277626850543,control__lowrank_tangent_r8,positive,0.16123809523809524,pooled__sigma0.12,positive_control,0.0,,,,17.45231343297897,19.207142242771198,18.33333333333334,,10.076190476190348,7000,21000,0.0,1.0,0.0,9.895238095237968,0.0,True,9.051408484914887,10.739067705561048,1.0,1.0,0.0
0.3085337324945398,5.575911268491411,6.587402222925662,5.47628495139683,6.681044948065042,control__noisy_class_mean,positive,0.1748095238095238,pooled__sigma0.12,positive_control,0.0,,,,11.246089909706384,13.009347080902932,12.129629629629633,,6.261904761904764,7000,21000,0.0,1.0,0.0,6.080952380952382,0.0,True,5.128997871683836,7.032906890220929,1.0,1.0,0.0
0.2521422922988262,8.93330821285745,9.762314248313869,8.85299905237588,9.843088371363155,control__fewshot_prompt_bank,positive,0.14661904761904762,pooled__sigma0.12,positive_control,0.0,,,,16.05536845632141,17.722974286935518,16.89259259259259,,9.528571428571318,7000,21000,0.0,1.0,0.0,9.347619047618938,0.0,True,8.5696555160773,10.125582579160577,1.0,1.0,0.0
0.09701543282851191,-0.9020119183458121,-0.5841161992662813,-0.9346291835497011,-0.5544433882375052,global_mean_centering__coefficient_0.25,,0.01904761904761905,pooled__sigma0.25,secondary,,,,,-0.8683357559738212,-0.4810338077593024,-0.6740740740740739,,,7000,21000,1.0,1.0,0.0,-0.7428571428571406,0.0,True,-1.0429161971058964,-0.44279808860838477,0.0,0.0,0.0
0.1559319975646133,-2.9632385522101052,-2.4497811257283195,-3.011713042801373,-2.398628028839583,global_mean_centering__coefficient_0.5,,0.05342857142857143,pooled__sigma0.25,secondary,,,,,-2.6351742628343193,-1.9750310199998122,-2.3037037037036945,,,7000,21000,1.0,1e-05,0.0,-2.7047619047618885,0.0,True,-3.187044015475787,-2.22247979404799,0.99999,0.0,0.99999
0.19551760258161185,-7.25632973393591,-6.612644175192743,-7.317614510875635,-6.550403714083015,global_mean_centering__coefficient_1,,0.11895238095238095,pooled__sigma0.25,secondary,,,,,-5.3405090665399495,-4.573636519977234,-4.955555555555529,,,7000,21000,1.0,0.0,0.0,-6.933333333333286,0.0,True,-7.538049770802819,-6.328616895863752,1.0,0.0,1.0
0.0,0.0,0.0,0.0,0.0,chowers_exact_projected_gap__coefficient_0.25,,0.0,pooled__sigma0.25,secondary,,,,,0.0,0.0,0.0,,,7000,21000,1.0,1.0,1.0,0.0,1.0,False,0.0,0.0,0.0,0.0,0.0
0.0,0.0,0.0,0.0,0.0,chowers_exact_projected_gap__coefficient_0.5,,0.0,pooled__sigma0.25,secondary,,,,,0.0,0.0,0.0,,,7000,21000,1.0,1.0,1.0,0.0,1.0,False,0.0,0.0,0.0,0.0,0.0
0.0,0.0,0.0,0.0,0.0,chowers_exact_projected_gap__coefficient_1,,0.0,pooled__sigma0.25,secondary,,,,,0.0,0.0,0.0,,,7000,21000,1.0,1.0,1.0,0.0,1.0,False,0.0,0.0,0.0,0.0,0.0
0.09150555308632638,-0.1591657282244648,0.14007412556745308,-0.18795302840152292,0.16866382660140594,gr_clip_style_two_sided__coefficient_0.25,,0.019238095238095238,pooled__sigma0.25,secondary,,,,,-0.00204465788139252,0.4718946929208344,0.23703703703703724,,,7000,21000,1.0,1.0,0.91438,-0.009523809523809552,0.97878,False,-0.29254135546545934,0.27349373641784025,0.0,0.0,0.0
0.1205630147862598,-0.4977812278070951,-0.10309496623882222,-0.5360415171293551,-0.06440178073282654,gr_clip_style_two_sided__coefficient_0.5,,0.03557142857142857,pooled__sigma0.25,secondary,,,,,-0.25468347623306054,0.3017501273306227,0.025925925925926158,,,7000,21000,1.0,1.0,0.01212,-0.30000000000000016,0.1421,False,-0.6728893758386871,0.07288937583868688,0.0,0.0,0.0
0.15259014466041113,-0.6027987861970405,-0.1022554013129442,-0.6515484414717534,-0.05460900519162304,gr_clip_style_two_sided__coefficient_1,unresolved,0.05885714285714286,pooled__sigma0.25,primary_shared,0.06024,0.0,1.0,1.0,-0.20531509236734308,0.4840952591982387,0.14074074074074094,practically_equivalent,,7000,21000,1.0,1.0,0.02008,-0.35238095238095246,0.19156,False,-0.8243270454877774,0.11956514072587238,0.0,0.0,0.0
0.08355106955713193,-0.6580573886148753,-0.38037974735137836,-0.6827948057181396,-0.35568111301828387,text_only_centering__coefficient_0.25,,0.014142857142857143,pooled__sigma0.25,secondary,,,,,-0.659212662854945,-0.32879011442193207,-0.49259259259259297,,,7000,21000,1.0,1.0,0.0,-0.5190476190476182,0.0,True,-0.7774627410736172,-0.26063249702161917,0.0,0.0,0.0
0.12208860143437998,-1.5297616424470317,-1.1279620948997309,-1.5685215611405996,-1.0895601072691705,text_only_centering__coefficient_0.5,,0.030333333333333334,pooled__sigma0.25,secondary,,,,,-1.4052225485421088,-0.8700294626898669,-1.1370370370370353,,,7000,21000,1.0,1.0,0.0,-1.3285714285714294,0.0,True,-1.7061792917008822,-0.9509635654419766,0.0,0.0,0.0
0.10876580893710744,-1.1072985617107653,-0.7508819062705533,-1.1411789873136262,-0.7169507806721103,text_only_centering__coefficient_1,negative,0.025095238095238094,pooled__sigma0.25,primary_shared,0.0,0.0,1.0,1.0,-1.0683158790839817,-0.6309082190993474,-0.8481481481481467,practically_equivalent,,7000,21000,1.0,1.0,0.0,-0.9285714285714273,0.0,True,-1.264973223757542,-0.5921696333853126,0.0,0.0,0.0
0.08746708345664357,0.24669395932293503,0.5345522199244926,0.2190601876205285,0.5629417213957288,image_only_centering__coefficient_0.25,,0.019428571428571427,pooled__sigma0.25,secondary,,,,,0.4137787343011374,0.8865952528431316,0.6518518518518525,,,7000,21000,1.0,1.0,0.0,0.39047619047619053,0.00016,True,0.11994922817020759,0.6610031527821735,0.0,0.0,0.0
0.11601826729458933,0.26052614530882856,0.6436895460527626,0.22302418617500966,0.6785263316614918,image_only_centering__coefficient_0.5,,0.03357142857142857,pooled__sigma0.25,secondary,,,,,0.32040738607191255,0.8688989683883157,0.596296296296297,,,7000,21000,1.0,1.0,6e-05,0.45238095238095166,0.0017,True,0.09354802709235965,0.8112138776695437,0.0,0.0,0.0
0.1569277447803761,-0.04400005040558683,0.4730147768391961,-0.09425747992570269,0.5213196187047608,image_only_centering__coefficient_1,unresolved,0.06347619047619048,pooled__sigma0.25,primary_shared,0.34492,0.0,1.0,1.0,0.411668325137935,1.1209536945295824,0.7666666666666673,practically_equivalent,,7000,21000,1.0,1.0,0.17246,0.214285714285714,0.77216,False,-0.2710761432181694,0.6996475717895975,0.0,0.0,0.0
0.016442184309045937,-0.047714885621911604,0.009546197952911846,-0.05254216317007004,0.014348125503279255,clean_boundary_active__step_0.0025,,0.0005714285714285715,pooled__sigma0.25,secondary,,,,,-0.09283506043679388,0.011418046437325455,-0.03703703703703704,,,7000,21000,1.0,1.0,0.29398,-0.01904761904761905,0.83583,False,-0.06990165463468814,0.031806416539450044,0.0,0.0,0.0
0.026291270247184643,-0.08598760846430911,0.0002091899820625201,-0.09550458121890344,0.009634079551293612,clean_boundary_active__step_0.005,,0.001380952380952381,pooled__sigma0.25,secondary,,,,,-0.15590795230137494,-0.0034126001701540593,-0.07777777777777778,,,7000,21000,1.0,1.0,0.11476,-0.04285714285714286,0.59225,False,-0.12417341858116553,0.03845913286687981,0.0,0.0,0.0
0.03479034383689899,-0.1622873206674058,-0.04737667161773765,-0.1721089240698143,-0.03764195056146971,clean_boundary_active__step_0.01,,0.0025714285714285713,pooled__sigma0.25,secondary,,,,,-0.27474507217276184,-0.08461289108007762,-0.17777777777777776,,,7000,21000,1.0,1.0,0.00256,-0.10476190476190479,0.03976,True,-0.2123649671235559,0.002841157599746305,0.0,0.0,0.0
0.047471635571802784,-0.2055223029800729,-0.05175553608489543,-0.2239433019013773,-0.03722820428406089,clean_boundary_active__step_0.02,,0.004904761904761905,pooled__sigma0.25,secondary,,,,,-0.34501427488234926,-0.0657425657494429,-0.20370370370370378,,,7000,21000,1.0,1.0,0.00758,-0.12857142857142861,0.08433,False,-0.27539646102266224,0.018253603879804986,0.0,0.0,0.0
0.0653129462621824,-0.45826342569456696,-0.24637432949799437,-0.48143976813723477,-0.2234824685445724,clean_boundary_active__step_0.04,,0.00980952380952381,pooled__sigma0.25,secondary,,,,,-0.6977121225600253,-0.33647395670118296,-0.5185185185185183,,,7000,21000,1.0,1.0,0.0,-0.3523809523809525,0.0,True,-0.5543873787221302,-0.1503745260397749,0.0,0.0,0.0
0.09093310697729146,-0.7491303721039334,-0.45149860767593797,-0.7777148722986635,-0.4227511751416943,clean_boundary_active__step_0.08,,0.019428571428571427,pooled__sigma0.25,secondary,,,,,-0.997070622009637,-0.513699746972504,-0.7555555555555544,,,7000,21000,1.0,1.0,0.0,-0.5999999999999984,0.0,True,-0.8812470272408862,-0.31875297275911063,0.0,0.0,0.0
0.12655916156354727,-1.3336032491706007,-0.9168868030497995,-1.3724795161746783,-0.8779464032777611,clean_boundary_active__step_0.16,negative,0.035904761904761905,pooled__sigma0.25,primary_shared,0.0,0.0,1.0,1.0,-1.305235635773845,-0.6831609659810831,-0.9925925925925918,practically_equivalent,,7000,21000,1.0,1.0,0.0,-1.1238095238095245,0.0,True,-1.5152443833787221,-0.7323746642403269,0.0,0.0,0.0
0.16712195086117648,-3.8338242707576446,-3.2839107279136597,-3.887084655707289,-3.2312245067817296,clean_boundary_active__step_0.32,,0.0709047619047619,pooled__sigma0.25,secondary,,,,,-3.1677460539727136,-2.4256028444404163,-2.7962962962962865,,,7000,21000,1.0,0.0,0.0,-3.5571428571428303,0.0,True,-4.074034376951358,-3.0402513373343028,1.0,0.0,1.0
0.012582738745988649,-0.01453788862492816,0.0240777313407279,-0.019323782983305362,0.028847592507114887,cohen_aligned_noisy_margin__step_0.0025,,0.0003333333333333333,pooled__sigma0.25,secondary,,,,,-0.03000837247361104,0.03735865243475938,0.0037037037037037043,,,7000,21000,1.0,1.0,0.76728,0.004761904761904762,0.97878,False,-0.03415525076585914,0.043679060289668656,0.0,0.0,0.0
0.018957296908359796,-0.01946932172951011,0.038574357158900605,-0.028788695340999086,0.047877697578399374,cohen_aligned_noisy_margin__step_0.005,,0.0007619047619047619,pooled__sigma0.25,secondary,,,,,-0.07435280097842917,0.05594234903783148,-0.007407407407407414,,,7000,21000,1.0,1.0,0.66494,0.009523809523809523,0.97878,False,-0.04910921839341029,0.06815683744102934,0.0,0.0,0.0
0.024025870248146022,-0.009855909056922935,0.06705618258155152,-0.019312865010134433,0.07649710534277283,cohen_aligned_noisy_margin__step_0.01,,0.001238095238095238,pooled__sigma0.25,secondary,,,,,-0.07816226781774031,0.09284513362367504,0.007407407407407401,,,7000,21000,1.0,1.0,0.26562,0.028571428571428574,0.8282,False,-0.04573819098059908,0.10288104812345622,0.0,0.0,0.0
0.03493640829065183,-0.07655440134151849,0.0384244964426886,-0.08636257197154808,0.04815250111276714,cohen_aligned_noisy_margin__step_0.02,,0.0025714285714285713,pooled__sigma0.25,secondary,,,,,-0.1894672110837043,0.05619100519663005,-0.06666666666666668,,,7000,21000,1.0,1.0,0.60562,-0.01904761904761904,0.97878,False,-0.12710244419148553,0.08900720609624745,0.0,0.0,0.0
0.04787555138689067,-0.16202810355554753,-0.003982872932135062,-0.17658338577378446,0.010505676098529648,cohen_aligned_noisy_margin__step_0.04,,0.004904761904761905,pooled__sigma0.25,secondary,,,,,-0.3116400756042352,0.034181180073052625,-0.137037037037037,,,7000,21000,1.0,1.0,0.09706,-0.08095238095238097,0.57152,False,-0.22902668471991763,0.0671219228151557,0.0,0.0,0.0
0.06274216286890545,-0.25726979846549536,-0.05107334151023092,-0.276621807394877,-0.0313783498371874,cohen_aligned_noisy_margin__step_0.08,,0.008952380952380953,pooled__sigma0.25,secondary,,,,,-0.520029593612358,-0.0878565725786575,-0.30370370370370386,,,7000,21000,1.0,1.0,0.01518,-0.1523809523809524,0.14879,False,-0.34643620218067583,0.04167429741877107,0.0,0.0,0.0
0.08794696364034475,-0.23950132215105757,0.04870706825467343,-0.2681644727587721,0.07721551845603054,cohen_aligned_noisy_margin__step_0.16,unresolved,0.018857142857142857,pooled__sigma0.25,primary_shared,0.34492,0.0,1.0,1.0,-0.4577959079154995,0.14283891068003177,-0.15555555555555675,practically_equivalent,,7000,21000,1.0,1.0,0.28448,-0.09523809523809558,0.85586,False,-0.36724927907333377,0.17677308859714264,0.0,0.0,0.0
0.11312934927090874,-0.11036840547351687,0.2626852250865067,-0.14465486171535596,0.29711858047586914,cohen_aligned_noisy_margin__step_0.32,,0.03438095238095238,pooled__sigma0.25,secondary,,,,,0.08636865790343345,0.8050638123164519,0.44444444444444375,,,7000,21000,1.0,1.0,0.50664,0.07619047619047536,0.97878,False,-0.273707313885969,0.4260882662669197,0.0,0.0,0.0
0.12885959069133207,-0.24526272784704367,0.1778093499002093,-0.28717921750385356,0.22032686891949127,control__learned_shared_translation_tangent,unresolved,0.04223809523809524,pooled__sigma0.25,positive_control,0.78908,,,,0.1628254452752243,0.9136663287667234,0.5370370370370351,,0.3190476190476179,7000,21000,1.0,1.0,0.78908,-0.03333333333333456,0.97878,False,-0.431883190674789,0.3652165240081199,0.0,0.0,0.0
0.29307101710842215,8.487797326347666,9.451933981895897,8.395969235495556,9.544182190357686,control__lowrank_tangent_r8,positive,0.15466666666666667,pooled__sigma0.25,positive_control,0.0,,,,13.93437292308795,15.717862399161424,14.829629629629668,,9.323809523809459,7000,21000,0.0,1.0,0.0,8.971428571428506,0.0,True,8.064989155993256,9.877867986863755,1.0,1.0,0.0
0.3187961989767299,5.149001315319524,6.198176879711354,5.047035258704559,6.297535179183001,control__noisy_class_mean,positive,0.16742857142857143,pooled__sigma0.25,positive_control,0.0,,,,9.145239548333643,10.878287764799675,10.014814814814853,,6.028571428571453,7000,21000,0.0,1.0,0.0,5.6761904761905,0.0,True,4.6901856399069395,6.662195312474061,1.0,1.0,0.0
0.2626509596016175,7.601927277270455,8.463903062993007,7.518779364084294,8.544954951145348,control__fewshot_prompt_bank,positive,0.137,pooled__sigma0.25,positive_control,0.0,,,,11.75557553593304,13.309800211073497,12.537037037037187,,8.385714285714235,7000,21000,0.0,1.0,0.0,8.033333333333282,0.0,True,7.220980120675885,8.845686545990679,1.0,1.0,0.0
