dataset_id,dataset_index,item_id,label,phase3_role,phase4_role,phase4_rank_sha256
cifar100,10030,cifar100-train-10030,42,reserved_not_accessed,confirmation,0e623e44a45bcbee81e18b752d365357431bcc9e16b1daff5184a88cb14356a6
cifar100,101,cifar100-train-101,39,reserved_not_accessed,confirmation,15d3894cda6b4463424043cb81525b1fa5708d687d95bf7e795c163807c2dbcc
cifar100,10104,cifar100-train-10104,4,reserved_not_accessed,confirmation,0f61fd69279d66faaa9a12778560638d180d3f4c15b5caee118ad92808a063a6
cifar100,10142,cifar100-train-10142,99,reserved_not_accessed,confirmation,1079d71df435db171370b0fc2f07d211e09d6a032e1f885f997dcba939727bf7
cifar100,10218,cifar100-train-10218,86,reserved_not_accessed,confirmation,1154e1a9094521bf26d3d589945540557ae6ef14a34342c670db1fd4f2b4fbac
cifar100,10243,cifar100-train-10243,4,reserved_not_accessed,confirmation,0a111e1397c1979dc25959e42b61f275a2cc12ba0adff90870426c1210cfca37
cifar100,10305,cifar100-train-10305,40,reserved_not_accessed,confirmation,1a6e3dd218391dde47c4529d515dc6df7003b66c3b3424e610134a0b0a8a9926
cifar100,10336,cifar100-train-10336,67,reserved_not_accessed,confirmation,0e9f0833861b70dfc633d524a4cff0b856679b887c53d7954e4d95193550841d
cifar100,10341,cifar100-train-10341,84,reserved_not_accessed,confirmation,1497de1e0a014c3e220c2acf067fc0cae93cb4c93e9ec5ec0e3f0e72dec41f0e
cifar100,1035,cifar100-train-1035,7,reserved_not_accessed,confirmation,0ee555ef3843ff1d910fff5f9b96348ac0a29a10f7e3a9000e8b1402aa99349a
cifar100,10369,cifar100-train-10369,70,reserved_not_accessed,confirmation,0f6b9f5d0a0be1afa11552e32f11e0a9bb52fda5540845144b8ac849811bbdfb
cifar100,10479,cifar100-train-10479,69,reserved_not_accessed,confirmation,10894eda50cb9ba587b237fd8694c72deb125f1e12db10cafda2173c33b27c6b
cifar100,10515,cifar100-train-10515,90,reserved_not_accessed,confirmation,0eeb11952ce8df07888a6a0856316920a21ee8d3c8875d1e01c14aa738562535
cifar100,10541,cifar100-train-10541,31,reserved_not_accessed,confirmation,11c10e558ea117467194cfbcda297ba5fe5e107a2ffafbe7d6bbde426c033d6f
cifar100,1057,cifar100-train-1057,53,reserved_not_accessed,confirmation,120bb3d6224dd4babf35510a2691c9f8b784ec6b7637c7c8249726f6364c0b50
cifar100,10570,cifar100-train-10570,19,reserved_not_accessed,confirmation,11c46cb9333a4bce7c0d608e7587ccce7ddc9d32c0cfc22372dab44bb93697ad
cifar100,10651,cifar100-train-10651,92,reserved_not_accessed,confirmation,13b05f511bbda927702c4fc2eb7cb7bb6dd292acb6285a009b737b537cb6ad2e
cifar100,10655,cifar100-train-10655,87,reserved_not_accessed,confirmation,0b4033ec6380996160c4cc0ba92eaede6a8ee6d13eb98f5652d69505f1c25f66
cifar100,10677,cifar100-train-10677,96,reserved_not_accessed,confirmation,10e5f44fc36126886cda1bb936e3f1b7dc0886bfbe25e4eac7b81f1d710d2f18
cifar100,10776,cifar100-train-10776,99,reserved_not_accessed,confirmation,0f5c2dcfb344274801b8d0a1c35ac51e2ecc97f7f2b33a7d5c3b5e15ab0bc007
cifar100,10787,cifar100-train-10787,89,reserved_not_accessed,confirmation,0f20c3923c387acd88201a55cb5253b69573fa69fbf8c604ad10ed92a52ef7e3
cifar100,10789,cifar100-train-10789,91,reserved_not_accessed,confirmation,0e433a3ee7b353de339344b306f3fc3a6b7169d6a36e0fb2dba8cf843aab9ff5
cifar100,10888,cifar100-train-10888,69,reserved_not_accessed,confirmation,132986e5576d5cea2dfd30df30a174ee0ca42dde637652872a576ccfec4a918b
cifar100,10905,cifar100-train-10905,47,reserved_not_accessed,confirmation,12286a5ff4c7e5afaf9aae12cd2e234d25c95ea4c9e79dbf8781234567591cea
cifar100,1091,cifar100-train-1091,51,reserved_not_accessed,confirmation,1488c87063dc128de18b85f4264dd622dddd4b253e05c800d9b673b4fbf05c81
cifar100,10967,cifar100-train-10967,33,reserved_not_accessed,confirmation,105c0914755e47a2448079a0ddcb2dbc7be4c3288fb350e716f70ed126181c1e
cifar100,10974,cifar100-train-10974,91,reserved_not_accessed,confirmation,0f4010ee8d539c67f0b9d1d72481230d63df35bbff875918ef63398d0c95770e
cifar100,11001,cifar100-train-11001,20,reserved_not_accessed,confirmation,1391d496f3097a8f85cdaddde25d1e527e28373b74d84b484bd914377d9cea7e
cifar100,11016,cifar100-train-11016,59,reserved_not_accessed,confirmation,1308b880a40c771cea21e2fd393e10050d6aada5a452af820ff77f3d1ad56ae8
cifar100,11037,cifar100-train-11037,72,reserved_not_accessed,confirmation,11da593c1e8dee64a00aafac655ec250edf6cadd945aa06733d03bc9d025f826
cifar100,1114,cifar100-train-1114,8,reserved_not_accessed,confirmation,13fcef8796ae4957599d9ec553f366b0f413f90eed14232b820959672e82a62a
cifar100,11252,cifar100-train-11252,3,reserved_not_accessed,confirmation,153351579093429542af2d5ea6b9d3f8db556df7e7572ef0b9f89b2fbebcb6f6
cifar100,11303,cifar100-train-11303,85,reserved_not_accessed,confirmation,0ffb0c773efd7ae85aa205cb2508202ba347d288a14ef0553957ea7a6c8c98cb
cifar100,1136,cifar100-train-1136,82,reserved_not_accessed,confirmation,0e8cb692a1158aa8061547764b6567be9d8e89431322ba8932949731f0ece5e9
cifar100,11520,cifar100-train-11520,73,reserved_not_accessed,confirmation,111abceedc394e70c74205e01ba9a2fd983a5b4bfe6985b94b68fd5611b9b626
cifar100,11714,cifar100-train-11714,82,reserved_not_accessed,confirmation,17182b25a9b5f4392e357f3429abd2dd6010e98cd169f1df57e274a694ab9a4d
cifar100,1177,cifar100-train-1177,19,reserved_not_accessed,confirmation,11963d4dc80fe0a2e18095de85f3b31609cdfaf9383a6bbc5feebb96b63c29b0
cifar100,11797,cifar100-train-11797,39,reserved_not_accessed,confirmation,15fe6ae2854f46ddd199926e70175485b6e665c7a0ab9170e370686ee9a86018
cifar100,11819,cifar100-train-11819,8,reserved_not_accessed,confirmation,14b6e442e610927dcbf3c9311fc357ff79c66c9abcafae2278d57863ba75ef17
cifar100,11828,cifar100-train-11828,27,reserved_not_accessed,confirmation,0ccee72fe22671d866e574f0befa2ad3e72915ae02320e65d07582e044d8f23e
cifar100,1191,cifar100-train-1191,24,reserved_not_accessed,confirmation,105c74cb9d317ff815e00956ccc5b3a3cb7c6265e79e33b488c02e417c7fa630
cifar100,11914,cifar100-train-11914,87,reserved_not_accessed,confirmation,0ff49a1a1ba72723ab95ccc1761aa41e9fea57e43a383fec2375f4fee47ecc95
cifar100,11978,cifar100-train-11978,25,reserved_not_accessed,confirmation,1137e10380d0e18e00c677b67bfe8550e91e97dc5bb4ff205a3fff1b16f6e3d8
cifar100,11997,cifar100-train-11997,15,reserved_not_accessed,confirmation,12ed6663d13e4407cc2aeb9bcd4f0faf0b82327dcf46c33cd4e5a825179dd240
cifar100,12023,cifar100-train-12023,8,reserved_not_accessed,confirmation,13ffbe2d317dd742381e9cf21a1c74a3e32a9e8d46712cd2cb234acf29d6c6c7
cifar100,12087,cifar100-train-12087,89,reserved_not_accessed,confirmation,11ed067e87b69fc2369e835c1a056c597eb659b4f54806bee05cba158348e750
cifar100,12134,cifar100-train-12134,7,reserved_not_accessed,confirmation,0ed15c6c60cb36ea8df36295e45958f269b68b1d8e40e34e83efd6dd70427103
cifar100,12184,cifar100-train-12184,39,reserved_not_accessed,confirmation,10ea9e8b9103b6d931e5204eec8fa39973d5fb36b459dbfd66c52e9432e1ef5c
cifar100,12215,cifar100-train-12215,19,reserved_not_accessed,confirmation,1057949f56d2fcca3bd323b06b942fb6ad6d77655fa470d56e788a3d86cacc2d
cifar100,12276,cifar100-train-12276,31,reserved_not_accessed,confirmation,111295f806266c58dde7f9dc62e99c60d153e67259c7300db3cc138b27d4a5ce
cifar100,12292,cifar100-train-12292,96,reserved_not_accessed,confirmation,133f3212dda77757f55411b2704946055e6398073386c0372c2b2bc521367ed5
cifar100,12432,cifar100-train-12432,6,reserved_not_accessed,confirmation,0bdfe73d973391567349a75c6d93c85ca458a2723fd0f37ff6fefac617cf6682
cifar100,12437,cifar100-train-12437,67,reserved_not_accessed,confirmation,100e2c32fc233ff3c35c10bf1b9501bf5df07393df20ea7589d19f119edceefd
cifar100,12528,cifar100-train-12528,43,reserved_not_accessed,confirmation,13c5db90217f00f619ec7b75e00c5d2df26edc1cf7a5fd93e6e7a9ce0c52d9d1
cifar100,12533,cifar100-train-12533,50,reserved_not_accessed,confirmation,142f5f24773a27a7bd86de0a0851555dca491025cc191cdd40bd8982140a3704
cifar100,12568,cifar100-train-12568,75,reserved_not_accessed,confirmation,110dcde1fba3716be1d71c50dbff66d40a2f5ac2b2c81d9d2e77dcaa369af9ae
cifar100,12587,cifar100-train-12587,77,reserved_not_accessed,confirmation,15c33acf5da1eb9e800857014911ecf418a5161d37f58d3564473ccf5a7e4ab8
cifar100,12602,cifar100-train-12602,69,reserved_not_accessed,confirmation,1268d3b72f2b6e2868ed4dccbf8074703339e06dbd5bb9627207325e0b45529d
cifar100,12688,cifar100-train-12688,81,reserved_not_accessed,confirmation,1042c12f61ae38713fb7945dd2b4563a63d07e1b4c3ae5b128cd9f13274b9503
cifar100,12704,cifar100-train-12704,15,reserved_not_accessed,confirmation,14aa51063bc485f6bc9e97f085737067a60b5b7aa0f28eb80b1329913ef7ddba
cifar100,12727,cifar100-train-12727,91,reserved_not_accessed,confirmation,12d2ef0c2fdea9d4d265e44406d22727facb6ce81b17db6fed58ca45fbfdaf63
cifar100,12824,cifar100-train-12824,47,reserved_not_accessed,confirmation,0b39338c57cea0d6c026a64d7f9c4beaae51b2b885794051f8d3defcc897a554
cifar100,12845,cifar100-train-12845,48,reserved_not_accessed,confirmation,1044b31670ebbaa8edf563c59e560974619cb455a91927980de9c9d6b3d32ba0
cifar100,12909,cifar100-train-12909,16,reserved_not_accessed,confirmation,0c7e7446de03646213c10cd483cb68902a02bea70c21c0735628812947a9f0b0
cifar100,12965,cifar100-train-12965,73,reserved_not_accessed,confirmation,102f31887fd083fdfb9ed6142fba10f0e8a7124a1467681c8baf6fdbe8c75e37
cifar100,12994,cifar100-train-12994,22,reserved_not_accessed,confirmation,17327a1f92167eab38734d956d0eb13ab6d6ce92534c64b31fe7f0bcedadadcc
cifar100,13006,cifar100-train-13006,31,reserved_not_accessed,confirmation,12bc5a60e69a5870dee6af5fac5c3480fbb95aa411d79d5510e4ad46f1b0441c
cifar100,1305,cifar100-train-1305,94,reserved_not_accessed,confirmation,163008b4868ff4112906817d1239efe098a2b1a2450089b29a52e1ca7be53014
cifar100,13083,cifar100-train-13083,36,reserved_not_accessed,confirmation,0b956b2273a95ec458b821f5c105509f970932411379b763c268a4338acbb9d8
cifar100,13090,cifar100-train-13090,91,reserved_not_accessed,confirmation,120a6394f459a021804eb0b16dd1d33a091b3f10365cec914dea0d8c87df18c1
cifar100,13099,cifar100-train-13099,45,reserved_not_accessed,confirmation,13a26d37ca744104bc4f4eda61c59ad55a53e83333fec6af0d3680cc9367ffd0
cifar100,13148,cifar100-train-13148,18,reserved_not_accessed,confirmation,15c4453c194210c5ea541fd9fd187b4106a01194e2e0d565cbf0fea79a8cf257
cifar100,13183,cifar100-train-13183,71,reserved_not_accessed,confirmation,1159f4aea8ec9da9593c5af3bd6b2339b26f88a51570c2cb6b6d44a1a3dbf6f2
cifar100,13256,cifar100-train-13256,29,reserved_not_accessed,confirmation,15d31abf1ce4952b28579e6f215d76bcad5bf6cd2d7857e754db999bfb248dca
cifar100,13285,cifar100-train-13285,12,reserved_not_accessed,confirmation,10cf7011ed6338dc2aab80d36d792956480e118daa7f9e45ea30561259c90734
cifar100,13293,cifar100-train-13293,66,reserved_not_accessed,confirmation,0faff5a10acc625305e9a0fee1b9c4b860cea855df55bd3f4380d7829b10c827
cifar100,13298,cifar100-train-13298,8,reserved_not_accessed,confirmation,13a12e31095fca9c72feb35fc1ca97054ec734bcb71482a3b828c52ca11aaef9
cifar100,13357,cifar100-train-13357,79,reserved_not_accessed,confirmation,15fc2e7d2a9bfe4cfe2e98b29b21e237d873cc58abab3831fb7a5314d99a7dfe
cifar100,135,cifar100-train-135,30,reserved_not_accessed,confirmation,1eaeae9f8028e929fdbcbba1914cb74c3899ada6e337e62fe139c0247e3a61ac
cifar100,13563,cifar100-train-13563,94,reserved_not_accessed,confirmation,13151a72b229af9ac3e6c1a0d8d8c66c2677e4cfc35783ce293f3dcab456eca7
cifar100,13567,cifar100-train-13567,60,reserved_not_accessed,confirmation,0ad08359267d5fba30d186a1c48047ad9dfb04c9600f66820b9199e8c6202d08
cifar100,13662,cifar100-train-13662,52,reserved_not_accessed,confirmation,15f9fc8c1041fd1e7efed20fae78c2884784354efaaaa01bd009e87cd25d4999
cifar100,13736,cifar100-train-13736,9,reserved_not_accessed,confirmation,0fc9bb2a3a0b9e2b6d750c04c6ba02ca04ef9dc478286ed47826e32b0469b20c
cifar100,13882,cifar100-train-13882,43,reserved_not_accessed,confirmation,1388a308f21c1279d61aad8f4969e0f81a68f0c64892401112be67d9c647d95c
cifar100,13885,cifar100-train-13885,94,reserved_not_accessed,confirmation,1260d582909733a9ac79f7e3a3f6605e6310d31f4f7901e8a2ac3818803099c9
cifar100,1389,cifar100-train-1389,40,reserved_not_accessed,confirmation,1956bbb9460aa226645dba2a49313e889d04ba3d2de38b37eb11c3dd3fc2d98a
cifar100,13901,cifar100-train-13901,66,reserved_not_accessed,confirmation,10a1099063970664efefb7d8967a06fb94f071b6e9a8fd509357fbae8cee1d13
cifar100,140,cifar100-train-140,52,reserved_not_accessed,confirmation,16ba31bd10af7d9356f949c877cdb1b51c02da9e663202ed1c390494059f2225
cifar100,14040,cifar100-train-14040,9,reserved_not_accessed,confirmation,0ff27d5248f945ff3936720292512fdf8186becf0af8ff5292657778fd746c4c
cifar100,14042,cifar100-train-14042,93,reserved_not_accessed,confirmation,16b8532a258efc627c1d0fc0ba1f28aedfea83aad04fe929e72e17507daf040a
cifar100,14250,cifar100-train-14250,94,reserved_not_accessed,confirmation,12401cc125d75cf246a2fe3a65714757b94612f2668f96450f0896ca792bee20
cifar100,14318,cifar100-train-14318,66,reserved_not_accessed,confirmation,0e88923b8b6f70c287994dd29369071019c7def18894b9eb4037ecd7ee67f8a1
cifar100,14331,cifar100-train-14331,36,reserved_not_accessed,confirmation,10d9cfc6ed9b2a3ee3422ae02f9ef0c55753b9c6ff9bb8d3b7da3bcb345534fb
cifar100,14336,cifar100-train-14336,41,reserved_not_accessed,confirmation,0fc1c02e877cf3b36edfd1b5d3727f95966a503a17a50f40328fdc656cad1205
cifar100,14340,cifar100-train-14340,11,reserved_not_accessed,confirmation,136e47a4ec73dff07bf6a78448451d7495c2fc41ed1047a9c95b498e23ea9aaf
cifar100,14344,cifar100-train-14344,0,reserved_not_accessed,confirmation,0cc6456ac2b48eea2d629cb5f273714d8986fe826e51d25cc03255d7f083bf11
cifar100,14371,cifar100-train-14371,12,reserved_not_accessed,confirmation,104358b9543b5d0dd63c7a7b428c28b1009d794c6630798be93b71775d1d17c7
cifar100,14380,cifar100-train-14380,44,reserved_not_accessed,confirmation,0d9eea000d1f15052937b8fb8c2fd05788d69928cbfc7b7880e9e6a986186e15
cifar100,14395,cifar100-train-14395,79,reserved_not_accessed,confirmation,16c36683b2f3db292d306ec94cca6208bceb01cd07adb6c8c18715d5b3b93af0
cifar100,14400,cifar100-train-14400,24,reserved_not_accessed,confirmation,130f0fd60b0fc799d0db5e04a34e552d0efb6f657261834f8f53ebfdbf74cdee
cifar100,14514,cifar100-train-14514,61,reserved_not_accessed,confirmation,0ffa184aefc3e7832c31d98bf469e9009373355217f5290664be90474f84ff7d
cifar100,14542,cifar100-train-14542,45,reserved_not_accessed,confirmation,110627bc60cad866ba7c63db28443e0b3da4a07ab6eb22b24982b5da562b9634
cifar100,1456,cifar100-train-1456,44,reserved_not_accessed,confirmation,0e7c58aa66073af36bdd60261e46536438be714058bbda19a31b9e1ff56aba8f
cifar100,14591,cifar100-train-14591,67,reserved_not_accessed,confirmation,11795a1ea20c243c31c9b5e091619e33b464cec5bbf8c507a423b927c92dcbd8
cifar100,14623,cifar100-train-14623,58,reserved_not_accessed,confirmation,0f61f35328a39f524e0c991479dfc4393c667a476779e107a6cc38e34b15aada
cifar100,14679,cifar100-train-14679,48,reserved_not_accessed,confirmation,1153a15d5aec75eaab09814c94f83def2c24ac861d6756768d5a6633c8d71717
cifar100,14707,cifar100-train-14707,95,reserved_not_accessed,confirmation,0c32ab106454b258fbe481bf9f0478909f9fb05338d693291bdbf97b6eaac109
cifar100,14797,cifar100-train-14797,35,reserved_not_accessed,confirmation,10f8a0634bbad04a67fa9e270050c51e5645b1a7e926866dc5ca0f60d3f1c5e6
cifar100,14824,cifar100-train-14824,34,reserved_not_accessed,confirmation,0e75c5bf28e95cc1e3d809ed87d6f0f7265cc14ddea78d54ca15d1d12fc392a9
cifar100,14916,cifar100-train-14916,40,reserved_not_accessed,confirmation,191d0a29118f644b83ca8cc64794d872bbceee1a060c1e384ee1e4aa4ecd74c6
cifar100,14917,cifar100-train-14917,5,reserved_not_accessed,confirmation,13bf5e73fcda908064f3c2a6a94a86e8038c944c29b55d442237ff47cc9ea25a
cifar100,14920,cifar100-train-14920,14,reserved_not_accessed,confirmation,13ddec729e2766368c49ef9522de2e0fd2df0c2f765fb1b1c668d9c3029e3460
cifar100,14984,cifar100-train-14984,28,reserved_not_accessed,confirmation,0d61c119f52a06b8f71279b1a49793e38763f47750d5ed1423affa206934e4c1
cifar100,15020,cifar100-train-15020,65,reserved_not_accessed,confirmation,13af94fd1b9d16cb54251f24330e3176f10364f7f72b90890d32d09976166995
cifar100,15041,cifar100-train-15041,16,reserved_not_accessed,confirmation,0b9ea0206e37a67d3ff63ab85af5dc88e65f57e23d57dd18493380b736ae5dd9
cifar100,15107,cifar100-train-15107,3,reserved_not_accessed,confirmation,134cbb3f0c594da1e053f917d5f9bc786b060cb4d6d829c6b34a05e2ecaec6dc
cifar100,15180,cifar100-train-15180,1,reserved_not_accessed,confirmation,167383d901d4277df15adcff080bff334f21f168de656a6b15fe5e2005352418
cifar100,15183,cifar100-train-15183,60,reserved_not_accessed,confirmation,0a1ebd5e6002a09ca580e0656b2e3da6fb36f2e749795b4493cd913d14e05a40
cifar100,15185,cifar100-train-15185,46,reserved_not_accessed,confirmation,0c41303853597a7fe9725bf1a91c3fb7ce29728b7d2d164ee34014a697d84215
cifar100,15220,cifar100-train-15220,40,reserved_not_accessed,confirmation,19ca90827820e9fb586e53c90d2b220948dddc1880b7d2b5d1f3133c33b4617f
cifar100,15279,cifar100-train-15279,19,reserved_not_accessed,confirmation,100699b271a229b352d2d6aaef1fe54173340165018605c4ca4f09be26c73307
cifar100,15312,cifar100-train-15312,48,reserved_not_accessed,confirmation,10d291ffdf799e896e3542057f32838fb87b3a11a828e4c4ce10f92e71eb3728
cifar100,15328,cifar100-train-15328,84,reserved_not_accessed,confirmation,10e7059d73710b2aecc67c019b910b61477ec5a2ebac5c61a59e5ab5b358bbfe
cifar100,15336,cifar100-train-15336,13,reserved_not_accessed,confirmation,1254df082501632f966e52126258af511b86a0e25fcfe74116d3d6d9965b67b8
cifar100,15382,cifar100-train-15382,7,reserved_not_accessed,confirmation,0e155ebbdd837f0c189065e5574dcfa34e32d89e2959ee0619f333e5eb4884f8
cifar100,1544,cifar100-train-1544,55,reserved_not_accessed,confirmation,0a39beea9cd1b1223b5d5a0b3bee4db90d1457975dc1b01ee9bb84a77b172abf
cifar100,15488,cifar100-train-15488,95,reserved_not_accessed,confirmation,0f3fc13a36db19b1815574b49e472afa60adbf43aca0eea0afc9dea9f6615324
cifar100,15489,cifar100-train-15489,32,reserved_not_accessed,confirmation,12100a11e2a6a24bb5981d0fea365f58e36eddcddbdcac61f8b8e0941d28a754
cifar100,1549,cifar100-train-1549,99,reserved_not_accessed,confirmation,1215a4c494a6a846e059147d87409cfe0a736d434c009a18b4ff89c40815fe2d
cifar100,15510,cifar100-train-15510,46,reserved_not_accessed,confirmation,0df6e0793e18e9edaea1b3202389794cd9780b2c36d44f52173cc8fad95e6dda
cifar100,15544,cifar100-train-15544,49,reserved_not_accessed,confirmation,0e711f7c09f8a9b9dca4d2618ab92fffafae17836b2d3129e9b8315a50de7a5e
cifar100,1563,cifar100-train-1563,41,reserved_not_accessed,confirmation,0c9e4d97239a0ecaf82a0d926364f91c747bd255b15e099b24ed99cc3b418d30
cifar100,15646,cifar100-train-15646,83,reserved_not_accessed,confirmation,0fe771de403335d94a20d342b7068b63a2103445fea8848f3c9a0db91062fc43
cifar100,15655,cifar100-train-15655,97,reserved_not_accessed,confirmation,0ea6a495381fca8cde8bde7d5e38462bd205dfe0ff7c691781fe55056da57338
cifar100,15656,cifar100-train-15656,88,reserved_not_accessed,confirmation,1210903062ded878e4c8afadb7b79c561ee16ecda7b2ca586870cbe3c560f5d2
cifar100,15719,cifar100-train-15719,47,reserved_not_accessed,confirmation,12248a2ee0b3d257c50715cecf728e4f2ba5452796e6004b01e8cd7f1a86f232
cifar100,15802,cifar100-train-15802,28,reserved_not_accessed,confirmation,0f3fd4b2954d937f3f013510a45f799e3b19d92e94ab5cc603e11fa41a5c379c
cifar100,15833,cifar100-train-15833,18,reserved_not_accessed,confirmation,1442c60c65068a9e4ce9b4bd7d3653d9f273554083b0c4ec267d4680c7645a04
cifar100,15858,cifar100-train-15858,86,reserved_not_accessed,confirmation,14562a28e26cfd2fff29c0b574ba07b8c9a82ade93d1788f937df08e6427cba2
cifar100,15955,cifar100-train-15955,77,reserved_not_accessed,confirmation,0f0f633fb17f55acb023f5dd9680e3f079435b127f66c4f26f63866f89ec96f8
cifar100,1599,cifar100-train-1599,6,reserved_not_accessed,confirmation,0d47fdb9857a52adfbb01779fe8249140c2ccc3c3e8e627b1bce02246e2b1555
cifar100,15993,cifar100-train-15993,9,reserved_not_accessed,confirmation,10aec7babf94c0447eb25c77845555effb897441c981928827ffa8651827ed87
cifar100,1602,cifar100-train-1602,52,reserved_not_accessed,confirmation,1435b764d96f5b92983478f93ea63b5b65aadb86cd8841ae3e4af976e3b784fa
cifar100,16058,cifar100-train-16058,5,reserved_not_accessed,confirmation,106f4369379b983c62a9dc3169e9b0d899e55d2eecdf2e961b3850862eb8a072
cifar100,16160,cifar100-train-16160,44,reserved_not_accessed,confirmation,0be5d7e11e2450c6ca70c8383be004e76b9fbc1fbe414a661db0a595331d09ce
cifar100,1627,cifar100-train-1627,67,reserved_not_accessed,confirmation,0e93ed6cd4fa96b9515bb3f83f5386bfded00a8c8d912fb96ddd523719cba707
cifar100,163,cifar100-train-163,32,reserved_not_accessed,confirmation,0f11acc38ed0257aaacf2af7cc599950111f0c62a401731f6684db5f378a78f4
cifar100,16348,cifar100-train-16348,99,reserved_not_accessed,confirmation,11397ad071f28a45971c420541a07fa9247405ea18fbf5b88808ed61ce57f00c
cifar100,16354,cifar100-train-16354,36,reserved_not_accessed,confirmation,0ddeb9d45343c810ab5444f8c91d3225f734c0dc98be35e91d35cb135f36f74c
cifar100,16366,cifar100-train-16366,40,reserved_not_accessed,confirmation,1af02a6acc31239fa31355c3a86a1c1dbf8be9884232b1afb5b67e800ad8f34a
cifar100,1637,cifar100-train-1637,3,reserved_not_accessed,confirmation,13218487b0117ac78c58ee0eda7e96472b621346b6072d939ed4eccc5b5c8e3c
cifar100,16372,cifar100-train-16372,54,reserved_not_accessed,confirmation,15a0a367c80766b451af9326a280be10d2e90d25458e867b7ca872abe240dced
cifar100,16503,cifar100-train-16503,81,reserved_not_accessed,confirmation,135dd125ec96270613eca6917906798ea1fe0fe83132d13f01f9da5a5a280d6c
cifar100,16603,cifar100-train-16603,46,reserved_not_accessed,confirmation,0dfd404d73cfff69ce77dec302b814ab32c2c86e6150e1a387db1e95c7c48283
cifar100,16620,cifar100-train-16620,62,reserved_not_accessed,confirmation,0d7c3696d8046e3078385fedf586a94d82b12d67b3603064bde3678d19b80372
cifar100,16658,cifar100-train-16658,52,reserved_not_accessed,confirmation,162cea1011979d404a2e0a5ff0c126c4ee3257b6ef6dd07d2e2af76a4c159815
cifar100,16715,cifar100-train-16715,37,reserved_not_accessed,confirmation,12cc88f88dded604f9efdb76fa966eb6966e9631b18ccad4a3999181a005df12
cifar100,16721,cifar100-train-16721,5,reserved_not_accessed,confirmation,14796315075e88fdd2eab1952d50713b457a446f762b133dd3e84c353983c8f1
cifar100,16737,cifar100-train-16737,6,reserved_not_accessed,confirmation,0fb8e444653ed24c3cb59d8676dcae4335ea18a4f8e160dfc650af586b5a43b8
cifar100,16841,cifar100-train-16841,82,reserved_not_accessed,confirmation,0e8d517b7711931b87c50b1c8c3600b870309db5ce5ce0d782988ab2e0d48d19
cifar100,16956,cifar100-train-16956,35,reserved_not_accessed,confirmation,11791489481aa258d3b16c001dfb7053277a3ff7fed77f5887de1a05da0e0482
cifar100,16999,cifar100-train-16999,66,reserved_not_accessed,confirmation,0effed1e204116059237ccfd6678f93acb74b5f6e638d5aca835ac5a2d35497e
cifar100,17220,cifar100-train-17220,48,reserved_not_accessed,confirmation,0f4b36dfe29b0b1a0e9060d1d0021b67060b6c46ab19fcf34aaa12752e9c5a5c
cifar100,17245,cifar100-train-17245,53,reserved_not_accessed,confirmation,0f6698746f6f15307463883b41560ec5fd8e30af50bf227985bb088161dc7eb9
cifar100,173,cifar100-train-173,64,reserved_not_accessed,confirmation,113d677e8132aadc1e27a1035df0be564792061e6efdd77f999fd2666f46d058
cifar100,17311,cifar100-train-17311,69,reserved_not_accessed,confirmation,10dfbd00208c81182b343746670481bbe1d7224055c35fee73e21fb6a63fc217
cifar100,17337,cifar100-train-17337,79,reserved_not_accessed,confirmation,1688cb0d3b3ca3311421bca976c65ae8fff297b2aff631aabfc65a2e4f665afc
cifar100,1734,cifar100-train-1734,39,reserved_not_accessed,confirmation,110e668a96eb6bd5e729716099747e4b580f29bc799b20cf3dddcf876229e5db
cifar100,17364,cifar100-train-17364,51,reserved_not_accessed,confirmation,147efad5d04f01285c4b8bf2a42beb750338e0966fe8129e28710e3e9a984020
cifar100,17373,cifar100-train-17373,8,reserved_not_accessed,confirmation,14cad3842be4a7c67bf8db561fc87a9da33c279745dac5439057a8c72315cbab
cifar100,17515,cifar100-train-17515,92,reserved_not_accessed,confirmation,1129e437133afffc73d3fba86b3ff474f39c953d80e2a6232cddbc1bdcf2c154
cifar100,17562,cifar100-train-17562,42,reserved_not_accessed,confirmation,0f272f22b366547bddfd8928b54ea47c9edb0105fb88cd6bae7a32aa494f47f5
cifar100,17640,cifar100-train-17640,96,reserved_not_accessed,confirmation,1115e3a25f26785e528f1dc02aa347836f72b7d142c6ef92b6c2f5d0ec40f10a
cifar100,17707,cifar100-train-17707,54,reserved_not_accessed,confirmation,13b2722891fb7e1d41b8fd2ad8bbddfdff3abcc4e18252842e57e9b468149179
cifar100,17849,cifar100-train-17849,1,reserved_not_accessed,confirmation,129a9f54fe31487c98e5ecf45c95e1d0e5102c608dacd59f9cf4f873fcc4802d
cifar100,17942,cifar100-train-17942,78,reserved_not_accessed,confirmation,1102631a6ff2a90840fcebfb8911dd5fe95f271d674b479d9c44cc2ce9928041
cifar100,18015,cifar100-train-18015,67,reserved_not_accessed,confirmation,0e00504e3bf47bed687dc1a70493ee40ca97bab9eb79e34d20f41b5b8564653f
cifar100,18016,cifar100-train-18016,26,reserved_not_accessed,confirmation,13eb04773d9c543b2706b22810765862e9f47e0b1ee1efafca3d9269390dfba3
cifar100,18101,cifar100-train-18101,63,reserved_not_accessed,confirmation,15dc0ef307e0fa7adfa994268b33a5c82e95270787fc0d004113f4d406a6379d
cifar100,18124,cifar100-train-18124,2,reserved_not_accessed,confirmation,15a64fef451fffe1357a5f94dc903c71c3acd0c3cd5e53597ace4f6f19ee1f84
cifar100,18187,cifar100-train-18187,27,reserved_not_accessed,confirmation,0f5330079bcdc05284bcec4f315198ed7a395d4d811c48233212807a5c57a7d4
cifar100,18247,cifar100-train-18247,10,reserved_not_accessed,confirmation,0e59a723116f986af4b78ccd3be9c7b74661ed0dc7d14fad7bd27a562b11a75e
cifar100,18281,cifar100-train-18281,88,reserved_not_accessed,confirmation,0fbcae7f7cde63f6b682a8e8e44923da384a267f487a0a46515f61b3583c0ddd
cifar100,18303,cifar100-train-18303,46,reserved_not_accessed,confirmation,0e2d60e000375eab067401ca5d78d7b422ec73364cc738c0257f829112ca2309
cifar100,18316,cifar100-train-18316,55,reserved_not_accessed,confirmation,0b453ea2ac1d3747872ad964af732d1e56e0476cad88bdcb49a9c7d619ad7691
cifar100,18326,cifar100-train-18326,29,reserved_not_accessed,confirmation,14342568f0baab9c782c25357d6008f44554fa278ff489638e32eb4d8c33b293
cifar100,18333,cifar100-train-18333,37,reserved_not_accessed,confirmation,0f7d21970fe8ebda4ad6724f9e06fea0b3d130fc9dd73e9b893cbaecef798d01
cifar100,18336,cifar100-train-18336,44,reserved_not_accessed,confirmation,0cde2a9a4abe98821d389723eaf13a580d9585c375a26619ead66b0207ddc6c0
cifar100,18348,cifar100-train-18348,16,reserved_not_accessed,confirmation,0c51c46ee37d7c6a405068a57d2f3fcbc96ff5a0d80f0db737d595f837cd538d
cifar100,18350,cifar100-train-18350,75,reserved_not_accessed,confirmation,1151f5292c18c57d0450f0308e273a4b69a04f6782b25158653715d67b393de7
cifar100,18388,cifar100-train-18388,60,reserved_not_accessed,confirmation,0c93fdb939082f922db62959aa6d55d99879aa9d26b69f32cd6464c7e8ad550c
cifar100,18396,cifar100-train-18396,68,reserved_not_accessed,confirmation,0c6f14b236289b9f9b5e97cf3b966fa8e1841d25a88642ae493f5995255a0e64
cifar100,18442,cifar100-train-18442,66,reserved_not_accessed,confirmation,0e9c9b6536dad98b4575047d84c161f30f99a6ea6da8ba68c8899142458bcaf0
cifar100,18526,cifar100-train-18526,38,reserved_not_accessed,confirmation,128fb1c973d0f6f94575604f2d6693c85aff38e58e469cd5b7a61f5a2b83782f
cifar100,18550,cifar100-train-18550,65,reserved_not_accessed,confirmation,12212b077104eb0f1bdfd1274edb73faa546f8a32009f2c881f8517d5ccb2604
cifar100,18575,cifar100-train-18575,5,reserved_not_accessed,confirmation,11e30d18174f08f8314395e98b3ebd2bca2c91503c46977d689c105a9321226d
cifar100,18690,cifar100-train-18690,68,reserved_not_accessed,confirmation,0ad3d7a92cf4dae49931ad90a7bae8d8dfe1ea08ededf7656dd1db59860a6570
cifar100,18729,cifar100-train-18729,52,reserved_not_accessed,confirmation,15cc8343363ce5dc8e612be7e97ecd36f558d82550dbfc9a72aa2adb65dab15b
cifar100,1873,cifar100-train-1873,35,reserved_not_accessed,confirmation,1358049372d2ebdfe9c4124d37909d19d065a09af1417c254559a0f84b789423
cifar100,18730,cifar100-train-18730,81,reserved_not_accessed,confirmation,11b6283ee826cb250e7dae97ced67ab00162e688989a2d40b91c446c99eca492
cifar100,18758,cifar100-train-18758,38,reserved_not_accessed,confirmation,0f4f0b304e907641cccd3da7df473800b2c52c7a881b9f7a8cf608acabf2c672
cifar100,18815,cifar100-train-18815,23,reserved_not_accessed,confirmation,0c984fa51825287290990f031ae4bd69dce796cc70e125fdeb7d6ce9a114f24e
cifar100,18850,cifar100-train-18850,33,reserved_not_accessed,confirmation,12ed40b92686f3819d87246d5ee282a6c7ab446ed9d50236bedf0de87573f507
cifar100,18926,cifar100-train-18926,92,reserved_not_accessed,confirmation,0cd61d95bb662a7ea55d88a3e7b3dee2b2e7dc14c21e970e980037ec19fdd7f6
cifar100,18949,cifar100-train-18949,14,reserved_not_accessed,confirmation,10d1d55d3f60a320275adfe155a3f0c35e1c3d89a666b57c7fcc47ba9fb0562d
cifar100,18986,cifar100-train-18986,90,reserved_not_accessed,confirmation,11d129b2ae55828372786091d0ecc94d3abfea2fe3dd0060b7f85cdb3999749c
cifar100,19025,cifar100-train-19025,16,reserved_not_accessed,confirmation,0d3affff514ebbe74bda963df7ec1d04eedebd996c784fa207987aa4edcf3cf6
cifar100,19085,cifar100-train-19085,79,reserved_not_accessed,confirmation,1658fc782916204c3436715f05330949c71b8afd8ab6cc4538825cae4baabf6a
cifar100,19194,cifar100-train-19194,67,reserved_not_accessed,confirmation,0e855e1f810c657be0a5112560ad8daf9f7bd5e2c67cfa42a2e462787a29808f
cifar100,19265,cifar100-train-19265,0,reserved_not_accessed,confirmation,0d1747d8f4df3610521434a163e315da4ebcbcee37715a0106159a30f504d8a8
cifar100,19304,cifar100-train-19304,37,reserved_not_accessed,confirmation,11e8dbb1471a3870b53c5ea95e9d067fc312247c8b93bc47fe2c3ebeda3deb2f
cifar100,19357,cifar100-train-19357,39,reserved_not_accessed,confirmation,14bf63e871fc1f58333cd84776c9f6cdbff5cd5b9ad1143070e698fcdbcf8331
cifar100,19366,cifar100-train-19366,41,reserved_not_accessed,confirmation,0d5af3cf367805ea24741ceac39ecd0a81809ece4ba759b22e63a86f132ca376
cifar100,19428,cifar100-train-19428,70,reserved_not_accessed,confirmation,10ed55d9da5044ebf1989141fd49e99417810d64fbe3819a88f966ff5936210c
cifar100,1946,cifar100-train-1946,73,reserved_not_accessed,confirmation,1032e5bc1a811247d46fcc167ac60d4a5d19391f8b48d28eeb475a4db57f7686
cifar100,1947,cifar100-train-1947,19,reserved_not_accessed,confirmation,11cda837cdb4da7fabea8de5036826a42fcba5079875dd704cfee548444be1f1
cifar100,1948,cifar100-train-1948,62,reserved_not_accessed,confirmation,0b40ecc256ed85388718c079644f6b1345affc96740605a60f9f8a721ba7bbe7
cifar100,19517,cifar100-train-19517,43,reserved_not_accessed,confirmation,134b100225d98a2e329f2bcc7deaa4926287a579b74b06d09ad8daa46ce8c901
cifar100,19552,cifar100-train-19552,32,reserved_not_accessed,confirmation,138bc99bd257ffd154bdad3cd195768793813640f2ebab90ae1ef68dda8412b2
cifar100,19583,cifar100-train-19583,87,reserved_not_accessed,confirmation,0cce77165717a223199d7a76566cc1f4134dcfd619ed5b019b0c8caee48eeb6f
cifar100,19682,cifar100-train-19682,27,reserved_not_accessed,confirmation,107ec55ef843ec9b851954709cae93c015638a73f8777b9984b35541330d15ce
cifar100,19790,cifar100-train-19790,61,reserved_not_accessed,confirmation,106deeb57d0b4718e82d12e212ddb4e1579bccd1523fde04ece028b66d4ed530
cifar100,19814,cifar100-train-19814,34,reserved_not_accessed,confirmation,0cb9f044aa632b2cd2edd4f9eba8690bd61b2464ea8e788561683ffe82978775
cifar100,19816,cifar100-train-19816,95,reserved_not_accessed,confirmation,10dc3dd2cd7577f543e817e832c60ca0db4c26c74cb526a6ac238076d0aa9cb5
cifar100,1986,cifar100-train-1986,11,reserved_not_accessed,confirmation,10bd242832e4d813c4797691d1f21b064fb7761c4efea5e0826c99e852f525a2
cifar100,19865,cifar100-train-19865,78,reserved_not_accessed,confirmation,12bdfd319597dba5dd5208a20c7155f66471625a2e454113f020f3e60c6b4bc1
cifar100,20008,cifar100-train-20008,11,reserved_not_accessed,confirmation,127b75c7484e5984c590327c4d6012ac4c00acf1d0e16e621d7f38c22c2ecaf5
cifar100,20084,cifar100-train-20084,36,reserved_not_accessed,confirmation,0eb9c04681a8ea8754761c14ce5e34191e5d17fbddd0f3b61101af2ce0ab6ec3
cifar100,20214,cifar100-train-20214,15,reserved_not_accessed,confirmation,14fde19541de14116decc30c054b5a1df054a098ed31cb7e79190649168c76c3
cifar100,20278,cifar100-train-20278,81,reserved_not_accessed,confirmation,1046364e4bcc2952f92f22a2a3353ef0425d4dd40d5585ef2d59948fc54b9157
cifar100,20317,cifar100-train-20317,12,reserved_not_accessed,confirmation,0d222aa5e1c8630754aca4fa48281102ab74bb35137ee603347356c245253e66
cifar100,20385,cifar100-train-20385,53,reserved_not_accessed,confirmation,120b3af5c2f65eae8a438dc70073070c1eba2ade6b3a0281a97442b9bdb55301
cifar100,20419,cifar100-train-20419,28,reserved_not_accessed,confirmation,0da8dbef97d2508a17e23d0f7a8805bcd15686f7570ab223a8519faea53151d6
cifar100,20457,cifar100-train-20457,54,reserved_not_accessed,confirmation,17e090cb5ab01405ed1acc6197bedc50a8cab65fdac373d6d86ad42848a89157
cifar100,20582,cifar100-train-20582,9,reserved_not_accessed,confirmation,118b78457c0c7cdf3d492d6de60416154943912bdcba54b6e5404d5341692217
cifar100,20701,cifar100-train-20701,80,reserved_not_accessed,confirmation,1067c784903cd1d4b1a34198c9cd86db990e49c66572b79b64c2fd975a9ace52
cifar100,20711,cifar100-train-20711,79,reserved_not_accessed,confirmation,15440650c16d4e9462c1391f2f4f8f7cec7d70e1cce9de910927150fa987d8ba
cifar100,20787,cifar100-train-20787,83,reserved_not_accessed,confirmation,0fb1015bd4184914f640ee6aa97fcee86b6c39185e386d929a0ba259522fb872
cifar100,20846,cifar100-train-20846,17,reserved_not_accessed,confirmation,082aa3957d1010daba4aa0b0c9bc478ed5190715fcbb9edb603c1609528bf72e
cifar100,20853,cifar100-train-20853,30,reserved_not_accessed,confirmation,1c2e72071d0cbb43701e4e288e4bb04759d7486440501de1c16475fcdca9c5dd
cifar100,20953,cifar100-train-20953,5,reserved_not_accessed,confirmation,0e65934e401856590b0d6b3155c626139d1b60b52937e6d375bda8340bcd4ab2
cifar100,21010,cifar100-train-21010,97,reserved_not_accessed,confirmation,0e6bcd17f4802274da0e9e1d922818eca2a6ef37cd962894bce76db137615e92
cifar100,21060,cifar100-train-21060,51,reserved_not_accessed,confirmation,109121b934f318149e3b2299f5c7dee0d04bb6ab2b770bad14829847ac145e7e
cifar100,21138,cifar100-train-21138,87,reserved_not_accessed,confirmation,0ee75fbff231f965cac12cbef1d815f03a539f9a04bfcad47434455103b45702
cifar100,21249,cifar100-train-21249,32,reserved_not_accessed,confirmation,129da178f4f408ca2dcc06dfee078db189c7ec9dfeb0e666b3ecd2c3c6d86c1a
cifar100,2125,cifar100-train-2125,18,reserved_not_accessed,confirmation,17fcefebba035373a8a5e31c241d9040e00cf936e9fe5e884339af09ca59a4ba
cifar100,21360,cifar100-train-21360,60,reserved_not_accessed,confirmation,0a35e4ad952d60651710c0405aa3a6ebaca000dd90a88d12a5af7dd271502eb4
cifar100,21369,cifar100-train-21369,35,reserved_not_accessed,confirmation,12424f2f36a441e465e05e875069d166e452020602a54084fcea3a0860ebe1ed
cifar100,21396,cifar100-train-21396,20,reserved_not_accessed,confirmation,1743e4c3823ffd422a91a0dbbf9ffae664b5f849a945ea5b75646ae249119a6d
cifar100,21451,cifar100-train-21451,93,reserved_not_accessed,confirmation,11e914fef592d0d0b58cc8d827c79961d064d602aa83d941a612a11e390dfaba
cifar100,21528,cifar100-train-21528,69,reserved_not_accessed,confirmation,14982dd16e54ec271a3c99c95ffb3082d288dc70d8d3c90889d878b309099d37
cifar100,21554,cifar100-train-21554,45,reserved_not_accessed,confirmation,134a84eff27662cb5244b9f2eb0390535bb7b87d1ef6cdb21ca22d2a582588c9
cifar100,21575,cifar100-train-21575,39,reserved_not_accessed,confirmation,10084b1e487e00dde794e08f5f3223ccbd78b2765919a689dc0e4ef259fd02df
cifar100,21698,cifar100-train-21698,89,reserved_not_accessed,confirmation,0f24162824e6c237b7de26f94e904c8d482c3a6c68611a72a19783e7237d6925
cifar100,21760,cifar100-train-21760,55,reserved_not_accessed,confirmation,0a68109b7a2e2c6d10439e4482ea95bc6a65ed15b83e85e32c166b6c188f1bee
cifar100,21879,cifar100-train-21879,15,reserved_not_accessed,confirmation,12e24b9dc0cf21898ca2ef9ef14878b3a12ff40c50c81347e4b12e8b0dc2eed9
cifar100,21898,cifar100-train-21898,36,reserved_not_accessed,confirmation,10dcefd0f174d39e7074e3b2070879bd469919c1bc5f3dbf1620dc52e52bd39a
cifar100,2193,cifar100-train-2193,21,reserved_not_accessed,confirmation,10dd4baf73f322e8fe31bc7a41d37e0facf7f059911ab79b270b04653afe196b
cifar100,22000,cifar100-train-22000,34,reserved_not_accessed,confirmation,0d04cf802d287d506316b0e1ff978276c2bf2d00b98b597b1d1d8676458ee3c3
cifar100,22012,cifar100-train-22012,16,reserved_not_accessed,confirmation,107f8fa57635080f2b42329966cbc90fc9a8ab4f7f5bb2438dd54453adcd06f0
cifar100,22019,cifar100-train-22019,61,reserved_not_accessed,confirmation,0e1a6a8c8ee4390e0eada57c98f6f1b50045b372c93c03c390dac17632e2cb14
cifar100,22066,cifar100-train-22066,6,reserved_not_accessed,confirmation,0d445e8d60636418bcf7a09bdb58e69ba62163d4ad196e82be0cb75d9e772422
cifar100,22165,cifar100-train-22165,0,reserved_not_accessed,confirmation,11b5e0aa91d2305dd10b2e0b670fc33a6308dc3d81878b3df109541f696644ed
cifar100,22196,cifar100-train-22196,9,reserved_not_accessed,confirmation,106a47ebd34df5cf6c789f00a7d0bbb64554be94637d5bb4e9cef399dfe311ce
cifar100,22240,cifar100-train-22240,86,reserved_not_accessed,confirmation,119ca7a2df6941e5a79e9897f3018fcaea0b45138614f374f1e6d4ab6e2d300a
cifar100,22241,cifar100-train-22241,69,reserved_not_accessed,confirmation,1162749356233a80fc6fb9bdc5a14635b372c3c496266780cef4f448f5ea24ae
cifar100,22254,cifar100-train-22254,82,reserved_not_accessed,confirmation,1752278969d158475db3e2a3c7ab6d98d784e9ef7a202ee7dc638331b1a65f23
cifar100,22256,cifar100-train-22256,26,reserved_not_accessed,confirmation,141528bb39d1f5f93fc228f9df3fa51bc20a040a54d0f218d6aecd19e0f4cecd
cifar100,223,cifar100-train-223,39,reserved_not_accessed,confirmation,100f00b154dca29ec518adf067f88c70f7bff89ce5cd5bf6ffb0234af1237c56
cifar100,22307,cifar100-train-22307,89,reserved_not_accessed,confirmation,128a2c5e615658b587548cebfc948c64ae6513ec5e3fbd1c8c8c7551a9e2766e
cifar100,22353,cifar100-train-22353,37,reserved_not_accessed,confirmation,128bf1da30cd6742d5454c705e9edbcde8bdd469ec0a37ccc90e444cb3817259
cifar100,22375,cifar100-train-22375,43,reserved_not_accessed,confirmation,11378c444354b01252baf8a8683ac4200ab71856dcee312a0f3d69f373c34ef8
cifar100,2238,cifar100-train-2238,30,reserved_not_accessed,confirmation,193a8561524b08ec0f0de8368c8a931b12cf5784b59a201d3428e056faa3b16d
cifar100,22502,cifar100-train-22502,3,reserved_not_accessed,confirmation,164f4274d51ecc4f5578031e8e2c48ad91c584feeb57665f2f8ee82bc280c11a
cifar100,22534,cifar100-train-22534,91,reserved_not_accessed,confirmation,1259f6b71a43e406d799442b860adb433da75a9a4aede0a2a933b4942f1b323e
cifar100,22542,cifar100-train-22542,83,reserved_not_accessed,confirmation,16c890002999f2b9fcbcc90bd3eb3bef086831fdc6111e48f3d63b660d63a706
cifar100,22591,cifar100-train-22591,68,reserved_not_accessed,confirmation,1141a5e594a2a9797d73383e3c5285bfdcc4c13fa2f4a10975990b2ce2adb0ee
cifar100,22643,cifar100-train-22643,99,reserved_not_accessed,confirmation,0f0b62c554cc7b52e0a9d0176bdc461e6e939a6c8b5afb18d5611235791ada43
cifar100,22658,cifar100-train-22658,12,reserved_not_accessed,confirmation,0d81f5124d2dcf761eef238350d3fdaa0bc9e1bce71301901f0cc4b601b1a48b
cifar100,22751,cifar100-train-22751,59,reserved_not_accessed,confirmation,13a6c20fdd9282072f6ae43c50d8cc46e1d8b2abcffc4452c601ef7770533fb4
cifar100,22756,cifar100-train-22756,77,reserved_not_accessed,confirmation,18fbaa7b8c2a750ec9be9b0878e70c3ebf29650d42ee6cbdd875bc3c227eae92
cifar100,22759,cifar100-train-22759,7,reserved_not_accessed,confirmation,101968513c771b7b26cf574310dbdb25d04f066b0225628d7b1f5b05ad34952a
cifar100,22842,cifar100-train-22842,13,reserved_not_accessed,confirmation,116c72154f28cef97ac5f6e4722abea4d47e85624481e38ac8bbfdd7d117566b
cifar100,22850,cifar100-train-22850,99,reserved_not_accessed,confirmation,1269d45a488df2de3d1ee66d206a8d28debc9fa4b52db99db13ecee2adcccedb
cifar100,22858,cifar100-train-22858,15,reserved_not_accessed,confirmation,13ce1c6cd2ef20c8304d76d1eb52322026257e3a69a59cb0eb42172310498a2f
cifar100,22896,cifar100-train-22896,77,reserved_not_accessed,confirmation,123f3978b9396b1fda08fbf59ba4a27b310cfc06743b291428b050d133aa88b0
cifar100,22932,cifar100-train-22932,15,reserved_not_accessed,confirmation,14e9e4174dcce69f0654834527dfbb3e54658ce3c7921b6ad54b8f799ef3498c
cifar100,2294,cifar100-train-2294,49,reserved_not_accessed,confirmation,0d57208d93893224a817ca88abc60d133077f1098ca5d8ce227d3960919d4592
cifar100,22999,cifar100-train-22999,75,reserved_not_accessed,confirmation,0f0ffd91d191b65ced713b120364a544c6ebf87878e9705bb01370b5db696ec5
cifar100,23034,cifar100-train-23034,86,reserved_not_accessed,confirmation,11c76f36d35707b209f5329f848ea2fae4b3689e7588e01cf89809d04960fee4
cifar100,23275,cifar100-train-23275,22,reserved_not_accessed,confirmation,138be9b5540a26ced639cd2554358ba8fdf38d25c25e313a951909cd5d47b106
cifar100,23278,cifar100-train-23278,0,reserved_not_accessed,confirmation,1064036a77cd220e44ba9099ec5fdb53de3e3faff6fcf9a3b60fced8dd9b8e25
cifar100,23282,cifar100-train-23282,65,reserved_not_accessed,confirmation,10bbe0f9f2c15d38c4f7fcff443ee9c5ba71594cf485488e4c8c044b4f777cf3
cifar100,23320,cifar100-train-23320,25,reserved_not_accessed,confirmation,12e6fd52ab2c75e918108a4d1149be8b16f05e6478ea9e1eb9ad9f4a32bfea91
cifar100,23408,cifar100-train-23408,27,reserved_not_accessed,confirmation,0fd9c280edbc8e17680bd4f7e623ab9961296a79479305a64f5f575790976ac1
cifar100,23418,cifar100-train-23418,86,reserved_not_accessed,confirmation,128b97df5ecbe37b37d9a69c8c5b9ab4108417b0603f9a5ae7aee04a468ed9ab
cifar100,23464,cifar100-train-23464,65,reserved_not_accessed,confirmation,1288e8859c507395088161fb02a2914848d8b5977841322c66f86e736d2c8326
cifar100,2354,cifar100-train-2354,60,reserved_not_accessed,confirmation,0d4b1b39d9c8be182e0d481bcb7a05291672c99c2ae7e95be390395a2bf30f08
cifar100,23545,cifar100-train-23545,59,reserved_not_accessed,confirmation,162e5e44789db51ffafeb044d1ecd030122107f88b022c44de14b08fcad4a9ca
cifar100,23553,cifar100-train-23553,92,reserved_not_accessed,confirmation,0e5f5e4a694dcdd562d10e28eb56ddfd508c47cabee52aca5eb83d4beedc80b9
cifar100,23558,cifar100-train-23558,58,reserved_not_accessed,confirmation,11e35502544b93989b30257dc6e99da4e660dbf2a0286e41361fc120dffb6bf0
cifar100,23605,cifar100-train-23605,73,reserved_not_accessed,confirmation,1456cf5870460a364bf9b562460483952dc9bec56955f26651529c8bc7d9b9e6
cifar100,23609,cifar100-train-23609,76,reserved_not_accessed,confirmation,0d6349635d1606ddaf5dc75015e2bb6c57871e42fed40331f5dc14dab07a2da8
cifar100,237,cifar100-train-237,40,reserved_not_accessed,confirmation,1be14ba3fcec0dc8422195cc8fef24674a818a6ec8778816ac86ccc80b711c47
cifar100,23732,cifar100-train-23732,30,reserved_not_accessed,confirmation,1a63c8765b1a4d0c3b03500fc0d4d7df10e114a55b754d528d2f7f91076b2a63
cifar100,23772,cifar100-train-23772,20,reserved_not_accessed,confirmation,17f6a0a2cf1b19b3740ed491050f028bf79b913c8aecd3b4d35d26254a4ea8f3
cifar100,23847,cifar100-train-23847,63,reserved_not_accessed,confirmation,11504139eeb38df27c315ab8fc09c3a9eaba4b2ad420d8f4f0f6ab3566482e27
cifar100,239,cifar100-train-239,22,reserved_not_accessed,confirmation,177e7dcac5c19d47b0ba2a5dea9169637c844ff42bb1408ca27b63c8e05835a7
cifar100,23949,cifar100-train-23949,56,reserved_not_accessed,confirmation,14811e4bf2738695fa539160b5a3856598c366edc9c0aa325919f1cbd713aeeb
cifar100,23957,cifar100-train-23957,32,reserved_not_accessed,confirmation,13ce59056d544097837a9488522e4298b03b4c166b59f74b7c2f9f50c8c5630a
cifar100,24077,cifar100-train-24077,38,reserved_not_accessed,confirmation,103d84750509cfb5909954b76de57c9bd2fdf2bbec2e8589e3287453033e7115
cifar100,2410,cifar100-train-2410,73,reserved_not_accessed,confirmation,0bdb2561d4935705757a7abf167bd28b480b0c8cf89ecd9cbcf0d64d3f5ee6d4
cifar100,24101,cifar100-train-24101,35,reserved_not_accessed,confirmation,11d78e865a466e84cc23c5e40b8ef93cf96a5a9c80837794dd5974012f666728
cifar100,24133,cifar100-train-24133,41,reserved_not_accessed,confirmation,0fa8b6c0a24d1012f01dfc9110bf8f96c2e91d3af53f14627f4063ae99ec1012
cifar100,24204,cifar100-train-24204,22,reserved_not_accessed,confirmation,177143fd3de1830d634b77d1e2b849dcb2cfae9984016db9bec91ecfacb29244
cifar100,24262,cifar100-train-24262,22,reserved_not_accessed,confirmation,1870175c2217a96904ec8123f08c5699936bdd51bb72ef768bb611d7b3e5f198
cifar100,2430,cifar100-train-2430,54,reserved_not_accessed,confirmation,133988a0264620e3b2f7a6fba8c686cd17cb8dcdad60ea5e831fa00dcd10ef03
cifar100,24344,cifar100-train-24344,85,reserved_not_accessed,confirmation,14231fd890aab07bb3cfa87093e786e1bf4e8fc08acafdfa74be2c182ef00aee
cifar100,2446,cifar100-train-2446,29,reserved_not_accessed,confirmation,17b8f2e4be53482c17e9f30a4dd265d60c8c759ede9b1d654ec466b2fc4508bc
cifar100,24570,cifar100-train-24570,8,reserved_not_accessed,confirmation,16e8ceb40d40c6739343b35fe677993df16a34d9e913617af52657a967cadeec
cifar100,24667,cifar100-train-24667,83,reserved_not_accessed,confirmation,120f1a079b9967dacdd80a966df304294e5cfee895e330bde9e3b404d8d18939
cifar100,24685,cifar100-train-24685,62,reserved_not_accessed,confirmation,0aba6c71303cdeff305248f549a96629a7deca241905827cca3a1ed9bee9e349
cifar100,24706,cifar100-train-24706,35,reserved_not_accessed,confirmation,127e951bc9501486712deb8dbe77b7ac21a63fa07b43ef80e9d953a52fee2336
cifar100,24744,cifar100-train-24744,16,reserved_not_accessed,confirmation,0ed916fb4d5f05ad2b4ae9c133474001ddfb31ea610fc4b85316820c898e6ce9
cifar100,2477,cifar100-train-2477,46,reserved_not_accessed,confirmation,0c422ec40935dd5f27ca15117b3774aa58fab532e0834c99d4194fbdb9d0288a
cifar100,24792,cifar100-train-24792,49,reserved_not_accessed,confirmation,1078c2cfe2160a59b102469f6b277f8865b69d574626942842839b1f5c95a209
cifar100,25002,cifar100-train-25002,72,reserved_not_accessed,confirmation,107ad90256ef9f43de665704c4245394d0729971ed1439b0a8eddf754c2a4954
cifar100,25008,cifar100-train-25008,95,reserved_not_accessed,confirmation,0f3c4a78e97677ebf2449f1235676a4f60e955a00ffe6e50a9ddd7b2fa7fe96e
cifar100,25046,cifar100-train-25046,65,reserved_not_accessed,confirmation,11eb61d00cebe57c8905ac5effc6ed44ca862a009f6a5f2e6bbc1336dcde6a71
cifar100,25047,cifar100-train-25047,26,reserved_not_accessed,confirmation,1341de027bb912789a140dc928ee39120b22d221990928f73c26c3f754017a20
cifar100,2507,cifar100-train-2507,34,reserved_not_accessed,confirmation,0d719e94a5bd61e250f7f3d3b0746da1091aa48b8b51a3bdbf63b8485d5b69e2
cifar100,25101,cifar100-train-25101,33,reserved_not_accessed,confirmation,1362ed3f3938900b78f1ff8773780f8bd9dd86c83f09a96b4a3c787c9df644ca
cifar100,2511,cifar100-train-2511,30,reserved_not_accessed,confirmation,194b192982973f8d6e7a72378df79ba6bb1e47eea65e4e7baa38c456519995d1
cifar100,25142,cifar100-train-25142,59,reserved_not_accessed,confirmation,151466c2ceebd4e1ac67446cb6400ee4dd382f4c1536a79243c890fccb3f3776
cifar100,25175,cifar100-train-25175,76,reserved_not_accessed,confirmation,11cb1fff7ecf6c7710ea4d1ceb321fd084cd2904f2f0c2af6b511f26e9e33b30
cifar100,25181,cifar100-train-25181,13,reserved_not_accessed,confirmation,11c177457a09cce1ef07df30d18932e7d2d4bb51055ee130f5d0435560d791e6
cifar100,25199,cifar100-train-25199,25,reserved_not_accessed,confirmation,12d5c3b62474c6d14549eedab629fed5fdfac4ea4dae8d0439406b3a3e94e2bd
cifar100,25357,cifar100-train-25357,27,reserved_not_accessed,confirmation,11077dd10cab900d2558907feba4d9726e6bab42b7600d80aabf78e8fccde62d
cifar100,25377,cifar100-train-25377,50,reserved_not_accessed,confirmation,126d9a80af5c72d331d9516fd87c33673c1eced67619685a74149f229ce44e66
cifar100,25441,cifar100-train-25441,25,reserved_not_accessed,confirmation,0e17068dd4e1526029827c43ea23f4ea7200980cc8f70d920831847963d7c36a
cifar100,2549,cifar100-train-2549,3,reserved_not_accessed,confirmation,16d9bd05014940f6daff7aafd738d56f0f71f43e4de52bb250e8b451eca558c6
cifar100,25504,cifar100-train-25504,20,reserved_not_accessed,confirmation,1237e389540bbe8c364b12304102fa89f53b804d13ced85574a924832b87b289
cifar100,25507,cifar100-train-25507,20,reserved_not_accessed,confirmation,17820f64aaede5c41fc4664377c06bcf473087c490ed08f47b1d4798f1c3fb65
cifar100,25600,cifar100-train-25600,71,reserved_not_accessed,confirmation,12547267192062b0a63e53e1c633d2045af2456a70c828451e11ecbd5c07ffec
cifar100,25750,cifar100-train-25750,97,reserved_not_accessed,confirmation,0cf369856781af1399bf61544ed6f4b76952613ff59560c9cde1422a16ed6095
cifar100,25818,cifar100-train-25818,44,reserved_not_accessed,confirmation,0cafa549f682ac01fef21f85649c31c5d565eb30bad0c20dc4911cf44784f904
cifar100,25862,cifar100-train-25862,98,reserved_not_accessed,confirmation,14bfec016e00f3c360d706febb57cf28b212974a17161e52e7a2da2dad735599
cifar100,25888,cifar100-train-25888,51,reserved_not_accessed,confirmation,127364717e2e17cd1605e61b8de5c2684dc741ba54ba67f733cf335fea441092
cifar100,25965,cifar100-train-25965,75,reserved_not_accessed,confirmation,12c140cc026e69eeadb1f672c9fda6044efa25773d94ff5cf1effbf4ffeb78d5
cifar100,25973,cifar100-train-25973,4,reserved_not_accessed,confirmation,0d990b44084d2a576bab2e4bdc8a08832e6f62cac23a64da0327790956d9d805
cifar100,26000,cifar100-train-26000,91,reserved_not_accessed,confirmation,0fb99844ae4b3b06f8b3c3dac3bf800b459b777655411c82ee39ed70e7b47d34
cifar100,26008,cifar100-train-26008,80,reserved_not_accessed,confirmation,0db2e0f63f2a149323c002ac0d94821d1689d019d3887ad56efd4c9d84aa56cc
cifar100,26070,cifar100-train-26070,22,reserved_not_accessed,confirmation,1283208faa4005123fbbcec31c43c94783d977a9e729cdbe9a2fd01707bf485a
cifar100,26100,cifar100-train-26100,32,reserved_not_accessed,confirmation,0dffebf2b8633ba222dec89dee78c7532d3221aecbd7edfe6e19bd5eafd292d0
cifar100,26149,cifar100-train-26149,98,reserved_not_accessed,confirmation,1502d7b83a1cc04e066223fb2d73d84f340cfc242f1efd02b5c273ac34cc6f47
cifar100,26194,cifar100-train-26194,59,reserved_not_accessed,confirmation,149cea0f2cc080c6887cdebebd8ff6758083bba7143e9eac211f8da7153378af
cifar100,26278,cifar100-train-26278,31,reserved_not_accessed,confirmation,0f3ad56e4f1663ccf793cc42e9511a7bae2082cf3b61337d742ebe8e08135a1c
cifar100,26390,cifar100-train-26390,64,reserved_not_accessed,confirmation,0fd05c645f6a6e0f44138426e427c515988dd4bab6d75c5a0b435e05275fa83f
cifar100,26410,cifar100-train-26410,56,reserved_not_accessed,confirmation,1ac51daac7c1ab5c716a43e9ba808b66d230ee34475da6f1b4534dfafa9bbf38
cifar100,26438,cifar100-train-26438,95,reserved_not_accessed,confirmation,119dc317e0db22d067172334156ca510321c003c4badd14f9ce5f121dbf3fc29
cifar100,26522,cifar100-train-26522,13,reserved_not_accessed,confirmation,13ed9c67c82479027a5a436e3bc9bc0bcccf279e43a2e1f3d09d08c63a7d2b7e
cifar100,26603,cifar100-train-26603,57,reserved_not_accessed,confirmation,0e81b41fdfa4d6cf2fc2d022e7ef23f301e1df217b436ac500c4c979395ee732
cifar100,26609,cifar100-train-26609,55,reserved_not_accessed,confirmation,0b69f38e96d8008426a271b36611cab7093d2b0f0a0d60e4f7cd96aabc6ef95d
cifar100,26622,cifar100-train-26622,68,reserved_not_accessed,confirmation,08d760f964897fdf93cd5ebab556f0754616638c0b18d4b21100ef07e942d997
cifar100,26677,cifar100-train-26677,37,reserved_not_accessed,confirmation,12fb230fba511dc10390d28cedaa6371351d1990b98a3a6d5ad077f08d949b4a
cifar100,26800,cifar100-train-26800,91,reserved_not_accessed,confirmation,0cc62a54a12a090ca8903b9f2d7ef67d9838a2cddb4e885920f64a9f6123e9c8
cifar100,26843,cifar100-train-26843,42,reserved_not_accessed,confirmation,0e66e9286cc6c461029631d347c9917c4f425fd57e55ffbbfd65221b11b34615
cifar100,26923,cifar100-train-26923,28,reserved_not_accessed,confirmation,119075b06c318c9b8572258e1d2ac56fb48e804673acbc4cb0766434d999021e
cifar100,26932,cifar100-train-26932,94,reserved_not_accessed,confirmation,138c1648b655a4472e0c0f67ea451f79065437eb7b409867dd6f61ef6ee601fa
cifar100,26964,cifar100-train-26964,74,reserved_not_accessed,confirmation,10c289452c35d251801b5202a251f46065ebe2fcfb3583ca7c9cab8da1ca85bc
cifar100,2705,cifar100-train-2705,62,reserved_not_accessed,confirmation,0a04c5401e90ec64d7da6a6c70d24f94a60b14f0760dee7bac603c7d0fc11d82
cifar100,27070,cifar100-train-27070,86,reserved_not_accessed,confirmation,14462a38d90c92962bb16db73fb7e32c51c8fee579778009b43a606a9b96386f
cifar100,27151,cifar100-train-27151,45,reserved_not_accessed,confirmation,12ca852c4224f61a6d3f8fbbc0bf32b85dca5a6c4a6b9c3960f8d22f2d320977
cifar100,27170,cifar100-train-27170,49,reserved_not_accessed,confirmation,13da8911721647dc16ded593a32221f6144bca2a2e5c1bbcaaabccf0e77202ba
cifar100,27232,cifar100-train-27232,25,reserved_not_accessed,confirmation,11b9553b512b6f0cf73d9e3af6a28d9f38a5c4f3aba2bd67e254c0aa2aa47248
cifar100,27272,cifar100-train-27272,0,reserved_not_accessed,confirmation,118d29d51acbe3576ea7e7b96a50b18e0926f1f01455e4348af1f3b2a5310e0d
cifar100,27277,cifar100-train-27277,50,reserved_not_accessed,confirmation,131e6107884d23b6888cbb7aaeb31c450ace224356feceb2293014c6ce6ff106
cifar100,27291,cifar100-train-27291,61,reserved_not_accessed,confirmation,0eba2b00b78da3bf8da9f2da1304f15591cdbffb15afcb4724ed5ae9ac05c309
cifar100,27319,cifar100-train-27319,90,reserved_not_accessed,confirmation,15ddfefb19128f58701718af6a06ee30e44cb5ca0914c4bfdf823ad1f2687487
cifar100,27370,cifar100-train-27370,96,reserved_not_accessed,confirmation,1486c2de9ca5afacf8b5dd5f39602742005c04d321f0bf2ea6e39cd2c1039cb3
cifar100,27387,cifar100-train-27387,87,reserved_not_accessed,confirmation,0e8beb67831af149b60e7e39c9713091c8f7d762b786871a4c7310c2c05d635e
cifar100,27392,cifar100-train-27392,23,reserved_not_accessed,confirmation,0cf04707d0e7a9c6f4419741ad33c784d839e2e267c720c23151157ad7f2b680
cifar100,27423,cifar100-train-27423,73,reserved_not_accessed,confirmation,0b9b3c46825194e90a1eafc3ecc5762ca422707edca98ab272019244c008f09d
cifar100,27459,cifar100-train-27459,83,reserved_not_accessed,confirmation,145adb0e1e32c3a46ab646c1d92c8656fb7b5e59ae472eae388ea5295555207e
cifar100,27531,cifar100-train-27531,83,reserved_not_accessed,confirmation,153723f361ac067cd5fb70e72ae0a19926c9e2f9700fa31ebb8af93bf0d493be
cifar100,27557,cifar100-train-27557,62,reserved_not_accessed,confirmation,0e098dd869f1db7eb961d4fd1919486b210a401fa69099dd44525f364bc1d89b
cifar100,27595,cifar100-train-27595,2,reserved_not_accessed,confirmation,17f8d8c7ac5f460335178c6c7b2e62c7c7846b5db7f45784b744a7e973e57fb3
cifar100,27596,cifar100-train-27596,12,reserved_not_accessed,confirmation,0f667abdd48b52442ef6de2e1c91c702bb98d62a6f7fe442eefa45bce57ea4e1
cifar100,27645,cifar100-train-27645,74,reserved_not_accessed,confirmation,1000df78c58276e056a3697bf8ef611f208b14c802261223749b1116ee6e83f8
cifar100,27693,cifar100-train-27693,75,reserved_not_accessed,confirmation,1277b5e697b52fbf71567acb5474f2c1cd9f7e77edf74488ea642382ce35c14d
cifar100,27705,cifar100-train-27705,3,reserved_not_accessed,confirmation,122b97671f4902d2a9eadf5f0f81f3953e944c50f44e66e56a464bb71262d83e
cifar100,2775,cifar100-train-2775,76,reserved_not_accessed,confirmation,0f6dec65aa170d8930f61524b064eda46871cc8deb4cd37510626a96f85995e2
cifar100,27759,cifar100-train-27759,0,reserved_not_accessed,confirmation,0e6983af6e21eeb10281d02b83fc432d9bdbfd44c5a5abbc86689e5fc525864e
cifar100,27787,cifar100-train-27787,3,reserved_not_accessed,confirmation,14ad02de0b3ebbffae850ddf6a744f094012b87816ec3b12d73c470dd99bec74
cifar100,27794,cifar100-train-27794,72,reserved_not_accessed,confirmation,13dd581f5860b54cee68c7564883ba24709e6898c191ee6723e1b7c939fd7828
cifar100,27806,cifar100-train-27806,19,reserved_not_accessed,confirmation,0f115861d51bb92e2d9c412f019ade1cb1e160398a96eb52a9025407e6921c88
cifar100,27807,cifar100-train-27807,5,reserved_not_accessed,confirmation,12cecc7a180e0ee2ed6e8d6472190ec1897c56402211ff0d2ac6b3a0ddbf818b
cifar100,27816,cifar100-train-27816,24,reserved_not_accessed,confirmation,108d60e91e15660886475d6656c2ec33a517aa9d36ff9caa3c738b1d3a2e5715
cifar100,27845,cifar100-train-27845,81,reserved_not_accessed,confirmation,125046996f056d2f4eb90e6d98368664af9516eae32b4d596e9ace89cb6eb82d
cifar100,27891,cifar100-train-27891,84,reserved_not_accessed,confirmation,15f277761d0d84b3a026e552f9a3ee1781d9804431e4a9de8cf4a20ef4924422
cifar100,27958,cifar100-train-27958,57,reserved_not_accessed,confirmation,12589f569c37a0046e9b6c0ca0718a7b8527d4e325f30f9941db787b884643cb
cifar100,28027,cifar100-train-28027,47,reserved_not_accessed,confirmation,0b3406aafa2c73271c1785090aabad97ffe2877a7465d1201e3ad270e8102534
cifar100,28089,cifar100-train-28089,12,reserved_not_accessed,confirmation,11757977466340988e368f89117a24d945c3f03f0f1b0c043ad294301c31c396
cifar100,2809,cifar100-train-2809,64,reserved_not_accessed,confirmation,105efa3e8055cd65d9be994770c207ccd4f47ac4d2ed73a43c37b8b4514fd4d3
cifar100,28108,cifar100-train-28108,52,reserved_not_accessed,confirmation,155fe1d5b37255b45bea5c7cd450668317e4836fe3c4e56c86fbc9666ab5541e
cifar100,28123,cifar100-train-28123,17,reserved_not_accessed,confirmation,07d7f6e9bd987f4a7e0e02af1f9d31dcf4fcb4cbd4eb2cfc99319335dfd3a432
cifar100,28255,cifar100-train-28255,6,reserved_not_accessed,confirmation,0e4bb53d6397f6d8cb9688e36874cdf3e04b1cf1d58cf2c5475f2403d7053082
cifar100,28260,cifar100-train-28260,24,reserved_not_accessed,confirmation,0fd6206a944edea2e4ea45a9d7a9eba1d00b3b08da7f502d9a0948c670e6d506
cifar100,28281,cifar100-train-28281,11,reserved_not_accessed,confirmation,1185ff680367f411c292675569a3eb418d5c3f1a3b50769f6a3c1e481a68a919
cifar100,28291,cifar100-train-28291,46,reserved_not_accessed,confirmation,0ec220a33f89c5e4672266b6d0d13eea3d90fb5ed7df4088f849b3fde17c4bfd
cifar100,28303,cifar100-train-28303,92,reserved_not_accessed,confirmation,130d439adcfe25446802ad0ebca4cd313094b1394918624363b6a88a03dc238d
cifar100,28316,cifar100-train-28316,0,reserved_not_accessed,confirmation,10d1a613a2c950d31cf9ad7d367b8ac40dcf115a6b767d448a6b4f79534ed73c
cifar100,28365,cifar100-train-28365,70,reserved_not_accessed,confirmation,103fc130ab835530e1145fd6a7959a9e8114f80fa3a20a2c348fcf97f40f420b
cifar100,28381,cifar100-train-28381,24,reserved_not_accessed,confirmation,10e0558663df6d29d0681f911c764fb02c5089090d84c222777baad061d45dae
cifar100,28539,cifar100-train-28539,80,reserved_not_accessed,confirmation,107dcac62b40f9bc6a4e29f802e6e2f030512f14c8033d82cf6e1b0fd6c1cfe1
cifar100,28624,cifar100-train-28624,58,reserved_not_accessed,confirmation,11b684a0abae256e07d80bbb6df3c8a38495fbbdfb0d78f8a423aed5d0a20869
cifar100,28680,cifar100-train-28680,99,reserved_not_accessed,confirmation,0f2a8d7c5981c8e9d6ec90288ce9e89192ee385540129af2ab6e0127a645af7a
cifar100,28786,cifar100-train-28786,74,reserved_not_accessed,confirmation,0db6dfac61f04960aa7e6e73f3e96300fee6c93846dd828ca852d9375643c598
cifar100,28832,cifar100-train-28832,53,reserved_not_accessed,confirmation,13d4c5202486aac88496c3e97355edbd97afcd569bfaf9a9c1ceaa15d0fc74ec
cifar100,28843,cifar100-train-28843,98,reserved_not_accessed,confirmation,1760eeb1eda257039d383eca39595189f3d8d3b62985f6846607cd0bebc1078e
cifar100,28914,cifar100-train-28914,79,reserved_not_accessed,confirmation,13e4a561eadcf5ece8fdbd98456cfc55a14b5881c60078ad1c08514a4f1bf159
cifar100,2897,cifar100-train-2897,43,reserved_not_accessed,confirmation,1281b72285366edb3b035a6c808756edf3f354223483b44c7d05b92a3c95e6c3
cifar100,29059,cifar100-train-29059,79,reserved_not_accessed,confirmation,13700fbe1af7a90ae6e2ea2276852c3e710d444a8e50327fbc2fd9adb5f0607a
cifar100,29068,cifar100-train-29068,93,reserved_not_accessed,confirmation,1212c3a1b9a48bc8d90201d89d4f777f34dbb7f65da6e555efcda8b9d201ca96
cifar100,2908,cifar100-train-2908,1,reserved_not_accessed,confirmation,14aa17b1aebafbdd6778e19816796c9cd28bfdb0980fdce0ceb38d16502542ce
cifar100,2914,cifar100-train-2914,74,reserved_not_accessed,confirmation,0f51e591dbcc2b69acf4845ab02390b0e4d5d973d01cd86787501eafb95cd779
cifar100,29285,cifar100-train-29285,66,reserved_not_accessed,confirmation,11f6c1c09a5f076b068abd2db15872a38b731211a68b6af82ede7a068ef8ea44
cifar100,29290,cifar100-train-29290,27,reserved_not_accessed,confirmation,0cd90bf062b5759671a6f1fed62314fc70c41ed4f11da53faf043a0072537703
cifar100,29333,cifar100-train-29333,31,reserved_not_accessed,confirmation,139c80dbb8893c74109d4d1c94b89ff13c341c545d3980098c6bbf62cc399705
cifar100,29379,cifar100-train-29379,36,reserved_not_accessed,confirmation,09f4fbc873b09a804ff69e0c7ac790d98c1322328d75083df285506bb3ef528e
cifar100,2938,cifar100-train-2938,80,reserved_not_accessed,confirmation,11550ec74b73fef5cc33e842f3055e79a853bf84d71b1bf7af3f1f1ce8642419
cifar100,29391,cifar100-train-29391,4,reserved_not_accessed,confirmation,0d5a31ddb83aa9d6ac24c470fbbc7f79afb2950706e235028ddad463585f671d
cifar100,29434,cifar100-train-29434,67,reserved_not_accessed,confirmation,146322aaca1ce4e1213797066d868e8f4cc1ec669f07846078bee78c5f46b26f
cifar100,2961,cifar100-train-2961,77,reserved_not_accessed,confirmation,152346499d4f0a5af320b194f38ec6d6fd6a71c17b225b5e1ec3c79ed23992d5
cifar100,29643,cifar100-train-29643,14,reserved_not_accessed,confirmation,13a0f95b4d7e374cf90b1b9f2a75c861fff3e8b4e81a4ffca022f00e1d44a62d
cifar100,2966,cifar100-train-2966,72,reserved_not_accessed,confirmation,0f111a1ba3db0cb8e573367fdb05febc122a3870471d63b5f56f70d180f3598b
cifar100,29788,cifar100-train-29788,97,reserved_not_accessed,confirmation,0fdc5361cd0573af03460404170bab1b28d8ee36c757fe2e1e153e3b4fec6a45
cifar100,2992,cifar100-train-2992,68,reserved_not_accessed,confirmation,0e609ce1088405ca68a361d52014e8c6b2b57c08a9e5a76afc989786032f8913
cifar100,29934,cifar100-train-29934,66,reserved_not_accessed,confirmation,0e7d2c4e036492dc3ec1ff8e14f65342d4df13db47b54c58cca815edcd7e0e7b
cifar100,29993,cifar100-train-29993,24,reserved_not_accessed,confirmation,111fdd2297b3f6984b5c53b3b39b6f1175b61d09aa7eddd600d2b960457d5543
cifar100,3002,cifar100-train-3002,78,reserved_not_accessed,confirmation,1310afcd313c372893eacc855706be4a7f25d2c7e8f2712ccfba703744ef6215
cifar100,30092,cifar100-train-30092,18,reserved_not_accessed,confirmation,17afacfa331acffc548755f4e489a8ad13d9c923b9edef1ab74fcb933b880935
cifar100,30149,cifar100-train-30149,89,reserved_not_accessed,confirmation,0f4b618bb35042fae8fd4c78ce432cd44286bdf7a7dee69bc5787c32d637ae8a
cifar100,30217,cifar100-train-30217,17,reserved_not_accessed,confirmation,0a3e8b9a88351fcb1db02b0e0375abee1fa0410d6db55f1c3334652229132eb6
cifar100,30226,cifar100-train-30226,96,reserved_not_accessed,confirmation,118429fb15353f72daf735b492ceae7ef813de50ebbc5be360a81331a3c2a485
cifar100,30230,cifar100-train-30230,83,reserved_not_accessed,confirmation,109bcc4d3ade4728abd012f353102dc670a189617e47cbdffd52e3482b50705a
cifar100,30234,cifar100-train-30234,24,reserved_not_accessed,confirmation,14c189491cfaed19ec3a31f8a648bc3472212a25e9ede4d357321ad9e51404ba
cifar100,30259,cifar100-train-30259,33,reserved_not_accessed,confirmation,12527ab157c0838e2dc7116c32aafbe3df3db38934e90b982d229cd1a560e1d4
cifar100,30481,cifar100-train-30481,57,reserved_not_accessed,confirmation,10cf0811d64cf11dbbde9edd254acb0f3a5ef7474d9ba27bf80965056a647380
cifar100,30485,cifar100-train-30485,60,reserved_not_accessed,confirmation,0bfbb55b76050a879a0d1f4e7ff12241d2119c6737535af6c144b4566cbd0c9d
cifar100,30494,cifar100-train-30494,16,reserved_not_accessed,confirmation,0d1c99ac2fb593b59d6569bb1546cece28f03f77c4051eb8f783ea2282e77faf
cifar100,30554,cifar100-train-30554,7,reserved_not_accessed,confirmation,0d4ec0b887bd2b650dff5dd2c64965753a2f8ce93e6d8fbd8717f96f5b4a8593
cifar100,30573,cifar100-train-30573,88,reserved_not_accessed,confirmation,0e8961be7fef77797f5f4d16865a05110e7e657a430a54f215482795516c0113
cifar100,30631,cifar100-train-30631,0,reserved_not_accessed,confirmation,0fa2818f0a67de12ba5aff94c044c8e460e758fd99164af00fab534c88dcd02c
cifar100,30708,cifar100-train-30708,28,reserved_not_accessed,confirmation,0ff335a6447936f5792b29934f7f06da884affc21cd50a04e8a141331c89c7b3
cifar100,30750,cifar100-train-30750,45,reserved_not_accessed,confirmation,1030eb009df89a7000604a2d9aa8aa25c4d743e7c05194ddc86758c4c34c383f
cifar100,30816,cifar100-train-30816,38,reserved_not_accessed,confirmation,0f684d44973f251d39c1402b9238e704494450a52294a9232258b48d538781a5
cifar100,30825,cifar100-train-30825,74,reserved_not_accessed,confirmation,0fdc46f646fe0177470d7b7dded4e24cdfdb2f9d27d47ea32e201458c016436b
cifar100,30912,cifar100-train-30912,92,reserved_not_accessed,confirmation,0dd4a5aa24a68830900585e01e5056cee9e1985c2b131587dbba3d84110dbc79
cifar100,30923,cifar100-train-30923,42,reserved_not_accessed,confirmation,0e6cb01d4c8a80c21f26ef52f6853172ed418c099ac0ae071636c0e6d63c34bf
cifar100,30991,cifar100-train-30991,67,reserved_not_accessed,confirmation,0fa79988e9c34e5b204420828676e961fb427d7aa19ae7258b6c9993b8308cf8
cifar100,31104,cifar100-train-31104,12,reserved_not_accessed,confirmation,0dd2e37eecc0ce15f72672b8f66d950b4069bba768b88ac0ee205b1546d6cbd2
cifar100,31131,cifar100-train-31131,88,reserved_not_accessed,confirmation,0fd199fd7d4348fb74cf9ea06f0bdc937a69782edcd731f64d6aac4d16ad3dae
cifar100,31188,cifar100-train-31188,9,reserved_not_accessed,confirmation,0ff119a46759c0abe433d9274d606619166f5ce47df2526b7d0124ade91e17ca
cifar100,31194,cifar100-train-31194,82,reserved_not_accessed,confirmation,112b96a298989295ff814cc5f1a487c200937e726c67ea49b2e1dc93c15b0f10
cifar100,31218,cifar100-train-31218,53,reserved_not_accessed,confirmation,10478287e174053668c2dcad2964837abeccf63bfbf72e7178fab83f451cef1d
cifar100,31220,cifar100-train-31220,25,reserved_not_accessed,confirmation,1069a32cf7ec790186156d64b332e6703a16d0b6dbdbafd4fcf6364d36779ffd
cifar100,31224,cifar100-train-31224,76,reserved_not_accessed,confirmation,1114d06f352c67e6343f1d23499d73730e4307f5792ecb2c5d0f120823c26229
cifar100,3126,cifar100-train-3126,54,reserved_not_accessed,confirmation,14a660d1f7aa58f5aeb4361cccbda8ed536bda33ee5f3e54668c4cc7a0c728e2
cifar100,31324,cifar100-train-31324,22,reserved_not_accessed,confirmation,18cbd65ae9e41082f5ce69114fc2937a881f9afa110afa58841f7771f68d3148
cifar100,31405,cifar100-train-31405,62,reserved_not_accessed,confirmation,0aa154cf9dd517c1a42afd3aaaf4a4665ae4fb268e723e36ba2be0184d301e04
cifar100,31423,cifar100-train-31423,37,reserved_not_accessed,confirmation,11146739a09dce0f8e348b5a2e3accecb77fa770985e16496e01a07ca5404597
cifar100,31426,cifar100-train-31426,23,reserved_not_accessed,confirmation,0faf053a5d7d16ac7f8065586a43fd641cfb10d4990a34a95fcd5e7d1015ae4e
cifar100,31487,cifar100-train-31487,74,reserved_not_accessed,confirmation,10096c290b5a80e560716b9018d3f38db3d51058853bf346e5222025ab88a94f
cifar100,31522,cifar100-train-31522,68,reserved_not_accessed,confirmation,107e65f47f8d61593e5b16b1626e615659d587179edbcee0da034d3385d17d0e
cifar100,31570,cifar100-train-31570,63,reserved_not_accessed,confirmation,168942ba42087731f61c2181f913ffecaa2e86328f94fdba22468337e2608c54
cifar100,31577,cifar100-train-31577,29,reserved_not_accessed,confirmation,141b935f7fd115b45676702d4add4b6087cdf4fd01439d79a525710de45d714e
cifar100,31816,cifar100-train-31816,28,reserved_not_accessed,confirmation,0f9a59bd546cd7d9740b64bda87a5933ba2b3aabe6ab65db945d9de5e495f58b
cifar100,31890,cifar100-train-31890,75,reserved_not_accessed,confirmation,14130382bff9e96f081c9bba357ea21e5e73026613376537ab2581ffec966725
cifar100,32011,cifar100-train-32011,94,reserved_not_accessed,confirmation,11415ccbed5236f0f46303e9b9caf79aa33c00e7a2daa449490a23449206b3ed
cifar100,32024,cifar100-train-32024,9,reserved_not_accessed,confirmation,119bf541032aa32a921eefa6e19a6a4a8915f20b8127154f095d6c8aa506aba0
cifar100,32031,cifar100-train-32031,91,reserved_not_accessed,confirmation,12e6c58842900e2efbd8e963faaed45197ff1c190706d965cbfb76a362174bed
cifar100,3207,cifar100-train-3207,71,reserved_not_accessed,confirmation,0fbc88fc70f73a62da0cf49c3b35d432c03263bb2903a494c66a6100f592127d
cifar100,32092,cifar100-train-32092,14,reserved_not_accessed,confirmation,12c1048645e90268f0ac35d048c2891ffaabedae7bb86642bbb611fe5e35f899
cifar100,32094,cifar100-train-32094,34,reserved_not_accessed,confirmation,1334fd23645376575244a7f762a8a73287cd9d153cce90d4cef915ed82fbe50d
cifar100,32100,cifar100-train-32100,90,reserved_not_accessed,confirmation,0f1432d80fa4d4154020fac2144ea25254e9b805a16c1641f54869da1e9a789d
cifar100,32137,cifar100-train-32137,2,reserved_not_accessed,confirmation,16d45d7baf8b53d50d65775922956fcdf20cd799e8e8ccfe5ab401e0a23f4d21
cifar100,32213,cifar100-train-32213,52,reserved_not_accessed,confirmation,14f9babbf47c03790d96606feab8029e40b52c52248ab06fcff54d59feb73823
cifar100,32295,cifar100-train-32295,29,reserved_not_accessed,confirmation,17bbe2ebe2e24d3b61b82feeebe41dc6320235f86908112bfd835c84eaa17a07
cifar100,32300,cifar100-train-32300,15,reserved_not_accessed,confirmation,1586657279ca22dd6f70ad76a2fc713287359fe27569ac17bda795441993a939
cifar100,32319,cifar100-train-32319,80,reserved_not_accessed,confirmation,0eae04cde5cb96ef3927ca6a2d80684537935d92b55804b09d431d75f2e29b39
cifar100,32356,cifar100-train-32356,70,reserved_not_accessed,confirmation,10b817c9c001b8e7b8d7e47611ee87615b6a7aad90441eea72e1b6562f010462
cifar100,32359,cifar100-train-32359,58,reserved_not_accessed,confirmation,11d3eda34e3f2e9a64e4cac3627636e2c76555279f8649eae43ef3578fc3d7fe
cifar100,32462,cifar100-train-32462,98,reserved_not_accessed,confirmation,152cbcbb2022f6060b43aef1fa50dea259d19d42533c5c7df3a37ad6460341f1
cifar100,32538,cifar100-train-32538,5,reserved_not_accessed,confirmation,117180e6083431a1c802f2e0c76f1cd757e8e3d681b5e67e914c62ca9ae0bcf0
cifar100,32615,cifar100-train-32615,17,reserved_not_accessed,confirmation,088bb587c45a2a1921ab9045783a3977129f870824cb2232baa233c5c8a68bd0
cifar100,3262,cifar100-train-3262,88,reserved_not_accessed,confirmation,1034e9533447e400a0decb66af1afe252c23286cf2e49f3177d6c67645c09972
cifar100,32631,cifar100-train-32631,75,reserved_not_accessed,confirmation,13b3b6a22d3a554ced5971d9e1227474a8323ea899bfb30d123c0413777a6847
cifar100,3267,cifar100-train-3267,13,reserved_not_accessed,confirmation,1532bd083500bef0f1c856093fce9b3e84ed2b11e5f47368890f971c3cc4e1a9
cifar100,32672,cifar100-train-32672,20,reserved_not_accessed,confirmation,1228a79be3454dff62a643c8a761f13dbe6647d327ad27cd100e36bf8b665c44
cifar100,32712,cifar100-train-32712,26,reserved_not_accessed,confirmation,119756bfe2326a6f4a9309b4aa4e4779750d854d9f2192654d268f5f261a6933
cifar100,328,cifar100-train-328,10,reserved_not_accessed,confirmation,1144f4995596074a36fcbbd536b7f11f622575172c1ae3847c2d9a28db169909
cifar100,32849,cifar100-train-32849,8,reserved_not_accessed,confirmation,1781f89005f3940570c09788452e1843171b93a78eea423fc3c4c17635440a9d
cifar100,32854,cifar100-train-32854,36,reserved_not_accessed,confirmation,0bd14dd680b4f369c7e04912bb704c9bbf79a94b64741f02a3635b837d95aea4
cifar100,32858,cifar100-train-32858,82,reserved_not_accessed,confirmation,129d9f2208acfe73d238b397dca2aa0bab97a02857777fe2cb54c084635b3d6c
cifar100,32926,cifar100-train-32926,64,reserved_not_accessed,confirmation,10459c0e1a151b09d35d74f9503c22ac9d650a419bf8cbf269d1912a898dcfff
cifar100,32974,cifar100-train-32974,48,reserved_not_accessed,confirmation,112052bec3f0d13610c028f06664b90621d27100ac4cc6abfba3aeb9eddac197
cifar100,32978,cifar100-train-32978,67,reserved_not_accessed,confirmation,0cf12260e67882ffb5189eabd01a92df4e7e7a982d56558d4cf2c5f487658e17
cifar100,33012,cifar100-train-33012,16,reserved_not_accessed,confirmation,0fc5d9a7484d4afcdaeaac912d7f4e07bab81a8c14a38ba1829c97fc413f557c
cifar100,33028,cifar100-train-33028,58,reserved_not_accessed,confirmation,0ff78ace8eff474008fabc98efd5cc6a2276efa4d917052c9867173707ed20ad
cifar100,33036,cifar100-train-33036,67,reserved_not_accessed,confirmation,11ac8fee160f1ca786fd008506cdc911b4182c9e1dbc011c20e6234a71f314d8
cifar100,33101,cifar100-train-33101,86,reserved_not_accessed,confirmation,1461955605b96986af789e87ac5802e7dfeebcc9ce49569493e0b528e1822090
cifar100,33114,cifar100-train-33114,42,reserved_not_accessed,confirmation,0f94c03d50a376c72ba382b9efec1dd727ebbc84a1522f647fa3ddbc13ccf177
cifar100,3316,cifar100-train-3316,59,reserved_not_accessed,confirmation,1481e83ebe721878bd7044def98ce0cecb01fb70a04fc73a6a62cae906d7c7e2
cifar100,33348,cifar100-train-33348,80,reserved_not_accessed,confirmation,15d2a4a54c6bb910aab6678a6411a527589bf822518fef8a7a861b9b113422ae
cifar100,33383,cifar100-train-33383,10,reserved_not_accessed,confirmation,0d6fec0854f5d9e1ef1a87f5ce67cb0d087efa5bd7ebcd4f0f1306fa566b5f22
cifar100,33388,cifar100-train-33388,8,reserved_not_accessed,confirmation,15445f0282b0a77d3611f26ef7dc3a3194b2a8b9ff0575e8a666c137334277fd
cifar100,33440,cifar100-train-33440,11,reserved_not_accessed,confirmation,12f3ed7b4cd6bb621936febfa54395e30000e3c7550676df3af985273d126c66
cifar100,33484,cifar100-train-33484,53,reserved_not_accessed,confirmation,130888e2a65f663b2cc35e262641f3ae617150f705ce8523f9c00c7a15b1d3e8
cifar100,33646,cifar100-train-33646,45,reserved_not_accessed,confirmation,1199c3560a85828f7e3d016ec979a5903db841f30de00e4f7dec3d26fd0fe40e
cifar100,33685,cifar100-train-33685,59,reserved_not_accessed,confirmation,16edca6a71acdcc664dcf9af5b6980b369c82449c50d999028615b581109e455
cifar100,33687,cifar100-train-33687,82,reserved_not_accessed,confirmation,13e2e56adb5cfa3283ef5eb336dc78927bd58fc27e2ba3f723c3daef1514280a
cifar100,33836,cifar100-train-33836,97,reserved_not_accessed,confirmation,0cb9609f4427b27ef948a1ee1ad839533378a26d9b25f2a612779f6d3e5dadff
cifar100,33882,cifar100-train-33882,97,reserved_not_accessed,confirmation,0d5a04059eb4b5c35b696d80572482f167c38fe7b45b0e9bdbff88a92a3efcae
cifar100,33896,cifar100-train-33896,29,reserved_not_accessed,confirmation,15687148cc8ffb9fbfe4dde516cf542053887ab4c5e3dd5b86ce723045f4b72d
cifar100,33985,cifar100-train-33985,60,reserved_not_accessed,confirmation,0bd6d61b53dd9a4ed6a52058644b59ee7e3e21fdb8d0a3202341f5036db6db67
cifar100,33994,cifar100-train-33994,17,reserved_not_accessed,confirmation,0c0116bf895dd2b8cdd29513dff049bd14c428fa51731cfb9f1e3754c7cf25f2
cifar100,34,cifar100-train-34,21,reserved_not_accessed,confirmation,1338121d84ab549ef3c7615ac03734eee36ce2a51d66b4c848ea4938ac77af17
cifar100,34005,cifar100-train-34005,33,reserved_not_accessed,confirmation,0ea5fc2325d7bfc7486e21c95ce0246fb959953201bce87e7911f33a600067f4
cifar100,34016,cifar100-train-34016,14,reserved_not_accessed,confirmation,0da042bbad8a88aa18431663a9d9f118e60531a21eb7b3d67b4431c9538d46e3
cifar100,34137,cifar100-train-34137,7,reserved_not_accessed,confirmation,0ff5517b0303921a291475388ba71b43939ca45c8d7117eb3fc5d79285f71a07
cifar100,34379,cifar100-train-34379,1,reserved_not_accessed,confirmation,15663eed17894c784ea14c80e415f360fa0d0ed34386fade78c4f1c4eb6fb76d
cifar100,34435,cifar100-train-34435,60,reserved_not_accessed,confirmation,0a704d3e3eb8f2bb1ffc7c092430e2f3b40f20d8d68271c8b9ea4876b2781a38
cifar100,34438,cifar100-train-34438,47,reserved_not_accessed,confirmation,119bb15623d6bae9442b0f6c91efb37750e64f260e7db72d0c6c3a3347304346
cifar100,34449,cifar100-train-34449,62,reserved_not_accessed,confirmation,0d895266ecf8d60b49346c3db58997cc731a7c3a827d568acbe296fb8179bd40
cifar100,34463,cifar100-train-34463,90,reserved_not_accessed,confirmation,0fcb3eaf43c12a784e7eda8659275937b7ba94f6a037a7878cda22c50360d9af
cifar100,34530,cifar100-train-34530,78,reserved_not_accessed,confirmation,148f85c37eb856d02d4b13d742fdad24e32b36a16375477cff3b3da8f5679c53
cifar100,34540,cifar100-train-34540,26,reserved_not_accessed,confirmation,10f0d96a6449efe43217f5ebceac07879a76f352c86d3cfd498d373bfb9095b1
cifar100,34596,cifar100-train-34596,20,reserved_not_accessed,confirmation,192e26714deaa1563d482383a12e8a7ea5bdad360b4597590368586ebfdb0c86
cifar100,34652,cifar100-train-34652,64,reserved_not_accessed,confirmation,11a3f504af46f1f0949d35ede5206106fe23e82ef6976a7f3d724f0de7ff74fd
cifar100,34670,cifar100-train-34670,16,reserved_not_accessed,confirmation,0c863ff2a04dec515173e6fb7e84af9a62584fb745b5bf7ef27ebf23550dc07f
cifar100,34707,cifar100-train-34707,34,reserved_not_accessed,confirmation,0f53324e08968ccf5c8f9100cb69aebe3b92e7ce801a9e7f5ca0230db908c407
cifar100,34727,cifar100-train-34727,84,reserved_not_accessed,confirmation,134bf591858ab88328f994c098ba453fe31768aa95974d8f05dc6f086a31f269
cifar100,34747,cifar100-train-34747,51,reserved_not_accessed,confirmation,1337caa130caa9dff51fd38210ad4a1be7cebfaf7caf5b9cd42faef0038cb8cb
cifar100,34763,cifar100-train-34763,35,reserved_not_accessed,confirmation,13056cd9d86c99913a6d10a6fcd2541fb088e2738fbd32c797a0adf10c35f7bd
cifar100,34806,cifar100-train-34806,18,reserved_not_accessed,confirmation,1836adea13052ddff7002f3f669f0931ba89ea322d92cef8e8c7f63d6159d2fe
cifar100,34808,cifar100-train-34808,58,reserved_not_accessed,confirmation,13022f48b7389ccb8eb7c98f2fe94b4300c38cab6804efa7bef9fad7ca5667f0
cifar100,34899,cifar100-train-34899,54,reserved_not_accessed,confirmation,17a38e5ad1503f6abcfa2e1ef88ee56a7519cf6ab29ed83bb7472038bd074e3d
cifar100,34999,cifar100-train-34999,19,reserved_not_accessed,confirmation,10fe3ddd0c9645b53e39c6b9e67a2d844ed7e515c231e6e66bf9d927c36e6ada
cifar100,35033,cifar100-train-35033,83,reserved_not_accessed,confirmation,107e6a956e390f1626895a9077cec8cbce4e1098e8a82542695d98255821c828
cifar100,35048,cifar100-train-35048,2,reserved_not_accessed,confirmation,18efc70e4b1d19584984fcba5d784b8aa03a68a188baddcc7d80a74bdc83bf16
cifar100,35181,cifar100-train-35181,12,reserved_not_accessed,confirmation,0ef19d433b3d3a8c3d8a170f15da267b490b4d0c1746a016303990ff57abac93
cifar100,35235,cifar100-train-35235,69,reserved_not_accessed,confirmation,139c19df396916f1e4c40248a50679a95dd0d1e6c2d2052a2eb29c35e84f2c9c
cifar100,35243,cifar100-train-35243,45,reserved_not_accessed,confirmation,148190312f26887416542696135ad1e338e39a28282cae12c7f5549a8ada8ef8
cifar100,35261,cifar100-train-35261,66,reserved_not_accessed,confirmation,0e44f5abec172216b87d092b846e6764bb80982fc31d8f86991800f3ceb20827
cifar100,35305,cifar100-train-35305,56,reserved_not_accessed,confirmation,1480e04c36fe33449e5f40f82e8407d197a302a3aedaa8ddebc32d33a4721a7f
cifar100,35324,cifar100-train-35324,50,reserved_not_accessed,confirmation,147ec122bfc22054ef4e27487a064809b21a83f06d76e7fe65b634541c3b571b
cifar100,35365,cifar100-train-35365,13,reserved_not_accessed,confirmation,12f2b202b9f44a3a3ee726e57d7bc8a192338a73242d691f7a1803ea8cb8b74c
cifar100,35426,cifar100-train-35426,66,reserved_not_accessed,confirmation,0fe1f9b75e12122be5262f15883c66d35f219f3b6004ef8a48e6b1130b777509
cifar100,35440,cifar100-train-35440,95,reserved_not_accessed,confirmation,0fa5c66dbc512e8ecc7967529ac89818f3a733ad723969944e9bafb4e8bbc8f1
cifar100,35458,cifar100-train-35458,14,reserved_not_accessed,confirmation,10c95282cfb08cd61c5f8323e5d1eab47a10808ca2955aa6dc738e8fa01f6c4f
cifar100,35465,cifar100-train-35465,9,reserved_not_accessed,confirmation,13348abba20ee17388aa24ecb777d8be3ebda5a6991e521e87291afe60e46308
cifar100,35519,cifar100-train-35519,85,reserved_not_accessed,confirmation,124c8f51b6c5a8bf1d3bd089073f0f6f5e840e9c6ae035bfd85643d73ec250a8
cifar100,35538,cifar100-train-35538,37,reserved_not_accessed,confirmation,1351bda85d191b60d56246173d1f07179e5a00af6aa7828d3d39076086ad7385
cifar100,3555,cifar100-train-3555,82,reserved_not_accessed,confirmation,12012ef3b75c3d3ebd8e9aad536caa24aea6ccabfe642de9be439e54f6c2653c
cifar100,35559,cifar100-train-35559,93,reserved_not_accessed,confirmation,10674f9552deff744f18e82956741aaac7f9490b4f8c4032ec22a75ada10a004
cifar100,35611,cifar100-train-35611,43,reserved_not_accessed,confirmation,1273285d1de83c1bcd17c7daeecbe571952540114798bf9a0767aabb8f2c8042
cifar100,35618,cifar100-train-35618,23,reserved_not_accessed,confirmation,146cdd70e1bfc0534ea782bda331c3fae861dd0b9b66694864bb0bcc98f96950
cifar100,35741,cifar100-train-35741,87,reserved_not_accessed,confirmation,0ed023c5674dfdcdd4ed718c7e2a6826530f2c351e567bd069136ce34f43d6d8
cifar100,35873,cifar100-train-35873,11,reserved_not_accessed,confirmation,113fb0731c014b00b952efa1bf4d2a2d091bb1971312a696c81d5b91ed08c005
cifar100,35891,cifar100-train-35891,50,reserved_not_accessed,confirmation,13ad8892058631780120c616d1f96deacb43a41ae78674fe2c5f8dc0f626c76f
cifar100,35929,cifar100-train-35929,17,reserved_not_accessed,confirmation,0b215e697831adbbc7ca7968c6d02d9bb38a56c203643ba3ce07953b2e9e0a97
cifar100,35942,cifar100-train-35942,18,reserved_not_accessed,confirmation,1978539dac724b92c4e27cb31cefb8b2b45b8e77a6b4cc24d50e972bfebb7dd4
cifar100,35975,cifar100-train-35975,31,reserved_not_accessed,confirmation,1365396b15aa549b91ccb8043974867d8f5a42ec240a26336d74ed1414e0f138
cifar100,36230,cifar100-train-36230,47,reserved_not_accessed,confirmation,0f3fb811151a0231f43cdcd368da787f08c06626795f2aeb112fd8db4b7f0760
cifar100,36231,cifar100-train-36231,91,reserved_not_accessed,confirmation,0f5ba08af9bba69f001c6721a6a11a584ea9447cff4e02297b9d7585b44aa3f3
cifar100,36299,cifar100-train-36299,12,reserved_not_accessed,confirmation,0dd434706f34b1424106875a7c71e3fdeb9ae4725e7defe989a01a67809dfc27
cifar100,36340,cifar100-train-36340,4,reserved_not_accessed,confirmation,0e6ef07e4dfa276844f009fc0453743c8ac06db2ef483a697f9d535d3ef78546
cifar100,3635,cifar100-train-3635,74,reserved_not_accessed,confirmation,12ad762e95b4c866a8eca2d830032a63368cbb90988b7859b0ae827c948ff469
cifar100,36356,cifar100-train-36356,72,reserved_not_accessed,confirmation,0f26c6c7648706965cf5059e0e6c3dfae8c20aa79e12590077dba8d75cc8f612
cifar100,36373,cifar100-train-36373,49,reserved_not_accessed,confirmation,1594868c93220a05c7a13f31aefff5b0b5ed932c38bc44e758ffe59db4ec85f7
cifar100,36440,cifar100-train-36440,85,reserved_not_accessed,confirmation,10f7bfbee44f954f3155767a6e4306b51d01873594a0e557423be35511c919cd
cifar100,36441,cifar100-train-36441,77,reserved_not_accessed,confirmation,0dd53a752aa8d3e80063a6b3b1f8a63377395ebdb37cafd018ed019f65adb913
cifar100,36534,cifar100-train-36534,84,reserved_not_accessed,confirmation,14963e8ea72074ed7559f910d9aa1ffe5bf5476fce97013dfa0c53f04cf3a6c6
cifar100,36546,cifar100-train-36546,53,reserved_not_accessed,confirmation,0f93a986cdeb44296758ee9d9f63fc45a54dc79510958911398cec597d44dd9d
cifar100,36572,cifar100-train-36572,93,reserved_not_accessed,confirmation,124701e37bb9e5a62490ef1a6eb9fc38cd2a2d7c563c8b90dcbeab448ad1ac15
cifar100,36592,cifar100-train-36592,21,reserved_not_accessed,confirmation,140de3f4a2eb1f6c4d76ce0c8b1dc9bf72f19bb11fe9be8e37b87b0d9287e432
cifar100,36635,cifar100-train-36635,26,reserved_not_accessed,confirmation,143056691e833f7825117bd150de109474863b85d4039a30b88881e127c5cfb0
cifar100,36662,cifar100-train-36662,29,reserved_not_accessed,confirmation,14ff845c2db0cdf898d7faed70cd58a98de8fb7555cffd4099c0869e81162602
cifar100,36700,cifar100-train-36700,98,reserved_not_accessed,confirmation,1abbb7e93142fefe98cc46dfd1db1bcd4c35159b654d4da761458211766e5fb7
cifar100,36735,cifar100-train-36735,89,reserved_not_accessed,confirmation,0e7a97be700423ba4242b6b8dc4d45e01aa0f378f9648ed9c2438f8fecf1941a
cifar100,36774,cifar100-train-36774,73,reserved_not_accessed,confirmation,0c9db25167f3df05aa2f26cf7d5fdbd7b7fcc8502e026d1d481a01d7c210f32a
cifar100,36856,cifar100-train-36856,68,reserved_not_accessed,confirmation,0cc1fd5f2014ee7cd008e40bd06af7bb6f2b8f2e094298c8b074d43c9b80a65d
cifar100,369,cifar100-train-369,31,reserved_not_accessed,confirmation,102d283d69ca4324076f4aaf2fbd38e3aafc13d61b16ac62ffc421395354f499
cifar100,36933,cifar100-train-36933,83,reserved_not_accessed,confirmation,1087a54a64c03a1443499ea9c3ad4f4c79badae1430bdd48fd6025d00bb82bf7
cifar100,36980,cifar100-train-36980,43,reserved_not_accessed,confirmation,107b2e0061f2baaae3c6b6f157023017d77244c7000fbdbeed23b055038feffc
cifar100,37047,cifar100-train-37047,97,reserved_not_accessed,confirmation,0da330fbf98ea43a645617e706da93e2b06614ca98211d360ac94491df372b47
cifar100,37052,cifar100-train-37052,61,reserved_not_accessed,confirmation,0ed2fbbe55ca2888c1e6b0c02c83bc100ee1c9574ea948d55a50c749ce63bf4c
cifar100,37054,cifar100-train-37054,78,reserved_not_accessed,confirmation,11d73a9d01010bea9305aa0de138a28c2ae9d79931e486570907ef7f644528e1
cifar100,3706,cifar100-train-3706,19,reserved_not_accessed,confirmation,0fcf957b26a72a8165dd093e0ef0402c57834a35f04044136a2a08dcffdfd0a1
cifar100,37080,cifar100-train-37080,2,reserved_not_accessed,confirmation,14373e5c963a84b052a7c57f6f0f5221b005e75024249a95a9839efde8ab8e40
cifar100,37152,cifar100-train-37152,87,reserved_not_accessed,confirmation,0bef83472d7be28723ba46ce3f608322a4a28093badf49c024e6262686a0fbbd
cifar100,37154,cifar100-train-37154,64,reserved_not_accessed,confirmation,14fe1268b8c614ea8151ab3d3b24800cd5b600d7f77af61b164962797c5d67b8
cifar100,37422,cifar100-train-37422,84,reserved_not_accessed,confirmation,16bbad60a046b861cce818ac85101f292b18da60d7002a6e0fcccdfdfd7c864d
cifar100,37446,cifar100-train-37446,28,reserved_not_accessed,confirmation,0d9313ad340d3d9cc4e1594323e2f1f39f4b34fb04548805bce2fe78b7a58ec4
cifar100,37465,cifar100-train-37465,81,reserved_not_accessed,confirmation,103cf322522a2073472ddc8fbfbb00d66e236562d316a66c0bdea989be0e2e88
cifar100,37512,cifar100-train-37512,57,reserved_not_accessed,confirmation,0ef60baf5d31347258eedd43ddc9d0e264a192e8b298ca8359a8286e633e3bb4
cifar100,37522,cifar100-train-37522,21,reserved_not_accessed,confirmation,118daccc4ae927b5bfa5f55356190e6e84778c26ff405b8aaf2e962cf1001caf
cifar100,37529,cifar100-train-37529,54,reserved_not_accessed,confirmation,17a288cf5833444f9dbd601f6ac872b27745c04e473a2571b0b246cfe56f1e96
cifar100,37590,cifar100-train-37590,25,reserved_not_accessed,confirmation,1082e1e20b5804dc9466d8641f3a618be58084b14f8fae8f5551f9dbbbfcfee2
cifar100,37620,cifar100-train-37620,95,reserved_not_accessed,confirmation,1082fdf82ef67be0797db61e5aa5965362eeac28dd2a57e18b50c25ad4fb4b3e
cifar100,37654,cifar100-train-37654,55,reserved_not_accessed,confirmation,093780a6d7a0c43658c40f374db23e6bf51088acc617a39510c83c8278955853
cifar100,37708,cifar100-train-37708,23,reserved_not_accessed,confirmation,10e4760189d52dab4833c463df3a6a60d76b25e62f7a28a506c54b3d14caf402
cifar100,37760,cifar100-train-37760,27,reserved_not_accessed,confirmation,0e7b10f8b8c14561bb3cc670beaac56248082942dc341672b84a51220cbe229a
cifar100,378,cifar100-train-378,58,reserved_not_accessed,confirmation,10459ac3c85a751c44e778d2f3a47234c59982050b253e8c12a0474e485b92f4
cifar100,37909,cifar100-train-37909,39,reserved_not_accessed,confirmation,145e8e7726b90535f36458f1849a5e4b3e7e6574bdb246cc579d469c0f0a73f5
cifar100,37917,cifar100-train-37917,81,reserved_not_accessed,confirmation,0fd47d3ceb724e4c219065cf9552ecfd74d54cb26fff421829f7cb503def5423
cifar100,37982,cifar100-train-37982,44,reserved_not_accessed,confirmation,0f39381e4e89504c09648d329e343d087a9d2fea2a3e486f7c0d259efb78cd50
cifar100,38018,cifar100-train-38018,88,reserved_not_accessed,confirmation,11c0d6e2bb246e4d6bb85d0b4358c341cb5774c5d811d895c90ede00023645b4
cifar100,3812,cifar100-train-3812,89,reserved_not_accessed,confirmation,0eff47fd0b719ebdf484a6ae5bdca156f968a2f3fc533858b5292b3d632217ec
cifar100,38143,cifar100-train-38143,42,reserved_not_accessed,confirmation,0f1b352613b40b6acaacf81803a889f4783f183e6c94b7ce50fb6b24f6105d60
cifar100,3815,cifar100-train-3815,78,reserved_not_accessed,confirmation,14c3f28b9c123a57165de91a4d3017496a7d3bb03dba0a04c5c4e6fe91c8540a
cifar100,3820,cifar100-train-3820,59,reserved_not_accessed,confirmation,164fd5b8ab5d52816e47be1ea3ed556f730631195fd735bec445baf71b48a3a7
cifar100,38201,cifar100-train-38201,21,reserved_not_accessed,confirmation,15ad2a375099f2e027a677cc050bbbe7da3532e0be3a95e85aa2d7a11b08aa2f
cifar100,38261,cifar100-train-38261,72,reserved_not_accessed,confirmation,136c7868e3c6e59949126a3286f23f8c111e9caa248c069e32d19fd17e4eaeb3
cifar100,38284,cifar100-train-38284,76,reserved_not_accessed,confirmation,0df14c22dbf27e48eb43518565c063671dd421199957a0ef5ad21ea094746b0c
cifar100,3837,cifar100-train-3837,61,reserved_not_accessed,confirmation,10cb20e4dea28786d82118e379f9160ae30aabcd1c25bb13c64d9af414701f4c
cifar100,38408,cifar100-train-38408,7,reserved_not_accessed,confirmation,0f390040facc93a64e6c8d1360a5135d56d8894f547dfb20234f1e0b82a477e3
cifar100,38431,cifar100-train-38431,21,reserved_not_accessed,confirmation,12940e267e54106354495ce90f8c4f1c9f1ad1388e86346c4414bee70a901a15
cifar100,38445,cifar100-train-38445,51,reserved_not_accessed,confirmation,135588e32fe9ca0b1da5d8ded5fae7dafe62782cb1efafbcabcd12ebed5a2f53
cifar100,38565,cifar100-train-38565,4,reserved_not_accessed,confirmation,0a30656cd4fbedd3318e21d559313af590b2da6bebbae118dcf6e28279f6595c
cifar100,38636,cifar100-train-38636,42,reserved_not_accessed,confirmation,0e81f9d762b341d5ce48a59a12ac5f6b1474fd08122d176c917997b772e3dec6
cifar100,38652,cifar100-train-38652,15,reserved_not_accessed,confirmation,14b60e5bac4b1c437a5fe58f2d482374d98177f9bc5537a77cfd2efc517c463a
cifar100,38656,cifar100-train-38656,28,reserved_not_accessed,confirmation,0ddb5d6d8ddf5b4211224d401297c2e688792c65056538648d93d7b325693228
cifar100,38672,cifar100-train-38672,37,reserved_not_accessed,confirmation,1107aabf394eb2d7290621003bc52c5710fb504f5e4a0b14f032d7e767680933
cifar100,38776,cifar100-train-38776,18,reserved_not_accessed,confirmation,185def2aa8436b79740e03e2eb72e560a088fada702e23b640b11eeb8ae3c5f8
cifar100,38948,cifar100-train-38948,58,reserved_not_accessed,confirmation,121288c3f19cc4b60962dcb1d439351307cd32bba7fee2531c07774dbdc84bf2
cifar100,38993,cifar100-train-38993,51,reserved_not_accessed,confirmation,11f7fd7e1b10dc1fe384f026a3a792d5388ed37f53a881dd0ab7dfc846c2a633
cifar100,39007,cifar100-train-39007,68,reserved_not_accessed,confirmation,096d9edb8fb2e1cb0faf4399d87bcbdf32e3cfb7cc417b6f5c52fc27bbaa35af
cifar100,39072,cifar100-train-39072,71,reserved_not_accessed,confirmation,13a2b04635bc27b7089e900463c647ffe58f7621a2ba79a968b9ffc0c0e1bfc5
cifar100,39125,cifar100-train-39125,5,reserved_not_accessed,confirmation,0f7f8deafd76efeae8522e0ccd372e80fd319fef73872158dfe7c22bfd00a439
cifar100,39162,cifar100-train-39162,58,reserved_not_accessed,confirmation,132874d561efd3af7c4776313a3c4714c8f3ed21353afb298923561ac7ecdbe0
cifar100,39206,cifar100-train-39206,20,reserved_not_accessed,confirmation,156b4043592506e554bec54a73c8a473eb90ad969527232bcf71323b57dd6b65
cifar100,39220,cifar100-train-39220,64,reserved_not_accessed,confirmation,12414211c351a0a61978adff441d0c72f52c2dade30ef6820b1466b12da118ff
cifar100,39222,cifar100-train-39222,21,reserved_not_accessed,confirmation,0fa3749dd6a0d281dd2c9d012511bf4c9a67d80525441d64436297c5c82b167f
cifar100,39223,cifar100-train-39223,31,reserved_not_accessed,confirmation,133cb9109d7421bfc399a3de9ac53077ad54254072f139fbf2b43ba20771d869
cifar100,39230,cifar100-train-39230,38,reserved_not_accessed,confirmation,1682abf054bf02fdde249d3836492ace8c131cabf6bda2188514e21d396b85db
cifar100,39247,cifar100-train-39247,61,reserved_not_accessed,confirmation,0d8b85a884d920e27a64818ebeab90758b0492d658cfd4a6764b77ad17b284d7
cifar100,39386,cifar100-train-39386,55,reserved_not_accessed,confirmation,09c03be00fe4e173a08de6eb9129c03b37d321da79b400de22af0e6890fb7058
cifar100,39418,cifar100-train-39418,6,reserved_not_accessed,confirmation,0cbba181b30c52b0f3db4fce82416283cd5c55796aee862833f640d266062b26
cifar100,39510,cifar100-train-39510,54,reserved_not_accessed,confirmation,156d0889fd893b5b5c5de741dca0e8fce2747cb8c57df6e4ce59ad5c50d6a2b6
cifar100,39515,cifar100-train-39515,21,reserved_not_accessed,confirmation,103b86df2966a614aa8bfa1161bb164ef573d31c2dac4bf759effc08a03890e7
cifar100,39561,cifar100-train-39561,97,reserved_not_accessed,confirmation,0e94c7def75115194bf49e67e8143246636a2210804d96f8dd401d1fa61caac0
cifar100,39580,cifar100-train-39580,51,reserved_not_accessed,confirmation,11a86d5ec41adf91a8ff2db2dd0309fe91a4ce33cdb78c23eb5e71a69a438ce1
cifar100,39595,cifar100-train-39595,30,reserved_not_accessed,confirmation,183544db84b700b0a19602ab3e908b90f9f7a35301be8edfe0d103d6096df7c7
cifar100,39649,cifar100-train-39649,70,reserved_not_accessed,confirmation,10d617f68fecab4cc66f0cd6018604c622f63d0408b89bd5a9cb0769624894d2
cifar100,39696,cifar100-train-39696,23,reserved_not_accessed,confirmation,150ba1753651f830b18771ed80a050bf77484fdbd2412114a87f6921805ba2ae
cifar100,39784,cifar100-train-39784,62,reserved_not_accessed,confirmation,0becda20f9cb666b57e40fa0a85c312c71aaa09292b9dd9c2b5b3c02354f0e2d
cifar100,3984,cifar100-train-3984,78,reserved_not_accessed,confirmation,10e02a6454c1dbc8cb9fcec6d658ceca4d5a9830435ce0618d86af093411c872
cifar100,39933,cifar100-train-39933,80,reserved_not_accessed,confirmation,0fb527b2e33a40c2c0884ca4e7162e5ec581b00c5cb8314ec82bfa11476a63a7
cifar100,40079,cifar100-train-40079,38,reserved_not_accessed,confirmation,1218ff87ed329b8303002a9a72234f10f97830ee91d7685c80fbafef8bcf28b2
cifar100,40126,cifar100-train-40126,98,reserved_not_accessed,confirmation,1807a479c6c418da48087da3b932a4c49e7a2658bacf2f83ac2b774ac9fe71ec
cifar100,4017,cifar100-train-4017,29,reserved_not_accessed,confirmation,16fd09a385e67d3ba5afd8cc0261c7b07238b5f97b46797976a679851abec22c
cifar100,40173,cifar100-train-40173,76,reserved_not_accessed,confirmation,0ce51629428441fe548450372687cdfe71134b71fbd6ac466954f48656c5b99a
cifar100,40336,cifar100-train-40336,77,reserved_not_accessed,confirmation,0f4693ff55de63fdb9489d7a7cf2c8c29f524b9cce5c872968ef3a33f1d4a1ce
cifar100,40376,cifar100-train-40376,85,reserved_not_accessed,confirmation,12c35d652ae9e542471f2d5b6d38479541bc47ba268694dab5a22432ae1e9eee
cifar100,40454,cifar100-train-40454,39,reserved_not_accessed,confirmation,14122b170bc31d8816feb190de7ea9b8c5d2225ce896c1e3f683fa4ab452c2bf
cifar100,40566,cifar100-train-40566,36,reserved_not_accessed,confirmation,10db163839e6d284f53f29a47310efe787b1897a052fd02b7b1640b2eb506bc5
cifar100,40594,cifar100-train-40594,72,reserved_not_accessed,confirmation,15d87d1eac94a6fd26850a82698e466067d00ff0888e2e873e4dea62499a2bf8
cifar100,4062,cifar100-train-4062,90,reserved_not_accessed,confirmation,1034185adc45671c0572814d8b0b68d4112d20684a2a4a993978c48e9bf42bdc
cifar100,4065,cifar100-train-4065,91,reserved_not_accessed,confirmation,0f7d99889a5a4dbae0c8184d9a5b5fc02cc7bda41e8d001e4f71d5d12e07b668
cifar100,40707,cifar100-train-40707,23,reserved_not_accessed,confirmation,116a63d6b1eccf2b2d639051608cfc64ba30cc4d2609e78b17422c05129876ff
cifar100,40715,cifar100-train-40715,0,reserved_not_accessed,confirmation,0ff7ca773d6293ac81dd2b0d0fe52e73d1aaec932052473a9e0e0a86c357b913
cifar100,40798,cifar100-train-40798,30,reserved_not_accessed,confirmation,16a61e99d6132986e56754107785ce7e9a53cc9bd611a50de07e0e338db94a5d
cifar100,40801,cifar100-train-40801,93,reserved_not_accessed,confirmation,12b6e5d83d518bcb05686a5e6c9fe42184c6d276cb1b43262ddcf7f0f4016ac6
cifar100,40848,cifar100-train-40848,57,reserved_not_accessed,confirmation,0df5515d41bfacb1a3f9aa75b902b501719fdce80be63f7cd3316bef3e6ad30a
cifar100,40885,cifar100-train-40885,55,reserved_not_accessed,confirmation,0a98a5227bc97b0569b50a5302797f9cbc256aff40f91a9ded1b0524ad24f05f
cifar100,40907,cifar100-train-40907,18,reserved_not_accessed,confirmation,1abeb9f847d58ec771c3cea43a6189545575052dc03f88ef82ec5370868a0e95
cifar100,40939,cifar100-train-40939,26,reserved_not_accessed,confirmation,137c75991fea600fb5516597dd86b9bfd3a6238326fee91857c38a5bfcb27276
cifar100,40962,cifar100-train-40962,58,reserved_not_accessed,confirmation,12ac3fa2fcaaa5b9afc8015166adceec18b10e08d1a43e99cb4bf8c835798276
cifar100,40987,cifar100-train-40987,57,reserved_not_accessed,confirmation,1378ce883f06bd130b01f697a62cd8f06b043e83bcbc5360ce1574b35af6d202
cifar100,40994,cifar100-train-40994,56,reserved_not_accessed,confirmation,136e1f11fc6e7d2ed51a09a8035572841537b7cbaac7e99dd72e3fd183e90553
cifar100,41008,cifar100-train-41008,29,reserved_not_accessed,confirmation,168a3a70fc8c888c2e1bb1db0a5b5e1d3f33a9ba4004ca033a9243aad8d97d34
cifar100,41028,cifar100-train-41028,45,reserved_not_accessed,confirmation,10a83d7be1a423bdc6b262233d821122daaa477ceb8c40ad9166858fb85eb66d
cifar100,41061,cifar100-train-41061,54,reserved_not_accessed,confirmation,1855cdb2991621c0e722e877c26a1bb496c5927369fd4becf5cb10849cc4843a
cifar100,41117,cifar100-train-41117,47,reserved_not_accessed,confirmation,10b134cea6c59f2c666dc79667fdfc21d6d2e28fb58b0729e771e241ca31b052
cifar100,41214,cifar100-train-41214,96,reserved_not_accessed,confirmation,11deb07dd34f9bce50ef4ba1767b2001ac369ec54a52a48d8eca29a5e99116d6
cifar100,4125,cifar100-train-4125,4,reserved_not_accessed,confirmation,0d8e23e1d985ea111722c3898f5385ab9c335fed46be18423a6d690cb6b8a32a
cifar100,41264,cifar100-train-41264,56,reserved_not_accessed,confirmation,1519e1b57d1e20c42e8af92a732d71d82bf675f05781aa85c49a812b8fa708d8
cifar100,41315,cifar100-train-41315,76,reserved_not_accessed,confirmation,11e270efc7d896e6cd05e3354b8d74305215fe6359c89621ba11ac28f75a0771
cifar100,41320,cifar100-train-41320,49,reserved_not_accessed,confirmation,14e87ae73c4613597d93496e1c03e5dd9898f17d83cceeab94ba96d2ef139a38
cifar100,41340,cifar100-train-41340,29,reserved_not_accessed,confirmation,170f0d003145dc5bffc5c1d3173d7dfa93027e7999574d1a208f55e06ec86eb1
cifar100,4142,cifar100-train-4142,0,reserved_not_accessed,confirmation,0d81109b820866a0aff7dcf639a3c6a4c4f555d309b05c75968c24693cdab302
cifar100,41452,cifar100-train-41452,70,reserved_not_accessed,confirmation,0f8d86dbd85d6484d42a950952c3f10679e9bc5cbefb70d0917962ed0ce1ecbb
cifar100,41488,cifar100-train-41488,70,reserved_not_accessed,confirmation,0e5ea5dea2af306a492f3b19fda1d6039a24ea5f066d121e4f68c88e8237e3c4
cifar100,41597,cifar100-train-41597,55,reserved_not_accessed,confirmation,0ad19e40480eba4d473c24ac007e5939bf40436e2c2536f23877741813521787
cifar100,41602,cifar100-train-41602,96,reserved_not_accessed,confirmation,1151ece77a7728fade7d0ef0f99b59ca4d07604d52d120cc5ae35b8c78857294
cifar100,41630,cifar100-train-41630,90,reserved_not_accessed,confirmation,0f9872b3a8218ae82f3ac16766d449e2c11b47eafdccf28b5034b83d78ee03a3
cifar100,41651,cifar100-train-41651,70,reserved_not_accessed,confirmation,0e2e1f693cac5ccb81a013eaf86cdee86850f606dd6da744b4c9cd603cf23c7b
cifar100,41654,cifar100-train-41654,17,reserved_not_accessed,confirmation,0b0c1b5dfd1f13781d7fe7ca48e8904f510b6c554cfe12b41ded7225f15a5af7
cifar100,41697,cifar100-train-41697,53,reserved_not_accessed,confirmation,1288a6a1ca6bb181a7a2ec4b8be13d25ca95dd624f761e5d16adddfd623a53b4
cifar100,41746,cifar100-train-41746,2,reserved_not_accessed,confirmation,1542ae273ae2d862b044bfe119458cbbe29eff7f3e3e16f5a0fc537b98ee0216
cifar100,41799,cifar100-train-41799,57,reserved_not_accessed,confirmation,1142f5f245367cd5f61daec88cb5f200dd3e9431ffababbc1566a1e8883cfa9c
cifar100,41833,cifar100-train-41833,89,reserved_not_accessed,confirmation,0eb1452ebf80dc8abe6b045176b467c23f3b0346ab633b4d910ca9723f30abe7
cifar100,41860,cifar100-train-41860,1,reserved_not_accessed,confirmation,144fec40f6beba9ab1ba2998e38767b413a9c2d96666a99a5a2d1e811a423432
cifar100,41975,cifar100-train-41975,32,reserved_not_accessed,confirmation,1402cf4b665d430f8ff1ac9668387bf16c53320daa7dbc8f070278d97fdfec48
cifar100,42014,cifar100-train-42014,22,reserved_not_accessed,confirmation,1716f637792a9fefa18ecd7566b1747d72a258482996196bafa1867d77aa0ae2
cifar100,4209,cifar100-train-4209,32,reserved_not_accessed,confirmation,15adadbf080fa2ed5e78b67bc47e15bc21cb01cf903df4b48fc8c7ed0151b095
cifar100,42107,cifar100-train-42107,8,reserved_not_accessed,confirmation,13eb44b4fdaaea8460f96e6ebf8f87135adac545445436301aaac915cab0b251
cifar100,42113,cifar100-train-42113,17,reserved_not_accessed,confirmation,0bf709516cc2c26cd905bf6770322ffae1f49d8dc44a0a6705660136cda89269
cifar100,42124,cifar100-train-42124,14,reserved_not_accessed,confirmation,0cf006b0a605e20c9cfbaf949d75b913977e07910f7a7ad64571b9d09898ff39
cifar100,42235,cifar100-train-42235,84,reserved_not_accessed,confirmation,137a74bd3f3b106d190280de44cdb6e36085d082977c37d820b334c455cae2ec
cifar100,42267,cifar100-train-42267,30,reserved_not_accessed,confirmation,1e14c6fac0ffdec72f58a1c7237ae8014585f1171c342c0944e9b6201ca74a3b
cifar100,42311,cifar100-train-42311,78,reserved_not_accessed,confirmation,1276263a870f7b0c27162997209defa8da88ff8845fad7a03daac35766950e7c
cifar100,42455,cifar100-train-42455,23,reserved_not_accessed,confirmation,130f0d5e325785d3db552829cf23fa95d430a9f012a7fd215c186808960df5db
cifar100,42461,cifar100-train-42461,7,reserved_not_accessed,confirmation,102c8473ba11585999ad3c31f4a5b1f8186d1cff92448647c9b3a56292ffda79
cifar100,42502,cifar100-train-42502,92,reserved_not_accessed,confirmation,0e9328646a4c37b2216f190b10350ec17de70ab89e47933ab5814b381e6636f8
cifar100,42512,cifar100-train-42512,70,reserved_not_accessed,confirmation,0d4bc223cc4e842a74568a2898e7ea99a6f61bbf73cf080426d91adde63a6193
cifar100,42545,cifar100-train-42545,96,reserved_not_accessed,confirmation,1143ef37dd796f5de280df2a9d6471a2953add7c738ef3bb9d5e642c6adf3303
cifar100,42558,cifar100-train-42558,66,reserved_not_accessed,confirmation,11fb473032d3e887f3ac284e25f20cae99fadfdd333cca3b2c715f6ef8cbe649
cifar100,42598,cifar100-train-42598,46,reserved_not_accessed,confirmation,0e5463aea9dcd0981f06c0e68c71c25534b1150f42d85293d64c2e8f9d083de2
cifar100,42746,cifar100-train-42746,32,reserved_not_accessed,confirmation,0e57d2d7154b2e9773b6bebb56fae4abbda6c9787f99f2259e32c9602196b1a8
cifar100,42849,cifar100-train-42849,72,reserved_not_accessed,confirmation,15cb347033e3332f7cad48254a7267265d1e42867afbc8a26b2b5e1a824e1d78
cifar100,42903,cifar100-train-42903,97,reserved_not_accessed,confirmation,0fce4a295031ba847e179e8deed069fe66028f5a97ac8743c8753ba2e33a1120
cifar100,42977,cifar100-train-42977,55,reserved_not_accessed,confirmation,098889ef939a990bff3fe6f5736007f298b67fbc4a10db691eaaba5a5ff12e73
cifar100,42996,cifar100-train-42996,36,reserved_not_accessed,confirmation,0f8434c3f810e9bec4e7bef9f96cfe095acdd37f3898080a9265d11839961314
cifar100,4312,cifar100-train-4312,34,reserved_not_accessed,confirmation,0c51ba9b86605dc9866bb0427e5c76e4677f601e67174df3f3d1e172e6be63e2
cifar100,43140,cifar100-train-43140,41,reserved_not_accessed,confirmation,0c0d37e0c66a45ab647fe39f06277eab6032128f622346a3fcc560a0aeebd238
cifar100,43142,cifar100-train-43142,14,reserved_not_accessed,confirmation,14c77c14d64aea42db5db65b6cc691649517e4742ef1f0dd9be3473529d97bdc
cifar100,43313,cifar100-train-43313,10,reserved_not_accessed,confirmation,0dbfd10aa5d743c390382edb1f9452ad18ebc23fc94b08f170a7314f0feb33ea
cifar100,43334,cifar100-train-43334,14,reserved_not_accessed,confirmation,116ee50e89a5a0bdd7b78030bc614b53f65eb4a8a28c47b6651b01bd87f16b85
cifar100,43394,cifar100-train-43394,87,reserved_not_accessed,confirmation,0bb2de4aec2e7b7a1f314b9610abfeb0609c4df09a258d4cb429a476a49e7c70
cifar100,43483,cifar100-train-43483,42,reserved_not_accessed,confirmation,0df388a736ec6f04c1e2bd7e9f8b124e3c862b407a13c03333b5112c6d56c5b3
cifar100,43568,cifar100-train-43568,6,reserved_not_accessed,confirmation,0ab40e673548667400233873e84d9295684d975578aef725a00567e193ec6892
cifar100,4361,cifar100-train-4361,68,reserved_not_accessed,confirmation,098bbca0f3debe4d424c21ac2a7fe6d5f00aaddeb66a47af426071ed7dccdd8f
cifar100,43732,cifar100-train-43732,71,reserved_not_accessed,confirmation,1161cb0fe9acdaa8488864d1f8ed9ec1d10af1b6cc6a22782fd56e05be8fb551
cifar100,4374,cifar100-train-4374,86,reserved_not_accessed,confirmation,13fcb369452c515844aec6d60c69525fb52bfd090cc621828114699b531c8ca0
cifar100,4375,cifar100-train-4375,41,reserved_not_accessed,confirmation,0e52695c5a49148de80a920c9436009c9ace8fdbe1d5c22a625044c94eee32d1
cifar100,4376,cifar100-train-4376,62,reserved_not_accessed,confirmation,0a286c77a1286e95f27a87d66732186a7f7b3f9a81d3e6340e68a2c99653bc08
cifar100,43784,cifar100-train-43784,99,reserved_not_accessed,confirmation,138fe791f606a75526ab076393c747ba78c6e571231ca4a753a8154baddb2811
cifar100,43928,cifar100-train-43928,35,reserved_not_accessed,confirmation,11294531d1eaaf94b4045b27291c658bcb1f5412b01b0b6bb6db7952f2c759e0
cifar100,43930,cifar100-train-43930,38,reserved_not_accessed,confirmation,12e5232097e9671fc19f56fd7ef6241273bd4e80878c314a302cdb79d1cb0b75
cifar100,43969,cifar100-train-43969,4,reserved_not_accessed,confirmation,0a7cdb23f2ce7ec8724c723d9d2c3a7fc3b87fcb8a1f3cf752483d88ef0fd5cf
cifar100,44004,cifar100-train-44004,26,reserved_not_accessed,confirmation,12c3f4882af57f799bdbc575d12180a19c8267602b4fa465e10b45b677ad06c8
cifar100,44015,cifar100-train-44015,48,reserved_not_accessed,confirmation,0f691bb6f4246a59f39a9ef3eeadf47684b6a2b02104a766a79a3eb4125488ff
cifar100,44016,cifar100-train-44016,94,reserved_not_accessed,confirmation,11f7dcf0718e524c267b45664ffc13721786d4e21367b55b3c94852a0478375a
cifar100,44042,cifar100-train-44042,72,reserved_not_accessed,confirmation,11582f399dc6180d5c86d58d3a92a89a5a4561e6c00adee7b496379651bfa1dd
cifar100,44161,cifar100-train-44161,93,reserved_not_accessed,confirmation,177cee3274345309d90c46f872df1c2ccb871629a8b7d2a76c39284fab00043d
cifar100,44239,cifar100-train-44239,11,reserved_not_accessed,confirmation,11d9b47e067b1fc0ecb6aaf41874f22edc02eb737d5464a3dee13d88aacc4a14
cifar100,44353,cifar100-train-44353,28,reserved_not_accessed,confirmation,1127da83517161950fdc14a100cdfa8ef1c4853989a14a8b8857cdcbfb2372f1
cifar100,44504,cifar100-train-44504,15,reserved_not_accessed,confirmation,144625ea68b96b6e090478313c75c277e1f04f41cbbcee8abb6c04952db906b9
cifar100,44603,cifar100-train-44603,64,reserved_not_accessed,confirmation,0faa64d65f35fd5c01308058ba6a013b446dfec288d2d3ab2f08489b26770e17
cifar100,44665,cifar100-train-44665,63,reserved_not_accessed,confirmation,113ec71113a848fe8959f7c005f3906b2b1ac90c679e97cfd34d25cf42b32e09
cifar100,4476,cifar100-train-4476,38,reserved_not_accessed,confirmation,15dbb505fc77bdc88d298d7d0973a5f8b37ae51e794432af6265ad25557eef9e
cifar100,44780,cifar100-train-44780,46,reserved_not_accessed,confirmation,0ca60a9e8e17dae0d783ce068a1215e3bd295fc642f4c73e4853e3974bdb7e2a
cifar100,44842,cifar100-train-44842,30,reserved_not_accessed,confirmation,1942d1989f0b906197addeff5b1333a3437bd60a43f5a4815f29d3a6bd543b0e
cifar100,44873,cifar100-train-44873,10,reserved_not_accessed,confirmation,12c71548ab186849a811a844b522d7cca15274213285d050b0c55a4eef294e5a
cifar100,44879,cifar100-train-44879,52,reserved_not_accessed,confirmation,16331237837f88bde51618bdf2a3065552c31589a960018aae2c84abffbecce7
cifar100,44919,cifar100-train-44919,35,reserved_not_accessed,confirmation,12d9164de35444eb6ca8bcecc1dac61a61466bde766f28ea5350ccfaed8c0e1e
cifar100,44922,cifar100-train-44922,63,reserved_not_accessed,confirmation,15d98d6f4ff39347d65eeee52fb6a8fd7a5251a83a20c11549755574773d80c4
cifar100,44923,cifar100-train-44923,65,reserved_not_accessed,confirmation,12308b2cb17232e21ed2c4cd3cbe8649823bb4cf2243c5e44ad4d4d29ee8d21e
cifar100,45254,cifar100-train-45254,80,reserved_not_accessed,confirmation,0ddae27cb8cb3809301628400bf8a31bf2f973c5f9f73ddbca9f7f4c518ff1d9
cifar100,45364,cifar100-train-45364,47,reserved_not_accessed,confirmation,1056f0271a4f8c8ad0879cfa058dc377bdde2e6e314c9c82a668d65fe690b536
cifar100,45371,cifar100-train-45371,92,reserved_not_accessed,confirmation,0c878f98821632c8939810f3ea4f3610286ba7bcc8eeba271183e30441fba00c
cifar100,45374,cifar100-train-45374,76,reserved_not_accessed,confirmation,1244afa5abfa4875c848285caf20e7659c737a5b65206999e3f9c38939c12831
cifar100,45390,cifar100-train-45390,21,reserved_not_accessed,confirmation,1362d9190517d08bf4ac7f5c241c39a5766a8c5fbea69b1e0a592631c2c08e01
cifar100,45401,cifar100-train-45401,63,reserved_not_accessed,confirmation,110b9a43095b0eb6da8daea17200bff7746f692ff2792549a311c53cd5349244
cifar100,45445,cifar100-train-45445,2,reserved_not_accessed,confirmation,158e1e94aa08a7b463c25d6ba2df48ee79cff8eecc7b3e142c490365ec2a17ee
cifar100,45467,cifar100-train-45467,64,reserved_not_accessed,confirmation,126227cf00f289ad13771c10d26526db948591e80f4982bedfc49b07a90c3b5f
cifar100,4550,cifar100-train-4550,65,reserved_not_accessed,confirmation,118fc3493540817c8e2e983794c352feec8d57c4a7f61987e9130864328ee116
cifar100,45528,cifar100-train-45528,88,reserved_not_accessed,confirmation,0f8a22ddc0ff435e59e383ea7ac36f0a30d8722fb14f1de68301b8b2e008d543
cifar100,4553,cifar100-train-4553,5,reserved_not_accessed,confirmation,149139d352409eb6da4f0fbbfc452f565c9de4ece9f72b50a951d2a2e64676ac
cifar100,45533,cifar100-train-45533,55,reserved_not_accessed,confirmation,0acd07f9e82787b6fcdd184a6103d303ed90a3827f5e96b78e3c1d52e4d97632
cifar100,45543,cifar100-train-45543,2,reserved_not_accessed,confirmation,15d0348da5e67d9c7942d980f042acc7aae6f6a2d84be7c6ba98ba5b679ed288
cifar100,45595,cifar100-train-45595,40,reserved_not_accessed,confirmation,1b6a59d3407730a418938c3cd23479a1909607f3266cde932ddc73c5dfc6d832
cifar100,45601,cifar100-train-45601,3,reserved_not_accessed,confirmation,1586856ddd6767256cfe2b2d6603cf0ecd58d667f2148a611ea074a372619f45
cifar100,45627,cifar100-train-45627,56,reserved_not_accessed,confirmation,18313f2b5a3b5eff9abac67d1394aa5ceba539c7611d922873bbc4d600f08827
cifar100,45831,cifar100-train-45831,57,reserved_not_accessed,confirmation,130fff8c53e11e5924594a6d07e1a9de3be4e9c5304b30001245c6cbf0d75ad0
cifar100,45846,cifar100-train-45846,25,reserved_not_accessed,confirmation,0d9308b83cc0df7b6af3f4ae2a9d919c47218921d6e43c7e22c1bfc98e7d4ab5
cifar100,45854,cifar100-train-45854,63,reserved_not_accessed,confirmation,11d6a9465f878e640683b231e2aec5e539abd8ff7e6b9b992c2800f01d59d89c
cifar100,45916,cifar100-train-45916,43,reserved_not_accessed,confirmation,13e80c738542b72b4c9106a51dd0a6563dbe2885de35b1380113cfff953839ff
cifar100,46018,cifar100-train-46018,9,reserved_not_accessed,confirmation,0fdf1d607460a81c94614d7845720b69ceba25d2e32ff1d9b312394b662d3680
cifar100,46075,cifar100-train-46075,49,reserved_not_accessed,confirmation,0d4163a37b126c303e7e0042708d2f2da1f9bbb83ba19334fbba95c35dc0a0c0
cifar100,46129,cifar100-train-46129,13,reserved_not_accessed,confirmation,135594ab96c2ddd1eed36f09d2319da42cc96e6cbcae3aaac1d36614ace03e53
cifar100,4615,cifar100-train-4615,87,reserved_not_accessed,confirmation,10db27f363ae42e90c5473e8caf8e3c44e03fac8d45362699368096404919c9c
cifar100,46226,cifar100-train-46226,1,reserved_not_accessed,confirmation,16edf951110b15a262c2b277314d794314a9da82d9738f6863dd59357dfa7127
cifar100,46303,cifar100-train-46303,71,reserved_not_accessed,confirmation,11222fd4bcb07f70911d7dffc8560152281aaeada8faecffc9d8435ef99b60e2
cifar100,46329,cifar100-train-46329,18,reserved_not_accessed,confirmation,16764a610ed62f332386607ac63d7e747023a3cd896a2053c667ba6824d8b127
cifar100,4642,cifar100-train-4642,10,reserved_not_accessed,confirmation,0ac810ec489a4adb4980d623c1cfc01d901dcbf261ef48a780f4188baf66697f
cifar100,46425,cifar100-train-46425,47,reserved_not_accessed,confirmation,0ee6ed557042fe08bd06701d5cad3a59c3b06e4bf2de786edbfbcbf5fcf2042a
cifar100,46477,cifar100-train-46477,40,reserved_not_accessed,confirmation,1bbe4e865050d9be3a8e881e36e29ffc6dc46c6f64db34b6a516ab7fcbe558f2
cifar100,46514,cifar100-train-46514,43,reserved_not_accessed,confirmation,119ad3760aa396e8171bcff81ccdc43a350ed3987b879204512c922e025ce6da
cifar100,46516,cifar100-train-46516,27,reserved_not_accessed,confirmation,0de19db0db369dfaee8c29297a811c5b99a9504b284eb34b6c0169ddc592ab07
cifar100,46565,cifar100-train-46565,99,reserved_not_accessed,confirmation,133503c241dab2f80d36e07768fa23888cf124f0f489e8e649aaaa7e2bfc2ba2
cifar100,46573,cifar100-train-46573,71,reserved_not_accessed,confirmation,119b06664ac70d59df6bee6919bd748cdf03598fc9533c9c7547358963019ba0
cifar100,46579,cifar100-train-46579,95,reserved_not_accessed,confirmation,0c5b54b9ac78bcdf1fbf3531864355dc8ffe699948783a911f7e411c2de5a7d5
cifar100,46586,cifar100-train-46586,50,reserved_not_accessed,confirmation,14732c6ba9fef45a93bee1718b88d225e7de8db6831897fc843113451573475c
cifar100,46587,cifar100-train-46587,37,reserved_not_accessed,confirmation,12352324b9cb8b1b360e2c8b848da58ae3a82d2fe690c5574adcbc58ced29de5
cifar100,4660,cifar100-train-4660,73,reserved_not_accessed,confirmation,0ddcd429b6738eeace41553216740c88b5ef2d5f16fb6e6ed11f3c3a89a358fd
cifar100,46630,cifar100-train-46630,97,reserved_not_accessed,confirmation,0fdf70e579421ad6888d92dc81d56e2f201975970baec6dd2791110831343894
cifar100,4666,cifar100-train-4666,85,reserved_not_accessed,confirmation,11207efbd7bd5e38edd70ba44b6cbf3c5e04d18b48493d9d5f565884fd0f4357
cifar100,46672,cifar100-train-46672,2,reserved_not_accessed,confirmation,15a98d09241a658b2093e41dcfaf0a5b10e7f751900661003aba65180d3f8b2b
cifar100,4670,cifar100-train-4670,15,reserved_not_accessed,confirmation,15992ce985b2d2b388d4f106502109a7e667eed0cdf886de8be226f790a76236
cifar100,46736,cifar100-train-46736,11,reserved_not_accessed,confirmation,11d3e6dae995bcd0f96cf7879510303da0372cb490d463006b3d1a79705c10f1
cifar100,46738,cifar100-train-46738,85,reserved_not_accessed,confirmation,12eb6173455623e7e7b5b557898da003e73d40c251ea010a6ae44d047fd44a66
cifar100,46837,cifar100-train-46837,22,reserved_not_accessed,confirmation,15de0a1440b86e33151534f811cbd80dbecf294938525c11fe2e65412a5b1ef7
cifar100,46875,cifar100-train-46875,94,reserved_not_accessed,confirmation,12f57ce7523853aa97b412aaaeec833fe0a3c9e2c43f4fa1aa47f30a80c0e6e3
cifar100,47009,cifar100-train-47009,26,reserved_not_accessed,confirmation,10f6408cf749ec4237d379cc62c0033da2f1342a165f23c4a4121c757d174239
cifar100,47011,cifar100-train-47011,6,reserved_not_accessed,confirmation,0e928b11a163a8cb15ed3fcf6a25b81c8aa27d1a668183e43d3302336857d33c
cifar100,47027,cifar100-train-47027,89,reserved_not_accessed,confirmation,103bda9aeb9b0bc3754419d7239f31cc716cfd234b4a628389c3a020936228cc
cifar100,47044,cifar100-train-47044,93,reserved_not_accessed,confirmation,1485fbe9e57fddf2000d3c72496db2726089001d7ca914a01dce23bb1cd2d4f6
cifar100,47081,cifar100-train-47081,53,reserved_not_accessed,confirmation,1089f5415204f1f2b128a5d8a1750f4a74d6bc454f14c9b532e59f6c3c7e0d4c
cifar100,47170,cifar100-train-47170,75,reserved_not_accessed,confirmation,10df0b0ad431a00dadfa5adcb7b365aaf2458c4006a9f27f5622aa22f87f06ea
cifar100,472,cifar100-train-472,82,reserved_not_accessed,confirmation,1495a892445fee15629db2907342076c663bd7cd2fc15a16216fbc6c223ac1c1
cifar100,47278,cifar100-train-47278,79,reserved_not_accessed,confirmation,1455874c96880912009401b923c594827b3b993f8de2f6087ceb2366174d10a0
cifar100,4728,cifar100-train-4728,95,reserved_not_accessed,confirmation,114159c7495259bc636cd5f41ba8e279bb105397ab049da6b0ca57368c4d8736
cifar100,47346,cifar100-train-47346,50,reserved_not_accessed,confirmation,101a746e853516395be41026153ca2e2f841295d38c9215ddded80b56679482b
cifar100,47530,cifar100-train-47530,34,reserved_not_accessed,confirmation,1016ee2370cce93058f2fed254e98e6ad1db49fab0928c090cdd9f91474296c6
cifar100,47566,cifar100-train-47566,31,reserved_not_accessed,confirmation,0f7180ba456725fa9b3dba27ab9086dbdcd3cd5f001835ec8c5c8fdb99f6cc87
cifar100,47612,cifar100-train-47612,13,reserved_not_accessed,confirmation,14957cfcbc48ee3ea009476297e35320c09dc5a0401f3192005c529ec01bc32e
cifar100,47622,cifar100-train-47622,4,reserved_not_accessed,confirmation,09c1f3df1c48296a62946927f6a0d18af7b20cf2cb03542675544a8948aab183
cifar100,47695,cifar100-train-47695,17,reserved_not_accessed,confirmation,081b1fb412e73f32a314b70d90e1c2e889d90f25a7b9edb047994acf061557e4
cifar100,4772,cifar100-train-4772,41,reserved_not_accessed,confirmation,102d5078cd96d4e77db50c3d7ad9d871142a05b567e76a7190726478f1b997be
cifar100,47732,cifar100-train-47732,87,reserved_not_accessed,confirmation,0d509e79bec9ec5931abbe653fc25a65ae428a100c3092333aaaf586d8b7fc22
cifar100,4778,cifar100-train-4778,51,reserved_not_accessed,confirmation,0fbf90f7090589b622b0aaaa1f9636d0adfcec21a2baf91c8767a855566c84ff
cifar100,4780,cifar100-train-4780,62,reserved_not_accessed,confirmation,0c04690046febd50304e7730ea29d544a41bdd0f2f516502db95360948134d3c
cifar100,4782,cifar100-train-4782,85,reserved_not_accessed,confirmation,132234919aa1f302689de179771a4e391e51c64d31776f2f574c0343301aeb96
cifar100,47888,cifar100-train-47888,48,reserved_not_accessed,confirmation,0f6f4e257fe4515e7748791516c4a3cc634586292d6c4b681acd2783ee290a9c
cifar100,47898,cifar100-train-47898,24,reserved_not_accessed,confirmation,146e6c7f783f35749399039a45c67ddb0dd8fa7213eb4fd625df486b6e48360f
cifar100,47930,cifar100-train-47930,31,reserved_not_accessed,confirmation,127f477d2f6373faab6f235e6d380a7799c6d08cc31d145ef29ac165514f7274
cifar100,47956,cifar100-train-47956,56,reserved_not_accessed,confirmation,1bdd1f96a2cbdcd2dd093ef43503bce04413bad0ad5fda03ccd254c10d9f6775
cifar100,47969,cifar100-train-47969,86,reserved_not_accessed,confirmation,144a587d914b78545d56e3af7dc04bc090c2ded0023bc7665774635aaca65b4c
cifar100,4797,cifar100-train-4797,10,reserved_not_accessed,confirmation,121b28c960a0d571dad97e8612b551277a5bef1f74dcfd6ba495e2939277eee3
cifar100,47974,cifar100-train-47974,90,reserved_not_accessed,confirmation,1341574d9e79336de6877f82291e86091f128443dff79b63bb0e1a17877e4c3a
cifar100,47992,cifar100-train-47992,47,reserved_not_accessed,confirmation,0b15091c7c5c3417cc489d737c5e0b5c15ae747d6bacdee591827ecbbed6097d
cifar100,48074,cifar100-train-48074,72,reserved_not_accessed,confirmation,1652d1b26403c0078e9cedfa5d4163437a284a02de59e2b956598af2fb43caec
cifar100,48077,cifar100-train-48077,50,reserved_not_accessed,confirmation,14a3f381d33ede9a73244e3d53a601988b497aef2fba1f768205abb8cafb45b1
cifar100,48101,cifar100-train-48101,79,reserved_not_accessed,confirmation,1585c4a10e66c6115e7b1d2b12a3dca977b02172c9072c0f21a79414dc96aefa
cifar100,48132,cifar100-train-48132,3,reserved_not_accessed,confirmation,1138d033eb7bb0545497c8fe934725c27f589492280b3366610317e8c61600de
cifar100,48348,cifar100-train-48348,19,reserved_not_accessed,confirmation,10def130d5b958204e3db479b51fbf42ca4a55d6706b8430046b52f71eaa7f23
cifar100,48429,cifar100-train-48429,56,reserved_not_accessed,confirmation,1b17e530dd078fe35fde8e7620ae9256de55bd501e233e9680d233e1ca383fbd
cifar100,48442,cifar100-train-48442,88,reserved_not_accessed,confirmation,111cfebd5d9d721f6a8c5e9b12a4cc7e9de7a180ac37737408d6947604d094f9
cifar100,48474,cifar100-train-48474,25,reserved_not_accessed,confirmation,141c2ba7e027df14a9539075e16973c46ca48cf0ef2573ddd455c1c8cbaca596
cifar100,48526,cifar100-train-48526,13,reserved_not_accessed,confirmation,139d14e2aefff50f731bca017163f9b708f520b4114b079b451086f357d6d364
cifar100,48575,cifar100-train-48575,48,reserved_not_accessed,confirmation,0d4de013eb884a03a47118bb213b45b63a4d96e1a24d5e544a2aa1e2e10ec71c
cifar100,48607,cifar100-train-48607,63,reserved_not_accessed,confirmation,16fc9f9fb6d8e14f172fdc535a47054894e1d6c9e233f678da8c8ad7b5be7f43
cifar100,48639,cifar100-train-48639,61,reserved_not_accessed,confirmation,0eb4ea08d25c36f01cb9d30249a896a90e01fbb788584828707c846d3882cf12
cifar100,48646,cifar100-train-48646,84,reserved_not_accessed,confirmation,10d64ba2141963c1bc0ddd157ffe73ff269017e345ac716221020efdc56087ca
cifar100,4867,cifar100-train-4867,83,reserved_not_accessed,confirmation,10b86ce3948c3069ea9acd45e7214211d3250035c14224f88b9002dbc4edc22e
cifar100,48746,cifar100-train-48746,94,reserved_not_accessed,confirmation,12a6fc8a2fcd7deffdf7219044c8aa6c4371100f333e5820511b3c9100b2e769
cifar100,48768,cifar100-train-48768,24,reserved_not_accessed,confirmation,140880f49cdf64a4b3a8bd2b83fb3ff199ef3913dd1a9d264c5951c90d192fdb
cifar100,48827,cifar100-train-48827,20,reserved_not_accessed,confirmation,14282263d85a4d9f094ae99d7dba75737dfb4ff6fa14044fc47de3ee566daa8c
cifar100,48836,cifar100-train-48836,35,reserved_not_accessed,confirmation,13f97ecd6724c56a3591c09ab6ed8c933645c0416a854fab0dcb94408e0cd292
cifar100,48841,cifar100-train-48841,33,reserved_not_accessed,confirmation,0f86e31d61ef81bf3c023f3509b2cd52bdaa1bb11ddf5f3bffbcd1486372eb37
cifar100,48843,cifar100-train-48843,46,reserved_not_accessed,confirmation,0e7d534aca5932b6b7098e97ca554c52a9d964f15093943852d38a9d6b827032
cifar100,4886,cifar100-train-4886,25,reserved_not_accessed,confirmation,0db7be005e2bbadd4b78778d16f84db4e11addb024d0ccb984b93ae82aa1b950
cifar100,48896,cifar100-train-48896,73,reserved_not_accessed,confirmation,14a4aeb4c95c3542d49297eb98e90e2df5fde30fa945c6c98ef11a4dda44f208
cifar100,48952,cifar100-train-48952,42,reserved_not_accessed,confirmation,0de1846cf612aaf15758b173beed5eb988540bacc7892635e8c5ea7daa4d666e
cifar100,49007,cifar100-train-49007,90,reserved_not_accessed,confirmation,12fac63ed11e75343ba49bf1d4c523642be824022fa4546660051955cd325ecd
cifar100,49136,cifar100-train-49136,74,reserved_not_accessed,confirmation,0dc6fdf1290a77732eaf1df2d49be0f7ac7c2cb561ee73c7093b5a7a3a69c1f4
cifar100,49220,cifar100-train-49220,7,reserved_not_accessed,confirmation,0df019ba0951b710283979d642c3ac51a24edbc62d329804c654c87b5c1cd487
cifar100,4925,cifar100-train-4925,81,reserved_not_accessed,confirmation,151a2e4d56cd80b5d2820e9ff9f51ffce1d996cec229ca15dc03accf7bb45172
cifar100,49280,cifar100-train-49280,10,reserved_not_accessed,confirmation,0bc96008e93b0aecb37bdd0d1321c089f5d7acbfc937c4be5417dbad6dbdbe96
cifar100,49293,cifar100-train-49293,13,reserved_not_accessed,confirmation,11bdc2e644ce40eead993aa7572717af685d4b29cae796af265f39b4b5bda40b
cifar100,49294,cifar100-train-49294,71,reserved_not_accessed,confirmation,13687b241930b93c8a92b8c76aef72f097cd290521caa285299aad4b152247b6
cifar100,49324,cifar100-train-49324,17,reserved_not_accessed,confirmation,09b354ea7bed2fec36a0b655bbca4490fc3437cbc9e723bf15e5b4763f133f30
cifar100,49352,cifar100-train-49352,6,reserved_not_accessed,confirmation,117b2d129157b83097c9a7a591988f9d2dfccdab29c6979a8f4f4cc1518bf4cf
cifar100,49356,cifar100-train-49356,84,reserved_not_accessed,confirmation,1349e053825ec87207a2e5ee1a63e77d4a46fd994a4e8328a54c7efa74d8e1b5
cifar100,49380,cifar100-train-49380,3,reserved_not_accessed,confirmation,122658190cb9755698471a52d8f1dbad21be9c8f7cff2770e02321ee2cd28305
cifar100,49395,cifar100-train-49395,76,reserved_not_accessed,confirmation,1183a38f9205a03f90f04cb24f2f3a70e849775a67c52e8949e0d919645138fe
cifar100,49457,cifar100-train-49457,44,reserved_not_accessed,confirmation,0ed7648fc5768f58b16253bf1cf3e90ba4b6768775cfe55fac978e44f176fd7b
cifar100,49514,cifar100-train-49514,11,reserved_not_accessed,confirmation,11694eec0ed8657e83c600072fbc32366e28dd34bed0f2d148e9ebbffb1bc309
cifar100,49598,cifar100-train-49598,69,reserved_not_accessed,confirmation,141b1acf1b764fb513fb235ef0933aa3cb0340f6607d7fb12bd92de2af0825f5
cifar100,49624,cifar100-train-49624,1,reserved_not_accessed,confirmation,14cff45c62d63fbfe58d95f02fd1a34a15591e23522ea10e5b2ed74d52428bc3
cifar100,49667,cifar100-train-49667,60,reserved_not_accessed,confirmation,0b10067ab2bccc0099281ffdf483ecf714d07909f9baa586603ab0fe8a54545c
cifar100,49672,cifar100-train-49672,49,reserved_not_accessed,confirmation,1451a9b5a8170a16f93b74fd602ddc355f65853b7d52ce9825f87359b02c34f2
cifar100,49683,cifar100-train-49683,95,reserved_not_accessed,confirmation,0aa565328c7288c159e0f81298ef447d71f2528460a563169fed1525b61f5053
cifar100,49787,cifar100-train-49787,45,reserved_not_accessed,confirmation,101aed70a36ebca464160eb283bb4e5c511bd13dcd30fd199ed25d0b38e9c0a1
cifar100,49943,cifar100-train-49943,85,reserved_not_accessed,confirmation,12433241a25cfec97dded53453f99c0f6a2ae807ed7068ef8687f44007b19c5b
cifar100,49977,cifar100-train-49977,12,reserved_not_accessed,confirmation,100ca1f716c9e246b20f6201f7858735bd36f4b17be632443263322a1112166f
cifar100,5015,cifar100-train-5015,93,reserved_not_accessed,confirmation,163ced62da3a50b6df36a8bbf44fb7ba27af343b4a22b999e2fb943546e15510
cifar100,503,cifar100-train-503,81,reserved_not_accessed,confirmation,14cfb3c431e0c1650ec20a273e863e3162dd7c8904394c687e65d0797ae8d45c
cifar100,5068,cifar100-train-5068,38,reserved_not_accessed,confirmation,0ffa7838bc79bca1ec1eb3ba060d86322d11b9c65240326a1bccdf94f38d2fae
cifar100,5069,cifar100-train-5069,76,reserved_not_accessed,confirmation,0d58a7b1b8f6b386460d9d548f7c161c31c1f4c687ce2053ff4ecec88c00cc25
cifar100,5074,cifar100-train-5074,45,reserved_not_accessed,confirmation,14b2fe2bc40bad5179c14c0f490a3bd73adee42b612932e1ff1267f3700f418f
cifar100,5095,cifar100-train-5095,30,reserved_not_accessed,confirmation,19a312977c9758f3dfd07bd125220d1342e5092d0ea85d6455dcfcf75e14b405
cifar100,515,cifar100-train-515,49,reserved_not_accessed,confirmation,1455ee3d903014185b0f2af9733ea9ab6c38d3d85822d274eb854813c687cec9
cifar100,5197,cifar100-train-5197,85,reserved_not_accessed,confirmation,123dab00316d576e9f118cd436c09225fc8b0881fe29062f69857f6eae15b268
cifar100,5219,cifar100-train-5219,6,reserved_not_accessed,confirmation,0a6aeaddb1224d80ab35ab08378c957c70df4c2f594d183f4988238606eeca8b
cifar100,5235,cifar100-train-5235,92,reserved_not_accessed,confirmation,11b241486a88ccd1dd4e64a77eb8b0c66b061f8a1c9f43f2eef6f2159a415aa9
cifar100,5249,cifar100-train-5249,63,reserved_not_accessed,confirmation,13a62a537a7826ebf50c3cc60a46f347d7614f59871150aa1caa92878c9e2be8
cifar100,5250,cifar100-train-5250,22,reserved_not_accessed,confirmation,171c0291d8493e513db327d4c150e001fee0b568e4510cd8bc1e6ad2ab839257
cifar100,5358,cifar100-train-5358,96,reserved_not_accessed,confirmation,13dfd17494f51dfb8b203e479fc293ea9f39edde6f6f437b3ac605cf5c5d0470
cifar100,5379,cifar100-train-5379,34,reserved_not_accessed,confirmation,0d236b490e0d639c1df5a623271a9af37aad17495662f26c435f263a447ca910
cifar100,5409,cifar100-train-5409,71,reserved_not_accessed,confirmation,1129fb1e9814fec1e5bbe1275c4333a5eb8f265460bcb8757735487815544d09
cifar100,5429,cifar100-train-5429,56,reserved_not_accessed,confirmation,1b00f25ebf4d5c9d2819212d82d1cc34d08af368d128b30bc6a10bbddd00c660
cifar100,5492,cifar100-train-5492,44,reserved_not_accessed,confirmation,0e3a6fde59c81f506259f4dff5d8086ce6bd099f049b593195501516e3d47ba2
cifar100,5500,cifar100-train-5500,78,reserved_not_accessed,confirmation,11a97146f76f253a2bd8ea7b03d949a3ef85bff0948baac8442adab1de4c6654
cifar100,551,cifar100-train-551,39,reserved_not_accessed,confirmation,144ad19bafc0a6a00423b99c4e2c7d382a52a5f1d408a9bd2380bba125f2bcbe
cifar100,5523,cifar100-train-5523,84,reserved_not_accessed,confirmation,11aa3bca4329174f2c2d970b34fb95af206fedf0bd9602dfd77bf9e2e79e1858
cifar100,5583,cifar100-train-5583,75,reserved_not_accessed,confirmation,12be31fff8ca1b6abfd7ba6005a4884a8d70e99a0445849c478c4fce294bc70f
cifar100,5656,cifar100-train-5656,82,reserved_not_accessed,confirmation,0f1f0c1aac0f8c539e330debaf6b2eca4e0dbd7153997ea26cb01b5e8e4e2d3e
cifar100,5683,cifar100-train-5683,9,reserved_not_accessed,confirmation,1360d4da8722d46c5ad2964314f3efc5e0965b5dc878de0413ed986b27998285
cifar100,5696,cifar100-train-5696,10,reserved_not_accessed,confirmation,0ad61679e2080275052beca39effcb928c13f1cd4178c1e5e47c7a66bb77d53d
cifar100,5713,cifar100-train-5713,21,reserved_not_accessed,confirmation,13afa1796bac31e2c067168fd261f82a4b447cb3edae06f9ecbd945cb13f2bfe
cifar100,5835,cifar100-train-5835,34,reserved_not_accessed,confirmation,0ccd17006547a2995f3d3311e0b2e5123b5e2d824c9ad4971347d7435f58955a
cifar100,5843,cifar100-train-5843,93,reserved_not_accessed,confirmation,0f47ab509bb2fc72afb6b8653983e0b798a56774e459ab19fc27c55493e005ec
cifar100,5880,cifar100-train-5880,4,reserved_not_accessed,confirmation,0aea22914ee1436fa874d6ca239e49fe08bcf5aea040040afd791d05701d0f25
cifar100,5906,cifar100-train-5906,41,reserved_not_accessed,confirmation,0e894f0ae4a614a92cdd3a0bc0b12224dfe160a9d2678ab9e807e66d7b1a1cee
cifar100,5913,cifar100-train-5913,98,reserved_not_accessed,confirmation,141d907027e2349c401a0ceb77c37a953bd3334e2bf73228de2f6ec404e75044
cifar100,5984,cifar100-train-5984,44,reserved_not_accessed,confirmation,0e99d9862e6f974b5ac7888754c9ad0813b36dbe0b89ec0acd5c2957fc890741
cifar100,6033,cifar100-train-6033,96,reserved_not_accessed,confirmation,102aaa2c163a104954795763d2cc5501c386253ea6719f4c508530be2e1a789a
cifar100,6101,cifar100-train-6101,90,reserved_not_accessed,confirmation,10f9bd57ed210262b807777e850c3509a68bd7e0193c56ec8b478a709613de7b
cifar100,6165,cifar100-train-6165,56,reserved_not_accessed,confirmation,1698c1f0587c0e1b24eefae6e43113e5ee35e82c3d027d024fa37a7f6aad2833
cifar100,6212,cifar100-train-6212,33,reserved_not_accessed,confirmation,0fec27f5a5afedc5918e98ee8647ceec43355a213da82e201bf3273512133421
cifar100,624,cifar100-train-624,68,reserved_not_accessed,confirmation,0a2ad77e64cefb10f799e9ba874b12b5708da02fade781f0fa5a682e5fa02e8e
cifar100,6319,cifar100-train-6319,98,reserved_not_accessed,confirmation,14a0e9e3f640b86612deda29b926e031c8150153703aa18a2fa586550df59fa7
cifar100,6444,cifar100-train-6444,51,reserved_not_accessed,confirmation,102f9f8f9043cda8a6f33780c9550558ac83ab1956eb55a966feeead770d7b06
cifar100,6503,cifar100-train-6503,75,reserved_not_accessed,confirmation,1277169f51729faefbff3d09ef3ab6ad23695f77f3a001e453daebcee64c72c9
cifar100,6520,cifar100-train-6520,37,reserved_not_accessed,confirmation,1041797f800fd166c2662012bf960498de0cef2869ba319f1cf1510a0cee679a
cifar100,6622,cifar100-train-6622,49,reserved_not_accessed,confirmation,13969cc8cbbbb252a6762c63e87300230d3f59822e26b80e882d61443908df06
cifar100,6708,cifar100-train-6708,65,reserved_not_accessed,confirmation,0d492adc2a0d0dbb95879ed45b0d145b62e8668881a91f68f11e583019b12e21
cifar100,6714,cifar100-train-6714,65,reserved_not_accessed,confirmation,1533702985bbeca87f928f0a09a331a8adf75d0dbb145ec43df2f34f5feb9323
cifar100,6842,cifar100-train-6842,79,reserved_not_accessed,confirmation,13584e70ebf66aaa67e6bf68b72bef0f4fed954b80b9e1def93496964824b65a
cifar100,6855,cifar100-train-6855,50,reserved_not_accessed,confirmation,14d0d9363c3129780da8fced5f1131460214edbf29d99cae47fb5ce5b71a0279
cifar100,6886,cifar100-train-6886,38,reserved_not_accessed,confirmation,141667a99e82f7f786d8e56dfe7b432cda45dae465c195ccf9c16c0af9b2ba8e
cifar100,6893,cifar100-train-6893,1,reserved_not_accessed,confirmation,136d0742f0c316b0072e8da5ed42872f127ba526911de7d96d5293b20b7a00e0
cifar100,6907,cifar100-train-6907,78,reserved_not_accessed,confirmation,12ab78d8fae404d8b88303e8a91d13db874c587cf76977992217c50134be5a50
cifar100,699,cifar100-train-699,16,reserved_not_accessed,confirmation,0c8a25ff29eb7e1db9750eead0dd85e6bb6c29370700d4b10d7a530d75da6ab9
cifar100,7050,cifar100-train-7050,98,reserved_not_accessed,confirmation,159be72562b2b57b3312c961deafdb72bcab96cdc6a8ce84c4fb7f9b7d8ce7cf
cifar100,7061,cifar100-train-7061,59,reserved_not_accessed,confirmation,14cadcd7545657e2bf97caa22b07e5f6e7ab7e8982e14c8cf7653ae87d29b7db
cifar100,7186,cifar100-train-7186,69,reserved_not_accessed,confirmation,1477efbd4cfabb72f402aee9250afd8bbab0a90b1ae2a531cc4413cfa026132c
cifar100,7214,cifar100-train-7214,98,reserved_not_accessed,confirmation,17e60ba6971ae011b92d3919dfb70cee982e8f2bfa6e41001118a9bf6f9aa373
cifar100,7225,cifar100-train-7225,26,reserved_not_accessed,confirmation,13e47725d443415545992cf39383194bed910261afbf4b450f471c7dfb59bcd6
cifar100,7227,cifar100-train-7227,60,reserved_not_accessed,confirmation,0c8a5c2f21d6316acdc450ca533a6afcccfa664bcd98a3264060348901c59d0d
cifar100,73,cifar100-train-73,89,reserved_not_accessed,confirmation,1387727bf3beae64b1867fd273f1fcac83e7715ef2b8e2b6d52ee7fce799f8f6
cifar100,7420,cifar100-train-7420,7,reserved_not_accessed,confirmation,0e563d2368425f007260280874d390ec449741c59d31d5fb8d8247b2016ce8d9
cifar100,7459,cifar100-train-7459,10,reserved_not_accessed,confirmation,0e3685a74263ade58b08249d820983c10358c72663bf8e43cfad75751be901b0
cifar100,749,cifar100-train-749,61,reserved_not_accessed,confirmation,0e20a70533dfd26658aae5e6137300a558c4605dba65c85c22faa839f061e246
cifar100,7558,cifar100-train-7558,24,reserved_not_accessed,confirmation,13fb2918de72971dda1db459b2c77266b15f9ac2a61d62b0db7836a13e35cc5a
cifar100,7593,cifar100-train-7593,27,reserved_not_accessed,confirmation,0d2248bd347af10252a94c6e85be26e30671ac3a85c530887c00780db22272e7
cifar100,7759,cifar100-train-7759,27,reserved_not_accessed,confirmation,10af286dfb54692918a2b1e21a8d65df2d74417df70a21efa8f2539d91d86038
cifar100,7771,cifar100-train-7771,80,reserved_not_accessed,confirmation,12663ade60b1050601efb0ffe3471e09315e6cb9407befaa411843a8736081d1
cifar100,7794,cifar100-train-7794,53,reserved_not_accessed,confirmation,10e19034dfba6bf1916f2249506dad3a6cbf673f216e41248c7260e44ed061da
cifar100,7823,cifar100-train-7823,41,reserved_not_accessed,confirmation,0faa7e328cee8aa948842bb6552c494af5a903d7d4866305e8b9cc12afe6b82d
cifar100,783,cifar100-train-783,81,reserved_not_accessed,confirmation,1015b4390f55395ea5ff446b2c3c9ca208a1ff886d5f978648b0af5dd5dcc0fb
cifar100,7875,cifar100-train-7875,43,reserved_not_accessed,confirmation,11c88d6cf4a5e6d1e265fbffb01a9d09f276850fd2493e5a5d89e9b495362147
cifar100,7890,cifar100-train-7890,20,reserved_not_accessed,confirmation,1278ded5ccb7e2c24b8bfce7603b3da139a7e61c6ff8dcb14fd6c58dcd5b5792
cifar100,7916,cifar100-train-7916,64,reserved_not_accessed,confirmation,14e52b6ca1de44a1fcd883e97a44aa63fa14a207a551b385172004bda1d1f840
cifar100,7974,cifar100-train-7974,1,reserved_not_accessed,confirmation,126d3154dbddabc4eebad1d834fbe501b6e8d4da83179379ce0e79f46aad096f
cifar100,8026,cifar100-train-8026,14,reserved_not_accessed,confirmation,11f8e6bc2e56ce677a2b6c37ac4889a512f8265e6f5660eb88cd39a11682750b
cifar100,8094,cifar100-train-8094,80,reserved_not_accessed,confirmation,11562206b37662087765ff0b85a5c2d9545021dce66afbd4e6a5d9b357466044
cifar100,8096,cifar100-train-8096,94,reserved_not_accessed,confirmation,11f45fc64e9085dd98a0f8fa8d20ae05d71da626b4393ecfd975b87bd2b677ad
cifar100,8189,cifar100-train-8189,33,reserved_not_accessed,confirmation,0e82fa1f5818d8bd9d9403272248b6b6fcec70deaa615be8caf078145e1bde3e
cifar100,8219,cifar100-train-8219,71,reserved_not_accessed,confirmation,0fdf94b14febbf9a951fd7f0eda3c2f2c2708c9777857bec0d68201b1ed65997
cifar100,8246,cifar100-train-8246,23,reserved_not_accessed,confirmation,0c038b199b2dcb7c55052d3d312136c782dad1fcc07971bd2d0a290103c30d6c
cifar100,8247,cifar100-train-8247,48,reserved_not_accessed,confirmation,0f26402fc0e71777f9b7bb6bb72428152be47c129d4a91bafe05bc790baee1a2
cifar100,8332,cifar100-train-8332,52,reserved_not_accessed,confirmation,139ed9be2b5eeaffb9fc3e62cf8f1a31bb2ebb6245f9e3e88e6189172ddc7632
cifar100,8373,cifar100-train-8373,40,reserved_not_accessed,confirmation,17f522bc035533faaab3743096d9f718e30c7a0c7205a0e064dbcc30e3605071
cifar100,8423,cifar100-train-8423,74,reserved_not_accessed,confirmation,0dff0d980542e83f701af5754e8550a83215fda7a24aa3067eb3139edc71f26d
cifar100,8428,cifar100-train-8428,19,reserved_not_accessed,confirmation,11fee1513a4b4a93baec90ed014c375e23ca753ea64bb5ff86cbc462d5721008
cifar100,8466,cifar100-train-8466,99,reserved_not_accessed,confirmation,11196a9166ffd6e5f4d904a1704a2f2de66da60b8d77a72b0a284d242a1bf66a
cifar100,847,cifar100-train-847,52,reserved_not_accessed,confirmation,1624b0e21cf007a6394dcda77e4cf65d133f2e28fa2173b390bd459212a5829f
cifar100,8496,cifar100-train-8496,61,reserved_not_accessed,confirmation,11c1981f46cf052d6a38124822dd3b56ba737169fd53ef37e995400220e46866
cifar100,8533,cifar100-train-8533,48,reserved_not_accessed,confirmation,0da14fef4cb14b59580e209c434bbedf38067bba965d6e77b7f74689ea98c609
cifar100,8591,cifar100-train-8591,32,reserved_not_accessed,confirmation,15b43031522e743318e264ad8bd61711b7d96959c64fe88f402cfdd38ce1dcb1
cifar100,8646,cifar100-train-8646,11,reserved_not_accessed,confirmation,1198174859ee0ec880e0f39e52e19cfb1837bd2c02b15efc681c53fcbe57b988
cifar100,87,cifar100-train-87,77,reserved_not_accessed,confirmation,192fe3f16a44d8f287e523b753d004e3dad60c44f06e4e26f20f03d6f1970d1f
cifar100,8728,cifar100-train-8728,74,reserved_not_accessed,confirmation,1090396a0da081296a8385d36ec295d1214d28886a75a50b715a62deec02535d
cifar100,8768,cifar100-train-8768,57,reserved_not_accessed,confirmation,12bfd89dce5fa0ee87e7d96a8d04eb64096312b0023ad890a5431bc6a42658d6
cifar100,8821,cifar100-train-8821,69,reserved_not_accessed,confirmation,140849f966dafce35405fb849f96c2c737418f872d864bd9acb9bdddcbc65ac5
cifar100,8843,cifar100-train-8843,59,reserved_not_accessed,confirmation,15702832ccfacfb0975b2aa6e8160057c294094441613c3be8c9f7249065ca16
cifar100,8944,cifar100-train-8944,33,reserved_not_accessed,confirmation,10e40452c1c0ff60e2c72429ed8974443c20c52c764d1e3ea299326794f43ec8
cifar100,90,cifar100-train-90,46,reserved_not_accessed,confirmation,0d024a4905f50006a7b932ad2781a6871c59d0a202cd59cd761656d7eacc4e02
cifar100,9094,cifar100-train-9094,8,reserved_not_accessed,confirmation,14b17a12a4e78b1391e7b46b16ddf71ecc361d80b9b308b6376b0f40719545fa
cifar100,9128,cifar100-train-9128,73,reserved_not_accessed,confirmation,142f4828a730fedf971130a7df266ff31ffad65ce6c1b3bec3ee4cfd55a6f4c5
cifar100,9156,cifar100-train-9156,36,reserved_not_accessed,confirmation,0e8d836e1200757523f66b5599d3579a92c2c40c0fae8a33d3cbdc8a4f86d1ec
cifar100,9192,cifar100-train-9192,2,reserved_not_accessed,confirmation,1464b065e503085a31b09358d5e0979466e81a75d540e6bd4022a5641b7f34d0
cifar100,920,cifar100-train-920,5,reserved_not_accessed,confirmation,13c328cdb09c82e30759feb0f48be564003aa6be7f1b418a7dcf4c4a18b612b5
cifar100,9265,cifar100-train-9265,23,reserved_not_accessed,confirmation,103de39056813856eb5b9f9bee46b576acbd5b6f8d60d7979b0438b884907f34
cifar100,9287,cifar100-train-9287,77,reserved_not_accessed,confirmation,14f9d4e8ae2ed257614b570a3a19db8a7b0119fa4b60ec3489fd056b9d7ea152
cifar100,9310,cifar100-train-9310,42,reserved_not_accessed,confirmation,0e38ccf3d34927acd7036c7efcbab1789097a4eb8b04e21c8298ae8cc6830ce7
cifar100,9354,cifar100-train-9354,50,reserved_not_accessed,confirmation,1044a277fbd64259519251cc22c88afeb5e3a24b0b839d73ee21b91bad6b4300
cifar100,9394,cifar100-train-9394,54,reserved_not_accessed,confirmation,165fc89a02becd5df8705c7f58c3e3b7c7fe79fd008a4f135b452690a54f3752
cifar100,9431,cifar100-train-9431,41,reserved_not_accessed,confirmation,0d57d0ef336396acbca7a117504dbfd33a3dfa38bb99116740fa193953fb18a3
cifar100,9447,cifar100-train-9447,63,reserved_not_accessed,confirmation,1668295470a9d431cecb1c798fd6ebfd96462e3c6d52614404fc13eba8aaa035
cifar100,9476,cifar100-train-9476,33,reserved_not_accessed,confirmation,111db3f27d659af359fed0893229baa095b00da455cb65e827f629adc1081d01
cifar100,9481,cifar100-train-9481,65,reserved_not_accessed,confirmation,0edce693e5c6055dcc5d1510eca14f5d8a29801398b93c7061e91e1b314d18bf
cifar100,952,cifar100-train-952,18,reserved_not_accessed,confirmation,1a154b8a1f03f636f5337f126249a080e700709dd92fce9a7273f9b7813be3f6
cifar100,9688,cifar100-train-9688,92,reserved_not_accessed,confirmation,0e53f991a70a0da866e7527ce99e1d0d423d9fa2f1688dcee601f2b4c4632aec
cifar100,9720,cifar100-train-9720,57,reserved_not_accessed,confirmation,1021f1106f6a55f4edb09f667317d48a2ee8d9c91c42ec5a877c9e8f5a05bbb3
cifar100,9747,cifar100-train-9747,88,reserved_not_accessed,confirmation,117ac8bff7bdff9524a5204c282610dfe88f6a21a0d4eeeabcd257e2dc0dc4cd
cifar100,9790,cifar100-train-9790,1,reserved_not_accessed,confirmation,14671ae9aa8ff28600cc394727b1d9b89288ef6caf99c72b11255b01e8c7323c
cifar100,9809,cifar100-train-9809,77,reserved_not_accessed,confirmation,1a136306d4d781e4ff3b04745e017a483d972d56dbc81d9a6fd3328f78fcd143
cifar100,9848,cifar100-train-9848,40,reserved_not_accessed,confirmation,1be7f804a894fc852cb0a2ded3c40c3c8910157267f341868cc2c5197dd4298b
cifar100,9927,cifar100-train-9927,44,reserved_not_accessed,confirmation,0c079bc16a2dae5579ce539f65a01cafe355cab62cef94edd19e75d942b27b7b
cifar100,9932,cifar100-train-9932,88,reserved_not_accessed,confirmation,0fb93d54606b35f64358d6362f61953d6c05929538d98098dc5d1820f4a5d322
cifar100,9949,cifar100-train-9949,70,reserved_not_accessed,confirmation,0d8316f933d99523d2402b6bec62c54e2eb2f2b668e2290dc09d7276da362d52
cifar100,9963,cifar100-train-9963,28,reserved_not_accessed,confirmation,1133cd732c74f9099942bf8b90b53884ff3076a550f2876c1b39511cf2f09f50
cifar100,9982,cifar100-train-9982,86,reserved_not_accessed,confirmation,138949b6595863bd686e7e5f72d17317f45ca9073136bf7f22a01fae209ba37a
cifar100,10027,cifar100-train-10027,54,reserved_not_accessed,selection,1115d29953c4ddd21fb7a29f897cf527fd8fa0387d5e3288ca9598df45c482a9
cifar100,10169,cifar100-train-10169,50,reserved_not_accessed,selection,0b8750d1992404c5f091a251708b32710363d73d17c89c96f922942f3e23bbc6
cifar100,10229,cifar100-train-10229,54,reserved_not_accessed,selection,10ca9a5ee300b4e1027b64844ceca89f89b0d658511b3637858a178b84824876
cifar100,1026,cifar100-train-1026,91,reserved_not_accessed,selection,0bc715826f02bf4c2bece75e4b38ccfdacc4e665be4432cc24d0c51cdfdcad25
cifar100,10388,cifar100-train-10388,24,reserved_not_accessed,selection,0f290a0e13976cfcfcd7d526fe934198c2cb387a4379a9c106f6b7aa52cca3f0
cifar100,10433,cifar100-train-10433,43,reserved_not_accessed,selection,0f5ceb03d6ea419a8daa6c28047edd745ce4420dbd3e1008722b84bf884d969f
cifar100,10598,cifar100-train-10598,53,reserved_not_accessed,selection,0baa76eee92e3a15fc182550bb0fe00f51d53e9773f5795f3d82bb500f3878ce
cifar100,10970,cifar100-train-10970,0,reserved_not_accessed,selection,0c19d1972d0c314c6ee232e162ffae33505f90d4e90ec8e3e2246873c7d2cc3c
cifar100,11098,cifar100-train-11098,1,reserved_not_accessed,selection,11215c2c998a7c6c93ac27e008bd231e4357c04dc259ba3d86cd200c85fb4814
cifar100,11175,cifar100-train-11175,44,reserved_not_accessed,selection,0a58d94ac82ab07b9790e2415d847090b39e1f642d72376874362b688994fb95
cifar100,11790,cifar100-train-11790,74,reserved_not_accessed,selection,0c4e3d66c99a74e1000251b472b2f354031e7bb14e5ec01c9492a32fc6f9beba
cifar100,11911,cifar100-train-11911,2,reserved_not_accessed,selection,13de2562d50c17de3697412ddf9d03369b988a7116f94847240f3bc01f05bd50
cifar100,11913,cifar100-train-11913,68,reserved_not_accessed,selection,079347f495a8cb9c0aa4f870aa1acfcd006cf7a6168a1af663fc4e114b5986e4
cifar100,11929,cifar100-train-11929,30,reserved_not_accessed,selection,1652a0122702f333ea1bfdd385f0279fa3dd14ef58a31d9a085deadb8cbc180c
cifar100,12183,cifar100-train-12183,41,reserved_not_accessed,selection,0ad8a6f42a8e0cddc52fa59a18e8e91b44a7790b09a17804d05fc414619af407
cifar100,12192,cifar100-train-12192,76,reserved_not_accessed,selection,0cc214dda8dc6c44baa1aea16c3d24ec81846459391f0b4648e26a38dd90174c
cifar100,12406,cifar100-train-12406,94,reserved_not_accessed,selection,0dcb3cada561c5f1e6b70df86acdcd07aed6f862954302d46aef96b30e304e82
cifar100,12559,cifar100-train-12559,66,reserved_not_accessed,selection,0e3d19396afe832eefeda7c15ed99014a33832d23592ea66a15125ff786b579d
cifar100,12564,cifar100-train-12564,56,reserved_not_accessed,selection,11a1b202e61acc91f9ddf13d72b65fca38aa0e8c58322a51b2fe14ff37b992e3
cifar100,12566,cifar100-train-12566,19,reserved_not_accessed,selection,0e7f1637fd536cdec7a14335cc805bfe9ffd1a7646875e2c4e19dfad5c2a81a5
cifar100,12637,cifar100-train-12637,90,reserved_not_accessed,selection,0c9c7ceba60ad34d655e9cd7b5b73ec95a503a04d450592f1fad40af93791506
cifar100,1274,cifar100-train-1274,74,reserved_not_accessed,selection,0c66556ca6fa997aa962d33f56cfc202e382e554980521def3d12fa06e5c18e4
cifar100,12771,cifar100-train-12771,52,reserved_not_accessed,selection,113dba4d3496f1b63ab147fc16dfa866aa18d605635163be1a6abf424953d9a4
cifar100,12850,cifar100-train-12850,91,reserved_not_accessed,selection,0bab21ffa3684730c12cf384f717531171a24280b51a9ee2d89596e19b440943
cifar100,13008,cifar100-train-13008,2,reserved_not_accessed,selection,130c45f0f9a2d7ebc84af21358728739b851b146218ac8c087159645e3bd7623
cifar100,13159,cifar100-train-13159,89,reserved_not_accessed,selection,0c97a692a60a210e5e2ed38ca4e4375d7cda8ad36e76db84b6cc5d5662b018b3
cifar100,13200,cifar100-train-13200,5,reserved_not_accessed,selection,0d26f106dbcf3395f83de24a32b4edce9139d93141faa189fc35d2391829b3e1
cifar100,13260,cifar100-train-13260,21,reserved_not_accessed,selection,0de1919644b349dc573d8e0008214c35b229a8fa5de8722f81608b9fceddba01
cifar100,13302,cifar100-train-13302,3,reserved_not_accessed,selection,0d95b24b8680e3695ae1610d6dd1a759e9853a997f13e2349a4c62b1dadad832
cifar100,13353,cifar100-train-13353,73,reserved_not_accessed,selection,09e7476ebdb2ccb61776b2f487983c85215860c65503935c85d95fcb410a5470
cifar100,13392,cifar100-train-13392,78,reserved_not_accessed,selection,0dd2af2b176e5da550c17dfb8ae21ae211bbabe874139b3a0c20fa94afd8e875
cifar100,13585,cifar100-train-13585,14,reserved_not_accessed,selection,086dff8d9eb69e202c9f50152f3ce4ca039e4f6472487dad6b9f95939c5d4460
cifar100,13647,cifar100-train-13647,47,reserved_not_accessed,selection,0a1b9dc1c8eda6e9a4d04c8d56eaf3edd9a32e8f4bdebd8b3a4f32a5d379470f
cifar100,13765,cifar100-train-13765,37,reserved_not_accessed,selection,0f38d8a68d9bd755f733bdfe381a2b1682b0e964b2974b997ebc0cde9fb4ca9f
cifar100,13782,cifar100-train-13782,75,reserved_not_accessed,selection,0d6ba006838a1dbaf950f7f373d310d93737f7095b064a14375221c0ee8db28b
cifar100,13904,cifar100-train-13904,69,reserved_not_accessed,selection,0f70fefdd7ebf184332b5adfa0e3ab99f45ace687e6a8d981fcde16a299b8831
cifar100,13950,cifar100-train-13950,93,reserved_not_accessed,selection,0b6e2dc502b7ff21560e6ed38da5038bb3d0b8fc47ec31eadfbc4ddaa7157000
cifar100,1406,cifar100-train-1406,84,reserved_not_accessed,selection,0c4d546b2fb39122491dd8fe6bd10f2893ec77790c30b4dfd7b07124042cb81a
cifar100,14105,cifar100-train-14105,63,reserved_not_accessed,selection,0f7d6d04abf872897575ca1498d4d3649a46aa375d3065788795c8c8b005df58
cifar100,14267,cifar100-train-14267,43,reserved_not_accessed,selection,0ffd591d654028962b52c1a0a352ffa84d30be060752ad7f72a6bf52264f7c31
cifar100,14372,cifar100-train-14372,65,reserved_not_accessed,selection,0c63526d40f752961a6bbfbefc796811a8519f768183c06786c7b48b2ab7eeed
cifar100,14825,cifar100-train-14825,56,reserved_not_accessed,selection,0e80967d309de747c6b5edae993294c4ffec2e70b5f7c6438cc6452ec82f37f6
cifar100,14897,cifar100-train-14897,50,reserved_not_accessed,selection,0fc99c37afab1d4dbd8d56df73aaf442e784d586d26690749acc97703cd17540
cifar100,14948,cifar100-train-14948,41,reserved_not_accessed,selection,0b65780281d38e89f988472a3e51286ecf582996e342320f4d423f81adca8409
cifar100,15051,cifar100-train-15051,60,reserved_not_accessed,selection,0a073a784a166824753dc9f62b499f873b3bbef908511b9495c16cffb478f00b
cifar100,15067,cifar100-train-15067,70,reserved_not_accessed,selection,0d41c71467efae1462845e031f7389bb5c369da9a846b2acd9fb004676e16bd2
cifar100,15091,cifar100-train-15091,51,reserved_not_accessed,selection,0db4e8897608338f05ec7e1a0660b3e34f24d65683d393bca774ca53455fdd61
cifar100,15193,cifar100-train-15193,48,reserved_not_accessed,selection,0c1b948518e16ddaa756fe74269a1c92301c1bcf294c42703418285c5f27ebbc
cifar100,15305,cifar100-train-15305,79,reserved_not_accessed,selection,122cc3268c1d90a178877d1a9f4517590fc0550419bf5a423f93155dab65bf05
cifar100,1569,cifar100-train-1569,71,reserved_not_accessed,selection,0ee0bd5d53d001ba9b6450e7dab38772dea470cb4ade9a980ea02fefd565dc43
cifar100,15752,cifar100-train-15752,26,reserved_not_accessed,selection,0d3ea0255af21fa3ceb1275a9854e7d2025f1c744c2171fdc6deda32926c66b6
cifar100,15855,cifar100-train-15855,19,reserved_not_accessed,selection,0c12884c7f97353d0895df79464a6bab028f56a2fa7383a31b9e12e8524c51eb
cifar100,15896,cifar100-train-15896,91,reserved_not_accessed,selection,0adc3e1e4ec8f2555e822ada3da4c295696dc12b609bceb38c142a652605e450
cifar100,16021,cifar100-train-16021,50,reserved_not_accessed,selection,0eab11431ae410857883c1125bcbe8870e20ad61d25ff68720a27517f9b17e95
cifar100,16102,cifar100-train-16102,44,reserved_not_accessed,selection,0ae2273288b375833952ae668c0550d4af3535022cab3f5b4b94c2651c661e6a
cifar100,16130,cifar100-train-16130,33,reserved_not_accessed,selection,0c83a3dcaf1ed9d1503a6bb8bc9ed01e5a72ca0e8957d66d328056b640e61072
cifar100,16228,cifar100-train-16228,82,reserved_not_accessed,selection,0d9f19af1bcaf303094a579f7784a9dce6f3928fcf914cc4a36dda06c8d7e8c2
cifar100,16231,cifar100-train-16231,44,reserved_not_accessed,selection,0b0a357557a27198b51e1571ff04b587f2505e53e9013d3d64e919c95e131eeb
cifar100,16269,cifar100-train-16269,42,reserved_not_accessed,selection,0d0a853ec6691e03dfd59c51680e6384a7ed69d20a31bcfe5ba6d8aea47d3b1f
cifar100,16272,cifar100-train-16272,22,reserved_not_accessed,selection,0fb6cced723003ef1ca27226311bc86f1a1d2ae89b8c3b4f5183bb5baf2253ea
cifar100,16378,cifar100-train-16378,7,reserved_not_accessed,selection,0b5f5f791492e3ca1bb229006ccc980dd94826e75bea7b4fb8ccf35526e6704d
cifar100,164,cifar100-train-164,82,reserved_not_accessed,selection,0cd5747244d8b928fe708c3233e428970b20332d1e840259193cc928261360c0
cifar100,16610,cifar100-train-16610,39,reserved_not_accessed,selection,0e63a0ef6e9a2194fcc97724fbc0c7680cd1894a2631e1ada351373297a59b7b
cifar100,16696,cifar100-train-16696,28,reserved_not_accessed,selection,0b4fc416785963db22523ce446711d5d012f131c6334e1a19a2c340ae3c169c1
cifar100,16705,cifar100-train-16705,71,reserved_not_accessed,selection,0e2228cab374210dd51309c443460799188044cc7ba5226445cf64625ce9026a
cifar100,16835,cifar100-train-16835,60,reserved_not_accessed,selection,08d54349b2b159ec18f5aa1a6d65bae1f26b4d7a9fa56782d1d9ee3327228542
cifar100,16942,cifar100-train-16942,0,reserved_not_accessed,selection,0acacdbeafde842a278e887ce31cf90f14138259a4e1e8f8857f5f6f30ba8ce3
cifar100,17034,cifar100-train-17034,90,reserved_not_accessed,selection,0e80a8b11f2865db8a356c3152bc3758292b20d8ec8a68dcae85ffc968c83c7c
cifar100,17081,cifar100-train-17081,14,reserved_not_accessed,selection,091042772c9e154e26f4fa806826ed6c1a8cd8c10447e68cff8b3e41f7af4b8c
cifar100,17096,cifar100-train-17096,69,reserved_not_accessed,selection,0f957075a030c6ddf01c948d5996b228b18d15d0973705719b948af5ca18e045
cifar100,17214,cifar100-train-17214,73,reserved_not_accessed,selection,096985b35b4f8371fba1450ecdc6bf4d634f25ba4834323d3bcfd2f947128015
cifar100,1722,cifar100-train-1722,23,reserved_not_accessed,selection,08f46e57249086e0a254c98ad3626992421bcf6e5a42b4a87d6e6bc75207dd17
cifar100,17322,cifar100-train-17322,86,reserved_not_accessed,selection,0d99ab58231ccd01e1e9b0eca5dfee3a2b84b5f9ffbaa223e4c16966131618cc
cifar100,17390,cifar100-train-17390,0,reserved_not_accessed,selection,0aa617da17f0d603ec742bc7b99ee5f709f7ba31e434094fcbe526942f2e915a
cifar100,17568,cifar100-train-17568,60,reserved_not_accessed,selection,094642d2ceb1d033c5e24d243cbb23fcdc2f03374dd723d873334944513dc329
cifar100,17584,cifar100-train-17584,24,reserved_not_accessed,selection,0f32818082d60e7b50acf155e743736fbf99e8b5107e21f7b9280d98dbb55a26
cifar100,17593,cifar100-train-17593,46,reserved_not_accessed,selection,093b67454bd817991b71511dd4351fadcf281db84a877675ed1d86e95d3dcdd6
cifar100,17637,cifar100-train-17637,6,reserved_not_accessed,selection,086df3ca3373cdc24215dce31f42c96bf715c2f2d92870bdf8bd18a89d59fff0
cifar100,17761,cifar100-train-17761,28,reserved_not_accessed,selection,0c016777a2c2b3d336f6c9ad77695af7630dc545ffd6d1d74d76634c09e74deb
cifar100,17996,cifar100-train-17996,62,reserved_not_accessed,selection,0824c903eb803e4b63071dc7ba33640ebd43b650ad86a45a6558f81f24523130
cifar100,18220,cifar100-train-18220,19,reserved_not_accessed,selection,0c03336c6e40066c8e6a01c83efe1cdbd1d39b8da381aadc00af8a48a047cdea
cifar100,18228,cifar100-train-18228,78,reserved_not_accessed,selection,0f612f78319f4963879ae9278797e028ea159ed459c90c80b39aadc7d3e54e03
cifar100,1833,cifar100-train-1833,16,reserved_not_accessed,selection,0ae8e53a50c2808a124fc013765414d882da7b08bf58eefa3f87b36e339d81d3
cifar100,18407,cifar100-train-18407,47,reserved_not_accessed,selection,07f910b107f8cb2aeedd72bfc613e4a397e6c8a5abf78a80814feada485d0c0d
cifar100,18500,cifar100-train-18500,18,reserved_not_accessed,selection,1117210033f3b42c13be0298d78bb5296b9a66fa3879cba168cdb3606d218348
cifar100,18501,cifar100-train-18501,23,reserved_not_accessed,selection,0b9d1de397bc2b85f66c8aa8fcf1d7fbb16f900fbd55a7c53d4654b84f02e989
cifar100,18563,cifar100-train-18563,43,reserved_not_accessed,selection,0f24451a6ed220551f0000e65278c039be3a3ec96dd10f997e4d468ee4692246
cifar100,18589,cifar100-train-18589,7,reserved_not_accessed,selection,0c09e35361d51e42fc60fd26ff5860d9245d526bfd8647383012099be645fe20
cifar100,18782,cifar100-train-18782,32,reserved_not_accessed,selection,0dbe0d4938e42f3bf23a5c28ebe70c21ff802c385f6556834067e4e5a4517788
cifar100,18829,cifar100-train-18829,11,reserved_not_accessed,selection,0f35170c4f9cf78c76e8b2ea31a2d21224401e339fcd629c464918fc4e4fb956
cifar100,18851,cifar100-train-18851,77,reserved_not_accessed,selection,0c041336ceb165186e72077957b5d7bc0d974e7f3c17b4df4822b0320248c1f7
cifar100,18993,cifar100-train-18993,46,reserved_not_accessed,selection,09101d2436da8a171db17915671c83c6431e2400b54cbed2a5ffd0c87fcf4a7e
cifar100,19082,cifar100-train-19082,31,reserved_not_accessed,selection,0d37d9629e2714fb246a4dcd46784b14a8deabaabfb71fd69500d1f43c86cfdf
cifar100,19104,cifar100-train-19104,36,reserved_not_accessed,selection,0931cf4e89661f184780390188ab870466037d7de3ab9fd1fd7b761982a063cb
cifar100,19118,cifar100-train-19118,4,reserved_not_accessed,selection,083cf85230f606f8217305d413112fbd606341a4f0894baf00f2cf5fd97286d5
cifar100,1927,cifar100-train-1927,59,reserved_not_accessed,selection,10f4b262ed9fbef423a3b66faefa566cebde4fcee0b11c9a67f0d1effccd5f51
cifar100,19356,cifar100-train-19356,20,reserved_not_accessed,selection,10a2d3f88f2e5b57bfd5d20aca06e4f9bd836168fe8ec435e72018735b08a2bc
cifar100,19410,cifar100-train-19410,35,reserved_not_accessed,selection,0f58db1d76428ad4746d8fbde2396d7a385819c0416bab3e0fa7a10a91fcf15a
cifar100,19534,cifar100-train-19534,55,reserved_not_accessed,selection,071f57359edba78f917d078013572b8a9084c7db08b1d32d114555a9f0a4672a
cifar100,19553,cifar100-train-19553,71,reserved_not_accessed,selection,0f59a22fdafe8eac1c924f023980ec7803a353eab0acb3f4d48ea50ef2df452f
cifar100,19825,cifar100-train-19825,42,reserved_not_accessed,selection,0c3ce0a7ad0e0198f6984bf6f8688244052e7c2fef91bea6de415599105d2da6
cifar100,19936,cifar100-train-19936,3,reserved_not_accessed,selection,0f2d19c621c5a75b31b7b4757cb34319cc547b5c2e3b1ab105a24d7021df4b92
cifar100,20058,cifar100-train-20058,2,reserved_not_accessed,selection,11ce3fd99983f252f5e3c7810750a30be139e167112b0e256222688468299281
cifar100,20061,cifar100-train-20061,25,reserved_not_accessed,selection,0c31412381d76d0dda53d0601fd3a91b0e045e10d9340ecf934eacc1d6a4b805
cifar100,20095,cifar100-train-20095,93,reserved_not_accessed,selection,0f1d0068cb9c1f78ff19c41b38c5a32f8dfa4305cb58ffa014a87b141463939d
cifar100,20105,cifar100-train-20105,80,reserved_not_accessed,selection,0b74a8c56c061cf2be4e47356804d4c692d36613f452b6b55eb625bbc4257459
cifar100,20212,cifar100-train-20212,61,reserved_not_accessed,selection,0c46ef124e5a133ca7080127d70e569a176b389a085364a4a5325e15facb517c
cifar100,2036,cifar100-train-2036,69,reserved_not_accessed,selection,0f5da4d5f5b88d502c4d37eae4c2e2413f948c704d7c79f5f2a67e6c991c0aff
cifar100,20364,cifar100-train-20364,33,reserved_not_accessed,selection,0e6b1a19b5d5e0dc1715f7fc2d7f9148bf5004e55f164d4ef855461e6b59d761
cifar100,20674,cifar100-train-20674,98,reserved_not_accessed,selection,13052d07fea9cb1d034547e1a99fffdd40d40236cb0393fe38038e42e7200271
cifar100,20763,cifar100-train-20763,39,reserved_not_accessed,selection,0d9d73eb77c1ce95b3d47444a7035ffaeb6f720f5266a1cb3eb0c80ce007db4f
cifar100,21049,cifar100-train-21049,13,reserved_not_accessed,selection,10d7b84cfd6c32b1cd3e8a7d044298aa56095321ca936fd6675bf3d1ff089b66
cifar100,21174,cifar100-train-21174,2,reserved_not_accessed,selection,11bfb1f1f01baf39ea640638ffffb30a9358f5d3b671414170907e4b1c04ef0e
cifar100,21272,cifar100-train-21272,11,reserved_not_accessed,selection,0cc2b6f738514df58c735495c27ac6920282a7ce350ad3d0223dbcbc22ba9531
cifar100,21365,cifar100-train-21365,32,reserved_not_accessed,selection,0c9f6dc2bb6a88db19890bd1aca6235f5cc6b893950c9e79e7574a2b90adf37f
cifar100,21416,cifar100-train-21416,77,reserved_not_accessed,selection,0bc08567ec073f492618980e0d1c8aaedeb7c87f880167e20c7d6faf7ee19bfa
cifar100,21526,cifar100-train-21526,27,reserved_not_accessed,selection,0bd7d69117f472059fed8e3b6a746c26904407f4364959b342f68bb51d2a222f
cifar100,21547,cifar100-train-21547,62,reserved_not_accessed,selection,07ff3fda70985017c6be6425122782da4ae0d767e2735ea6e34cbde9703b1a9f
cifar100,21567,cifar100-train-21567,17,reserved_not_accessed,selection,062208f279821ee4b72da85d6ae942326e79cbe6b55045eab09e268578da925b
cifar100,21573,cifar100-train-21573,50,reserved_not_accessed,selection,0b79ceed5543e394046411145c67783f6ef0c9ba3e265d5e76cdc119c21b3ff5
cifar100,21594,cifar100-train-21594,56,reserved_not_accessed,selection,110a27a6db241d126fca8e1a7479218c5428d05bc0f8530673c5c5d62babc5ae
cifar100,21673,cifar100-train-21673,60,reserved_not_accessed,selection,096b6cb5e869c7812d997bde4b14b3384eb48966222eb95b8f323a1edbd58d9d
cifar100,21776,cifar100-train-21776,86,reserved_not_accessed,selection,0ef7da7c8e049499a9ece13f80a0f6059842b5ec3d11acfd57b42779639aca24
cifar100,21809,cifar100-train-21809,17,reserved_not_accessed,selection,072c9b2502a14850ba9bbd7a24acc4023de1cea38811e3ee057ae88ac5cc48f9
cifar100,2205,cifar100-train-2205,57,reserved_not_accessed,selection,0aa24151ecc19e7fefc7061de88742175b3bf0dbaf0a1904338842a8ee542ed6
cifar100,2213,cifar100-train-2213,39,reserved_not_accessed,selection,0f3da7f78a6d8ec363c540644bdf433b373f24ae885975733690ba28c4d785cb
cifar100,22264,cifar100-train-22264,46,reserved_not_accessed,selection,0a976179d66efec91932aa5e63c49acb634c54264aaa9c28b9490e8539ce6b04
cifar100,22300,cifar100-train-22300,64,reserved_not_accessed,selection,0de6bea74492a7a8266dcf409862839260b03a1451afd65ecd2b611386732fd4
cifar100,22316,cifar100-train-22316,33,reserved_not_accessed,selection,0e346c6feea69769860f459c521b7aac70ae091ef8bf5b4624fe36ea07a77a6f
cifar100,22364,cifar100-train-22364,61,reserved_not_accessed,selection,0cbbbb8ca79dd0d653c8b9ace15949bbaaf596f636dd6a5d6eaf10a97fc62a86
cifar100,22641,cifar100-train-22641,24,reserved_not_accessed,selection,0f23a4162e081cef73a814c65eee79f2d84f1b6831baa5b3b105ce90c26a1199
cifar100,22657,cifar100-train-22657,1,reserved_not_accessed,selection,10c88f34a3df8573cc1e8ce44d989103cd4538fdea58ab5d646d97e482b5ab2d
cifar100,22806,cifar100-train-22806,33,reserved_not_accessed,selection,0c4c2c34acc49e1cfb7623ef0749f0c8b6009250ff7796c122809d353e3a08b4
cifar100,22819,cifar100-train-22819,37,reserved_not_accessed,selection,0c0e5af4ace2b047905ec4f51da9368813e67127f076954382901e208f878ec6
cifar100,22824,cifar100-train-22824,68,reserved_not_accessed,selection,07fa454706cd067429dce60617ee0cd29b53aed832ecec57cbdd359a9caf9c0a
cifar100,22871,cifar100-train-22871,9,reserved_not_accessed,selection,0eadd3c9aa522a0a6dab5e43dac1dc24b345b4c2b5db1e8f669f0291370d4a73
cifar100,22872,cifar100-train-22872,21,reserved_not_accessed,selection,0f82446fe64841aa73a9a296010b8606131113ac779331363a8c4a6b3f6e3f16
cifar100,22902,cifar100-train-22902,94,reserved_not_accessed,selection,0cc614423303dee8873c672765419c4decc1791de5774ea5cef513fbd7c76f34
cifar100,23017,cifar100-train-23017,43,reserved_not_accessed,selection,0e890efb44825124e1723c5f79518e5836e39ea8e25dcce79c5261e7b4ea695d
cifar100,23079,cifar100-train-23079,11,reserved_not_accessed,selection,0e8f9e4f9a727bc05efd00cbbfe3d93731d77b355b85a104f895bfb04a51e775
cifar100,23228,cifar100-train-23228,48,reserved_not_accessed,selection,0d28f6fd49b1ba911a529caa8c071dcdf26b45f9ecc149cb196964c5c04259e9
cifar100,23269,cifar100-train-23269,92,reserved_not_accessed,selection,09e1f84fb53a56c50a5949e45b458deab9db240025c2532806a4c8ada24eebb4
cifar100,23299,cifar100-train-23299,21,reserved_not_accessed,selection,0e5c8fea6a9f33c26d7f55cc19d1e85dba9896cd0330ccbe7bfbd21128fe94f1
cifar100,23324,cifar100-train-23324,10,reserved_not_accessed,selection,09d0fb15797b067e701ccd83079b404942b1b00bb5586ca0d54d34ec72571a68
cifar100,23573,cifar100-train-23573,18,reserved_not_accessed,selection,13ea12b16d7d9c04efad80f5ba122a3d690aeea1e0536161c688e9595cddae49
cifar100,23742,cifar100-train-23742,49,reserved_not_accessed,selection,0cb5f3e4e54fb41e676687ebaf1d43f6a885178268a5202d77d580c26525864e
cifar100,23989,cifar100-train-23989,30,reserved_not_accessed,selection,15d57e2d299b75e1706d46368fc64909a4db884741eb74ebb9245ba80592906b
cifar100,24237,cifar100-train-24237,75,reserved_not_accessed,selection,0d96896d184410be7cce7f7b10c1ae9054ee47d82dff3dc8a2140dbeca9a6b83
cifar100,24247,cifar100-train-24247,14,reserved_not_accessed,selection,0a5f1d9aede7386da34c44229be0c873ce0af9730d98788a32b55c5fe85b135d
cifar100,24336,cifar100-train-24336,67,reserved_not_accessed,selection,0b41493f77bdade95407251eab622b774f161b7dace46f8650ddc8f94002a136
cifar100,24377,cifar100-train-24377,83,reserved_not_accessed,selection,0da5838f2e1d087abfc8f40e6ffbd7bb24c9423f4218378aab5fbb5d468dd934
cifar100,24490,cifar100-train-24490,95,reserved_not_accessed,selection,0a106466df4726711b84977bb9ed09815b5c4aa18a294aaaf07dfb49df09313b
cifar100,24526,cifar100-train-24526,16,reserved_not_accessed,selection,09fe4ec9eb47c7a61ca3dae6781d035de86b87c8ed890097b36be7c5c968e2f0
cifar100,24561,cifar100-train-24561,99,reserved_not_accessed,selection,0d1e362596c31e7af7111e31ecdca9954a55af092ef1467eb7798c42bb23d766
cifar100,24650,cifar100-train-24650,18,reserved_not_accessed,selection,12acf97bd5763b4b46ec66cf85c4fc8cbcb8c073d95b45f904e8c3a44d9ddb78
cifar100,24694,cifar100-train-24694,76,reserved_not_accessed,selection,0c1e672229df310a3cc7bc6e850fdbf286e09f46bff068d66a3bf696491f34a2
cifar100,24747,cifar100-train-24747,20,reserved_not_accessed,selection,0f1c088cd39a6edcf753d51d3d44b8cc7c5d5c9750c1fb91103b55727213e336
cifar100,24859,cifar100-train-24859,85,reserved_not_accessed,selection,0e306283c7cd1a8ea4ee8f237d28de93c8642b4e4493c46b3555f8427e448146
cifar100,24875,cifar100-train-24875,86,reserved_not_accessed,selection,0ec2b9135348afe49a817b81f23d53aa60c23245eeffc6764c61e50b5e215fa7
cifar100,24972,cifar100-train-24972,75,reserved_not_accessed,selection,0e058ec86e10f0890b12805a3bae7b6027fbfde8bcf97516a0584a484114aa21
cifar100,25112,cifar100-train-25112,59,reserved_not_accessed,selection,1141b5ca4eea7b1fa34550e077bbafb925efbca1d1a8c5177eb5a5e417cb8638
cifar100,25192,cifar100-train-25192,9,reserved_not_accessed,selection,0e315e5ec3dcc46d88f8a0853340ffff3236c089e5b9a436ff2de3ad1b1f4797
cifar100,25336,cifar100-train-25336,74,reserved_not_accessed,selection,0b6aea4f6ba4411d7227427f097402d84b558d9cbf48d487f2c4bfbba67f3874
cifar100,25575,cifar100-train-25575,37,reserved_not_accessed,selection,0a887cfe9dedf67f5c1460ed2342fb3ccdad6985a872f363e996ea33d03eb1b3
cifar100,25647,cifar100-train-25647,73,reserved_not_accessed,selection,0b99bca6fef3301f30c9b603254c939c78a7daafb8987eb2f62b59c28e7d14b5
cifar100,25652,cifar100-train-25652,45,reserved_not_accessed,selection,0f49431f2b9096d6c6cfabbe7d011e4050ef50e74c7d1181c8cf16a3df775e76
cifar100,25805,cifar100-train-25805,44,reserved_not_accessed,selection,0b81eeb82fab2f5a5624b9eb03e793ca7d7ff2b855eabda9e4366969a1bdd3f8
cifar100,25834,cifar100-train-25834,27,reserved_not_accessed,selection,0cce688264388ea9cf7e826ed88fde6b5c459e1faaff3a43fae053cd4d10dc68
cifar100,25911,cifar100-train-25911,41,reserved_not_accessed,selection,0b31924b553e229139642a82f146e86e4c3fc86e045e690f41c3f4b18fd9b54a
cifar100,25930,cifar100-train-25930,59,reserved_not_accessed,selection,10e781dea86c5fc17d1c9a3fc3b837edd69c7da35bf6326ebd91c4d283777acb
cifar100,25945,cifar100-train-25945,38,reserved_not_accessed,selection,0def22da475e3ec8408158a5edc3ed0c9155941308cf301a341771ba82d5ed34
cifar100,26089,cifar100-train-26089,83,reserved_not_accessed,selection,0e68450d0713799eaa2685182556a8d9f74539c9838af2259d599c81d94b5da3
cifar100,26168,cifar100-train-26168,23,reserved_not_accessed,selection,09a3ef88ad5b12fa79a1e1eb1890c58fac0413aa48f1eb631bde057a528adcda
cifar100,26246,cifar100-train-26246,40,reserved_not_accessed,selection,1412d8e288086fc8434d935e2df27b6a549f9e519ec98768088b8eb932e15d01
cifar100,26426,cifar100-train-26426,87,reserved_not_accessed,selection,08fd4de62146a36b74d59d9b68ad9cc559e77c9bc15eb75966953c40f1d1848d
cifar100,26547,cifar100-train-26547,92,reserved_not_accessed,selection,09eed8fdf6960eb2a46e9a3a5cd3778e59134ceddbdb312ff98370cbd71eeba7
cifar100,26600,cifar100-train-26600,70,reserved_not_accessed,selection,0c5a7c2b5dc775b83c45780caa7a7fe378e8b060e344fcfce324dc2c9e9708a3
cifar100,26792,cifar100-train-26792,18,reserved_not_accessed,selection,12597e2619fc397f80a595258bad116c7561491a44a3175549396d3edd07a846
cifar100,26870,cifar100-train-26870,17,reserved_not_accessed,selection,06000508d756174c5d0c40cc2d05038cd1eec63f02919667668e0303898955fa
cifar100,26931,cifar100-train-26931,21,reserved_not_accessed,selection,0d228366bf5233d202977e847cdd284d0dad084b916cb186836a10b93b451807
cifar100,27236,cifar100-train-27236,13,reserved_not_accessed,selection,0f37e162999f5f60715d5cea5bcb603ff8fc503d93538d931790fc775b8de8cc
cifar100,27321,cifar100-train-27321,29,reserved_not_accessed,selection,129b46a88cf02fca7682b4e55ece98fe0f5c03f354232c9dfd5eb9f56c25ca0a
cifar100,27656,cifar100-train-27656,48,reserved_not_accessed,selection,0c4c14665f8f2eda01bcaa503da6fe2ffffc69f697392a61eec3ad75f25fe622
cifar100,27722,cifar100-train-27722,93,reserved_not_accessed,selection,0ac2a618dfcc412f4fb35e638d9de36aab7dce390f634bb59019bc11fcbc1f83
cifar100,27739,cifar100-train-27739,43,reserved_not_accessed,selection,0f9dd1dc7b5d2e3a7de868d239b29cfadfe407e4d58553fc59652a5ff2778de6
cifar100,27882,cifar100-train-27882,92,reserved_not_accessed,selection,0a85c5cf88ff9ae5550c803b4068c9d7a21b11204c9a8b4eafc4d7c457023fce
cifar100,27898,cifar100-train-27898,89,reserved_not_accessed,selection,0cfd44ba6544d07386af3aba5bd92fa79dc37100293a2909a7ebe5cbab2dd223
cifar100,28013,cifar100-train-28013,94,reserved_not_accessed,selection,0cf236269cf883d35913b05a1828ed583934ac46efaf9887eaddfc62c91b819a
cifar100,28121,cifar100-train-28121,98,reserved_not_accessed,selection,13703d84d5053e39846af6fe037b841daaf4c2998a6d4754b974e1f384676313
cifar100,28237,cifar100-train-28237,78,reserved_not_accessed,selection,0d87799d31d24ef44adcf22060ee2efc496adb8e494d4d64dfd51e01c51990e6
cifar100,28294,cifar100-train-28294,31,reserved_not_accessed,selection,0b9652ad2fecf30d87f4abadfe6eb9ea730d00d4778a1f1da0770f611e7e9430
cifar100,28304,cifar100-train-28304,61,reserved_not_accessed,selection,0b0f7f971a874e5c9c1e2795c9193607261cf06449a5f41eee22986267d4f25f
cifar100,28379,cifar100-train-28379,27,reserved_not_accessed,selection,0c5a9337157afa438f6bd571f00bd55641eec992a4c726c8e9f5a71a1cd63548
cifar100,28527,cifar100-train-28527,4,reserved_not_accessed,selection,07ed27cd41fe5d33e14b3ffc1c345efbd3dcd0e531acea10e0dd732492633a08
cifar100,2863,cifar100-train-2863,83,reserved_not_accessed,selection,0efbe4c33b5a7769d8353e43eb686cd776fa26c308fae5a93f9fd6f2ec15ef69
cifar100,28838,cifar100-train-28838,81,reserved_not_accessed,selection,0f2d560c6bc297df7a8eabf5b01456661fddf74a2756371f63f9a8b049fd2939
cifar100,28875,cifar100-train-28875,6,reserved_not_accessed,selection,09928e2347651dc7982e8f61a48a35dbc7acb9f080d16769b9efc201fed16fe6
cifar100,28888,cifar100-train-28888,82,reserved_not_accessed,selection,0c9610ee267387e9c7770bc0ec6020f7ff0277e0223f55fce165ba8ce81bf8f0
cifar100,28999,cifar100-train-28999,78,reserved_not_accessed,selection,108a290a5c5099d571f01c11054dd0138e2e795cdf09952998c4e9141fc3756a
cifar100,29045,cifar100-train-29045,10,reserved_not_accessed,selection,0aa9258052da6c92d35b6ba8bea4784aff7ae50127dbea3891c589182beed804
cifar100,29104,cifar100-train-29104,40,reserved_not_accessed,selection,17e0a280186a4a031ee68666ea23623ba8c31562e2953fa2ed52f05a5c5f9120
cifar100,29253,cifar100-train-29253,77,reserved_not_accessed,selection,0b299e096813ac3481218811dcaf3d5593a8acfe1d286451602d19f092a93037
cifar100,293,cifar100-train-293,80,reserved_not_accessed,selection,0c8ad140009d62dfb22de9b9aa6b472939f31592b0a8801ff09cbdc0036120c4
cifar100,29440,cifar100-train-29440,88,reserved_not_accessed,selection,0df2ca86876a8063839c061de6114624251a7b5eb3ac158634fad4bc8cca4f6b
cifar100,29461,cifar100-train-29461,23,reserved_not_accessed,selection,0badeb90ff31386a9bd08444ea6e39a09600a94452f1948a14e744f8754ae136
cifar100,2947,cifar100-train-2947,55,reserved_not_accessed,selection,084a5cc7625aac171dc55ce973299b3bec2fbd03fc3a209a81cad07070011fd1
cifar100,29471,cifar100-train-29471,81,reserved_not_accessed,selection,0ee616cb94e8651d8c166600abf3b80d14c698fc640285ef98fb62bc40d8a04c
cifar100,29630,cifar100-train-29630,55,reserved_not_accessed,selection,082f8d040e02fcca42fee2b199d242f548c1de68b1196a898bceb53f58474ff5
cifar100,29669,cifar100-train-29669,84,reserved_not_accessed,selection,0e7a4ccbe0342b994338bbb8a6aefdbb6227156a14c29af3af4e5b74eea5509f
cifar100,29898,cifar100-train-29898,99,reserved_not_accessed,selection,0de72430f901cc5bdaabbb6cb5d2dc1e0f7e82f0564bbf23bb82a08ab58489f9
cifar100,29967,cifar100-train-29967,63,reserved_not_accessed,selection,10c653d2896b97f23d77731f639ba7f5d1a4790390f1e208dea86930d5eb73a8
cifar100,30078,cifar100-train-30078,16,reserved_not_accessed,selection,0a909a0b258ec0971f0314e5d96a4385a3e6d3c17e5dd5091646b46a8f71b782
cifar100,30084,cifar100-train-30084,89,reserved_not_accessed,selection,0b2b66dd9357993e00ba71a9acf6a5aed8c90fef7cbf2532e70c77d03f02ea3f
cifar100,30667,cifar100-train-30667,42,reserved_not_accessed,selection,0d3610a08835b8c1df72bc258b294e77391aa6eabee7e5355f9a01f8ec9755f1
cifar100,30720,cifar100-train-30720,72,reserved_not_accessed,selection,0d1aab71b04788425be3cfa73902570d3ef29fa77e05af366912f0668683e5cf
cifar100,30756,cifar100-train-30756,27,reserved_not_accessed,selection,0c6bc876b9270fcc80608f6e96d1fe4faf61b4818bed6141e382793ba8974bb1
cifar100,30963,cifar100-train-30963,7,reserved_not_accessed,selection,0c642012a3caf3ef1928698fe04d33f5fd664d9dbb29dd02cea39c0643c0dbbd
cifar100,31018,cifar100-train-31018,71,reserved_not_accessed,selection,0e686afbf6e4f3d3421e278aa60e3db72450f25501e215999004193bf0565121
cifar100,31064,cifar100-train-31064,35,reserved_not_accessed,selection,0fe9a008bbf8cf81af54f2bff82fc106fea3993314a893553a98ce2bdba7602a
cifar100,31090,cifar100-train-31090,87,reserved_not_accessed,selection,09570484875da089ffd54523968e9e7b9930cc83e4887800a42a49598eb5caac
cifar100,31091,cifar100-train-31091,15,reserved_not_accessed,selection,11d778d8f4f20b28bf168b60120590b265c763ec71a2a85beb524e6475aa3053
cifar100,3119,cifar100-train-3119,53,reserved_not_accessed,selection,0f39f324a077dbd347b9744bac4afcd17ff6d624ec3bd9bef4a3f38f64a65c27
cifar100,31245,cifar100-train-31245,53,reserved_not_accessed,selection,0e03654fdff021d06e37b6fc15931197de8ad85d2301b01d621dff247e733fd1
cifar100,31309,cifar100-train-31309,98,reserved_not_accessed,selection,1148ca5418ab9ef9ee204f23412fda4684ea0c35310db16edb6e31184d9b139e
cifar100,31353,cifar100-train-31353,88,reserved_not_accessed,selection,0c725fa0b70c708987bb3387fc5b81c2dcc1b88c6dc260417b6be8dc0361a414
cifar100,31474,cifar100-train-31474,9,reserved_not_accessed,selection,0d5d2ba1e9bfae74993a909c79dd26d712877acda570196f087ca8fd4706d5d0
cifar100,3151,cifar100-train-3151,66,reserved_not_accessed,selection,0c77dc0879131b90a7461dd724e712b03eb9e5d490b2761c9fbd34c2614a4ad5
cifar100,31527,cifar100-train-31527,34,reserved_not_accessed,selection,099e0e94fa778b2d151c1f33fd183972da60d740284e1297355f3e7914571bf6
cifar100,31579,cifar100-train-31579,76,reserved_not_accessed,selection,0c7c6b3d6202a573d20fec71dcc5c2b95872c2c8fc7b5646e5bc24dea00c1732
cifar100,31596,cifar100-train-31596,87,reserved_not_accessed,selection,080e59a91cd08c249d3c39a0498f75c48eb210c1dd3630e6f5659f4836b708bf
cifar100,31609,cifar100-train-31609,96,reserved_not_accessed,selection,101369e12727944dcd4719b1de19069c4c75aeed9d7229efede7cc8da854b483
cifar100,31821,cifar100-train-31821,38,reserved_not_accessed,selection,0a31071538a50e1e0695ed2367060581262fdae63a51df7e5bc4b12abad32dd4
cifar100,32014,cifar100-train-32014,38,reserved_not_accessed,selection,0a953708fd53250652654c08ad8455eba53d45378cbc623668226db417a503db
cifar100,32018,cifar100-train-32018,13,reserved_not_accessed,selection,10f2968d2856cef6d33a65f5e0ebc20b68def7249e40f618323eb341c7ba0434
cifar100,32184,cifar100-train-32184,12,reserved_not_accessed,selection,0bc495eaf25f7a0fde6d9128decbf025bee4804a781408dc88fddfea8578d7b8
cifar100,32242,cifar100-train-32242,3,reserved_not_accessed,selection,0cd28feecb33b691304f3b4985a7cd110eedb25dd0455b127301e54f14d4e04e
cifar100,32329,cifar100-train-32329,85,reserved_not_accessed,selection,0d0cfdbdf0f96e5755a8c56b0235d4701e41cc32b20433a6ae78788af748caab
cifar100,32348,cifar100-train-32348,26,reserved_not_accessed,selection,0db88eaef780f67202c67fea6e2be280de5e779a2f3a5357e3a8cf701318e64b
cifar100,32614,cifar100-train-32614,59,reserved_not_accessed,selection,0e63b5fc83e2cbad7ff3fc3bcfe64f6b3d4ff65cfeafdb7623a5dee9d7fdc02b
cifar100,32640,cifar100-train-32640,50,reserved_not_accessed,selection,0f22d09f4261092f29a93725eb06cfbc15b148f496186ef76a4675d641851d36
cifar100,32701,cifar100-train-32701,58,reserved_not_accessed,selection,0e9c9b106227ef48f763f2535110823a2680d1eff7beee11ffda13f2fdb1de81
cifar100,33,cifar100-train-33,65,reserved_not_accessed,selection,0d08aea8bc5451b888c846e617d290403f7f1cb548f1b4c6ff85b96d6491bec6
cifar100,33070,cifar100-train-33070,87,reserved_not_accessed,selection,089dcc820a499c6c4c82b0042590b5fc91df2f5c9c268ea68b0e8bfe01f6d3c1
cifar100,33405,cifar100-train-33405,85,reserved_not_accessed,selection,0c5cfefda3cb4e75543359004d529527bcb1ecb86dafb210a45429a2d1558a98
cifar100,33452,cifar100-train-33452,12,reserved_not_accessed,selection,0ce862dcfe876e79735090f64c8c59870f0e9234ac3b79a4715da2bbee33f9aa
cifar100,33516,cifar100-train-33516,84,reserved_not_accessed,selection,0ff067abf8b377757d8f9dde0c050fa5a68d4232020fe2c93ce94f37973f4bec
cifar100,33572,cifar100-train-33572,15,reserved_not_accessed,selection,108f58b99c426ddefa967b04f96f617601494c9d8bc0f88b4dc82d1843391fdf
cifar100,33877,cifar100-train-33877,22,reserved_not_accessed,selection,0ed3f71e124181889118f107cb7d653f60e46a338d8cf200e18eee0c54ca5645
cifar100,33883,cifar100-train-33883,95,reserved_not_accessed,selection,09fb83252e9e00fead5d585a37b3829a0222534c4a154ea6579031d67f487a2c
cifar100,33930,cifar100-train-33930,77,reserved_not_accessed,selection,0be2d11fc6c0381ca40e8186711e8af665df41ca8ecc8d0c7fc3108b7290f28a
cifar100,34049,cifar100-train-34049,80,reserved_not_accessed,selection,0b551bdb30f3ccc4a8b209c4e67f625abf29ffedf1f7a37678be10ee2f2d324e
cifar100,34063,cifar100-train-34063,47,reserved_not_accessed,selection,0adc4e6b20040bb5b054ef1c270e05c02020f7551532a1f3c99e17a9700be543
cifar100,3424,cifar100-train-3424,77,reserved_not_accessed,selection,0c67ce145f4b6514dbf36a468905efbfe32b2c7d3504e50473325e6a3023d55f
cifar100,34396,cifar100-train-34396,45,reserved_not_accessed,selection,0e6b4b66c7c2db529462d7d61a46fd031eba418e4d11f96130cd6b13ecaa537a
cifar100,345,cifar100-train-345,12,reserved_not_accessed,selection,0b65d02e4ab1affd22e59633c8a8207cf211ed01857fb1baee8ca3db2de4bfa9
cifar100,34508,cifar100-train-34508,5,reserved_not_accessed,selection,0c881c8d65d3470cd148ed5d7510ab4a2d7535277370b40f10aa722505db7576
cifar100,34512,cifar100-train-34512,40,reserved_not_accessed,selection,146e47ccd8663e122ea30ec3ed69fab767e6a20c3da204bdc31732b4cebf464e
cifar100,34564,cifar100-train-34564,38,reserved_not_accessed,selection,09ce03fe31302f55ec9ce26b76391a395d0d01745e1ad679efe9373c7aa41324
cifar100,34598,cifar100-train-34598,25,reserved_not_accessed,selection,0c3191b256663048be19151844af4d518db8cd8cc846082cb6a70ae77759a68c
cifar100,34609,cifar100-train-34609,97,reserved_not_accessed,selection,0855762e1383d814dd999a70dc264db38869335fbd5fc66b73da205952946a0b
cifar100,34626,cifar100-train-34626,53,reserved_not_accessed,selection,0bcb725bbba7fcdb39ce618196c8f9916d12b54b5efb50cf97bdbcf2eb61cc69
cifar100,34637,cifar100-train-34637,21,reserved_not_accessed,selection,0f1e36a76313bd66619fa336c53f84577d3f198c12d5c2736ae34398b7d754f8
cifar100,34769,cifar100-train-34769,73,reserved_not_accessed,selection,0885255d185ce7ef75a996f0668af9fac6a4820e76968c53108905ce1bc0869a
cifar100,34780,cifar100-train-34780,71,reserved_not_accessed,selection,0f0341390016a682b7db2208cd3ce42b8cc47ecad2a34971b5c4c8a142d10b59
cifar100,34879,cifar100-train-34879,15,reserved_not_accessed,selection,11150cf201616cbed650e47b118fed1e46a6bc19743e9a6f14877f4bcd82b518
cifar100,35002,cifar100-train-35002,31,reserved_not_accessed,selection,0c5b8fdcd6d8b42fdd7bfbb125551b917e7995ffdc6bc7da16cf470cf1a5da0f
cifar100,3515,cifar100-train-3515,34,reserved_not_accessed,selection,0aa8c4d75d7d53550c926cd5d2ff6f5d8994348510450baa340575871569dddd
cifar100,35158,cifar100-train-35158,67,reserved_not_accessed,selection,091be6fbca2baabadd1a479c6d0fc691afc92b01263c07fcdfb20adb817815b6
cifar100,35252,cifar100-train-35252,8,reserved_not_accessed,selection,0ce62f28103dc4b27c68916e5a8d70a1b89bac4d7ebc65f67991a9addfa841e0
cifar100,35263,cifar100-train-35263,52,reserved_not_accessed,selection,11240036bfb59eb3376cf7e1646d6753e2bbf91b43c2140ea7ba7aa367f6cd9a
cifar100,35671,cifar100-train-35671,49,reserved_not_accessed,selection,0c51ac052558041e4f7d1ad7edeb6699ffc8d7e6e995028834cb7d868ce3159a
cifar100,35733,cifar100-train-35733,65,reserved_not_accessed,selection,0cb0b7f7d908ebe1fe12a0fe778412679f1c03291824e902205f46264ede7b96
cifar100,35777,cifar100-train-35777,39,reserved_not_accessed,selection,0e75ccf08165488827cfd546119a1c4e27a7f7869efa9230e0d631bf5a4d9c0c
cifar100,35924,cifar100-train-35924,42,reserved_not_accessed,selection,0c79a1da680bed98859db7f5e9932cc119d64fcc36171879676603623f0de8ba
cifar100,3601,cifar100-train-3601,84,reserved_not_accessed,selection,0d2b2fb6c9efa4bb2acf3e4b1658b3cc4b6fb03cc7e5c19e25dbd8bc7fe73435
cifar100,36125,cifar100-train-36125,9,reserved_not_accessed,selection,0dca1bb9c1ff6195b0ae5f653379b1313ba6549a2650a6ea1dd304212e5b834e
cifar100,36673,cifar100-train-36673,45,reserved_not_accessed,selection,0d712d116a424f92ca635dc9f2f80b2f11c2e4ae0f3165bd58c815273e2d16b0
cifar100,3671,cifar100-train-3671,40,reserved_not_accessed,selection,16ea26ed08e363c1444c3d2faa5817ee3c2cd7859656130c90758b4149ffd830
cifar100,36745,cifar100-train-36745,58,reserved_not_accessed,selection,0bd6c87e4f44d0322e4b15bb88da777f4afd1d1a7a80d4b2ec974984e9014dd9
cifar100,36845,cifar100-train-36845,54,reserved_not_accessed,selection,12df1897cfb4f8b218671e19e212d8b123d32c875d1e973e2363931341893f86
cifar100,37069,cifar100-train-37069,37,reserved_not_accessed,selection,0e68fff9aa3b727c4f6484ce56630ddc65201029bda6309232480555a35ffe1a
cifar100,37145,cifar100-train-37145,67,reserved_not_accessed,selection,0cd2b5975e71d9782e37681bec3707ed8db5692dfd9868afc71a9d0bb314843b
cifar100,37248,cifar100-train-37248,54,reserved_not_accessed,selection,113bed71462c3942b9ca028c9839704358b8634446fe9e96efc8dd06c599b15c
cifar100,37342,cifar100-train-37342,96,reserved_not_accessed,selection,0d90d0b37472033e23531f62339b2d706203cea31a21952d97f2f33ca92daeda
cifar100,37366,cifar100-train-37366,75,reserved_not_accessed,selection,0e21e4c67d22746f99725ca897fbee5352a24b0cf52e7a18bd662834043b3c04
cifar100,37393,cifar100-train-37393,80,reserved_not_accessed,selection,0c3472b06d24639c0cb6860ad514700f7e4c4ff114f47df229f491f5be19de07
cifar100,37420,cifar100-train-37420,64,reserved_not_accessed,selection,0f52f76bff0744e9bfbc2dbde394a86c01a1462f879731c964f5ccbe7c023bd4
cifar100,37462,cifar100-train-37462,29,reserved_not_accessed,selection,11d77439e6394058a635752d8105f41daba5d5834ef51b0a3a214df60c320aae
cifar100,37467,cifar100-train-37467,25,reserved_not_accessed,selection,0b957e75094eee6d179709357d11a9695c907bf9caa47ac58abdb70e56fb88aa
cifar100,3755,cifar100-train-3755,5,reserved_not_accessed,selection,0c3d58453634a87e9f21f1105623726e2551e2df6c3d0e25c07bf046646ce758
cifar100,37583,cifar100-train-37583,67,reserved_not_accessed,selection,0b3b44b5f4f5357a017fe145b3ccac33415bf5fbbadb7126c0d2ce6734ab1a59
cifar100,37679,cifar100-train-37679,6,reserved_not_accessed,selection,0a2684895ab12bd2e76c27f7ebbb71b35e84e5e96f5edd4137a041c5816a5c11
cifar100,37739,cifar100-train-37739,53,reserved_not_accessed,selection,0ba7842f94f1c558dba09db68fc9e3b27110f3cc10d882d22bb6a6ba5d902922
cifar100,37846,cifar100-train-37846,91,reserved_not_accessed,selection,0b50dd1dc651af7deccbee97164d8cf52f284b58c3562acd2428e1a90dc9f68e
cifar100,37854,cifar100-train-37854,42,reserved_not_accessed,selection,0d118c3c291796e5187c9d502a482a49338f43a4c92db15f797a7125dbea598d
cifar100,37928,cifar100-train-37928,52,reserved_not_accessed,selection,106b93f1bf8052e67b14cd5ebfdac0d02b7ae214b5687b93d0a57a4207bca265
cifar100,37951,cifar100-train-37951,63,reserved_not_accessed,selection,0d5d6b57868f68a91519178640cce2e586e5fbddab2556938a0f83641a7f9c62
cifar100,37999,cifar100-train-37999,55,reserved_not_accessed,selection,0869431e659238c8966537ed164897e1aeb0eac165c28c61cebdeb2bf9bb4510
cifar100,3806,cifar100-train-3806,36,reserved_not_accessed,selection,09d7452b81bd8d32579310764ec7d410d52e40643fdd55f920e9ef3955abb05f
cifar100,38182,cifar100-train-38182,1,reserved_not_accessed,selection,115e2c577a8b3f84a2ba226c920d111936e6c568b51b7a4b1715236124673f91
cifar100,38206,cifar100-train-38206,28,reserved_not_accessed,selection,0acef58dbf2662ba88272d6c0225835c2be68f29644bc5237193c87c950063e7
cifar100,38209,cifar100-train-38209,49,reserved_not_accessed,selection,0c45440c10a34c1566940bf797843b060a1460d9ff6afd5cff39699589dee8c0
cifar100,38254,cifar100-train-38254,7,reserved_not_accessed,selection,0d4c7ddab6d36882bd31217f9877a0f5c9dc13a2acbcdd35962e970f4903640e
cifar100,38270,cifar100-train-38270,75,reserved_not_accessed,selection,0d435429eb44e397d2cc91ad485e0c17ceb1b3d68d0aac1577481993ee269501
cifar100,38403,cifar100-train-38403,13,reserved_not_accessed,selection,0ec1bc1d3c07d24daf5ff1bcc4ad9bdc2d5b1740b8877831f302798e7e06a58c
cifar100,38485,cifar100-train-38485,88,reserved_not_accessed,selection,0d3f5ea9e8c6abf835ab48639029220946eb2b8a4bc8d67b5f7e7ab18028c309
cifar100,38488,cifar100-train-38488,96,reserved_not_accessed,selection,0d34bd660fbe3f81ab5c48dce2dff04287e04bf1caa5d93a1be17e379744461c
cifar100,38499,cifar100-train-38499,35,reserved_not_accessed,selection,101032be27a7c3141ee32af7ce5078a865f3ac4f3f242e4955b2adaf42ee53b7
cifar100,38536,cifar100-train-38536,47,reserved_not_accessed,selection,095777620dfce5e2e09b4c60639a2446d0637cfeda796678d2f0352d691286ab
cifar100,38576,cifar100-train-38576,28,reserved_not_accessed,selection,0c26393904a782e835878cab428f66a94e6cc19984691a2da4697ce090837bf4
cifar100,38616,cifar100-train-38616,37,reserved_not_accessed,selection,0db8599bb31d0c4c5f5efc42495d8a8969860c63849a5743a1d2bb27d4e7ffaa
cifar100,38663,cifar100-train-38663,58,reserved_not_accessed,selection,0bce8cdabd36f67a34c9160e680739ab4990b4aeb7999443567c6c3fb6f41e64
cifar100,38668,cifar100-train-38668,81,reserved_not_accessed,selection,0e0fa60d7ebc884cdfa23b049758787d53330dbdc9a750415686fba26a5e861a
cifar100,38693,cifar100-train-38693,57,reserved_not_accessed,selection,0a2d8620a8f65b4f766e34b200cb9a1125aefdfa4a4d865e83105cef6d72fc04
cifar100,38877,cifar100-train-38877,78,reserved_not_accessed,selection,0e732e5ef7610f5034cef3d6ca40715146b3b76f766782db68c82e380ebe9f86
cifar100,38891,cifar100-train-38891,98,reserved_not_accessed,selection,124892e5c4841e2b603ce18d35c2651a03099054993c65af9e147b177b0f0b40
cifar100,39039,cifar100-train-39039,90,reserved_not_accessed,selection,0c7ee1e875bcf25afefb5670a2553281aba2bec5dcd5c036eeaaae9e37a8996a
cifar100,3914,cifar100-train-3914,61,reserved_not_accessed,selection,0c9b7658f3c05d445421e9f1e95fc12efb53b8bd87dfcaf38190a1739b836130
cifar100,39313,cifar100-train-39313,72,reserved_not_accessed,selection,0d1070a724bada00eb10250f77507823cf62a5d86b500a60c06aa4364ca28660
cifar100,39366,cifar100-train-39366,7,reserved_not_accessed,selection,0d43fa0f753f2b6cd4a10b46b6cd6982a6bf4b0471b19b3264b9c6315456e6f3
cifar100,39758,cifar100-train-39758,20,reserved_not_accessed,selection,0de0ddd29f7419b668a7d87909399e0bd8cd78ef1699fdefd0c8e6caebdff1ed
cifar100,39872,cifar100-train-39872,32,reserved_not_accessed,selection,0baf2b2359fdffa00151aaaad0630c7bf4a7c6db8ee44220a967b919da039207
cifar100,3988,cifar100-train-3988,60,reserved_not_accessed,selection,097204a1585929885e983db8f563dee5bfee08900935850bf2e9973a37130199
cifar100,40187,cifar100-train-40187,16,reserved_not_accessed,selection,0a68614506afa985628364fc3d4d0d82aa0a800e4c6fef532cfcab9e8bdfc1fb
cifar100,40237,cifar100-train-40237,3,reserved_not_accessed,selection,101439dddad70e3a3d67c31754301b8aa7bfac91ad422b168c708540e0b5b2d9
cifar100,40255,cifar100-train-40255,81,reserved_not_accessed,selection,0ce6b53d95efd8919b9de7a721ceb37b8d25f4519c478adb37050a43f43361ac
cifar100,40263,cifar100-train-40263,98,reserved_not_accessed,selection,119e99aa2a7485d54c46e0bdcd44cf98b62daf0ece676778fe07e6c300c01982
cifar100,40308,cifar100-train-40308,29,reserved_not_accessed,selection,11fe0aa94e0c568bf3ae1aa8b42f69491412051250ab350a57f7221aefa0e446
cifar100,40386,cifar100-train-40386,4,reserved_not_accessed,selection,080dd0d3734e925d0d492cc9131e941437f1e7b00cc0701bba90d3685eb13b72
cifar100,40565,cifar100-train-40565,79,reserved_not_accessed,selection,1340bcd2d06a86edf7cc205d5a5e7fffa6a6e50ec6d25b76c14107649df5db15
cifar100,40842,cifar100-train-40842,6,reserved_not_accessed,selection,0a5790d928c32ed9b84ad1bb47102e613812179b2989dbfbba1c243d957df54c
cifar100,40854,cifar100-train-40854,99,reserved_not_accessed,selection,0d5b97b951f00a387070dc6f022faed581e293b7f60b647ccbafbcbf997fce14
cifar100,40916,cifar100-train-40916,74,reserved_not_accessed,selection,0d7b21ae09886e248ecbc003f01be6df3a51b81f758cc2e55cb0914fa7510963
cifar100,40997,cifar100-train-40997,10,reserved_not_accessed,selection,09ab2d95e3bd4d65108784901dee6df9668754b640d453fbb8354937ef41021a
cifar100,4101,cifar100-train-4101,30,reserved_not_accessed,selection,14a713f94161b36656922d639147b287ae64bea3ad0b5d8cb8a2bdeed132e006
cifar100,41011,cifar100-train-41011,56,reserved_not_accessed,selection,135fb6f1547cd886e5a7821a47d479adb2ea8b75a7bbebd529b74671db9dcd0b
cifar100,41119,cifar100-train-41119,2,reserved_not_accessed,selection,1204bb7ad89a59c1514152cc5feb0df2613f90049a8cb4ec7b2d8ab076dd049a
cifar100,41183,cifar100-train-41183,61,reserved_not_accessed,selection,0c86d58df7904dc655dde98dd3916ece79c4b9f9356576b54d76659b7ef56c83
cifar100,4129,cifar100-train-4129,76,reserved_not_accessed,selection,0cd146d5d7cab41dd2284d06a597a6bd8f81daf29810162f6fe48b463cac941e
cifar100,41386,cifar100-train-41386,35,reserved_not_accessed,selection,0f362d9ca72033b53b88f2d9def9b31948b446abc44401bdb9bd5d982ff5576e
cifar100,41420,cifar100-train-41420,14,reserved_not_accessed,selection,0ca85f64e67405ec9b58d1a0b7f87276410bd4163b862f2c6a4cfff845b123f2
cifar100,41600,cifar100-train-41600,10,reserved_not_accessed,selection,08898f9a85be64c7bc2a9fff96e555967fe09c2877a8d7d9172aff66bb7da83f
cifar100,41767,cifar100-train-41767,20,reserved_not_accessed,selection,1178183186d52ca8b32f22dc9b200355b684eb08ba6ab838948e1c9fab063e28
cifar100,41857,cifar100-train-41857,52,reserved_not_accessed,selection,116fbc3356bba2a80ab843db90a80ac0a1e65d895ecf134579e4c82d18998fd5
cifar100,4187,cifar100-train-4187,12,reserved_not_accessed,selection,0bf389a27c37632ab38b0aed320900c912864b9bf4f9ced36a8691449f2309b6
cifar100,41903,cifar100-train-41903,94,reserved_not_accessed,selection,0cb3e0582278bc3ef4dc728bec18fb36731a037a210cf237a4fb65920e173b1b
cifar100,41983,cifar100-train-41983,25,reserved_not_accessed,selection,0d2b502e34153436c344f9c8bc2531b487fef4e52c90d1d83dec5397cd6e7c5f
cifar100,41988,cifar100-train-41988,22,reserved_not_accessed,selection,0faee71788f8de5425a552e2bc36e04cee83228881695817ca2da23453a6766b
cifar100,42070,cifar100-train-42070,99,reserved_not_accessed,selection,0d6690b61850a7cb659d5113a4638b53f59cb44b554811c54ec7257b832abd31
cifar100,42119,cifar100-train-42119,70,reserved_not_accessed,selection,0c4dfe462649756d1e0b4d6204d3eccc5809940f7a147aad00f65fef04fcae1f
cifar100,42160,cifar100-train-42160,32,reserved_not_accessed,selection,0bb848e77f6f38f91d346798eb51299c277ad5699fabca0002cd0b29033d5f4a
cifar100,42253,cifar100-train-42253,70,reserved_not_accessed,selection,0cfa2b5fb91f28008bf4a86d8e7b62dd1a40a5d734b078f91855d2c3dce7f3a8
cifar100,42295,cifar100-train-42295,67,reserved_not_accessed,selection,0b6ee0315db03ac24e54debb0373f3e2066da3da415ff09071120c5769c10de5
cifar100,42456,cifar100-train-42456,36,reserved_not_accessed,selection,09deed0bfb3dc64bdbf7c79d2a4d2051ee9adc1f5a00779ec5f7b7cfe25a3937
cifar100,4249,cifar100-train-4249,97,reserved_not_accessed,selection,088592f0b5cef3fdda7fc0b69d0ae4d41e7732950f2e20411b241bc55892c3b9
cifar100,42552,cifar100-train-42552,39,reserved_not_accessed,selection,0d9eff752d6242f855658dbe49c0b54502d7a4d5a6f6e803db2ef91d802f531b
cifar100,42714,cifar100-train-42714,89,reserved_not_accessed,selection,099d616492537bef006aae22cde3d39ba5f2cb68cac39bdfcbb2787a897d3d3c
cifar100,42732,cifar100-train-42732,48,reserved_not_accessed,selection,0c6c31f895aa3bc5fd7adb513a4ffc9ff98593f5f833a0026f61d1e5dbf05c14
cifar100,42776,cifar100-train-42776,95,reserved_not_accessed,selection,09672063c13b2bcae35bc05d12833c677a942af9c7dca8b8481a396f85d9cfb7
cifar100,42792,cifar100-train-42792,72,reserved_not_accessed,selection,0dcf53ecf5d37260ae5c5e31ed93a671e002c75636ecb78253b3486fe2a24250
cifar100,42881,cifar100-train-42881,62,reserved_not_accessed,selection,07e8d7b4eb25b6fd955c9319394d62b6e35b9684ce816899faf4b181f3096642
cifar100,42940,cifar100-train-42940,64,reserved_not_accessed,selection,0f55caa22a6452603be27e5e172547a9cfe4aee86365ed90add515115694f9a3
cifar100,42993,cifar100-train-42993,30,reserved_not_accessed,selection,15dc9842d602ab5e3718197f8d09ce032afe647809d8313e69be9a3b6d3162c1
cifar100,43033,cifar100-train-43033,8,reserved_not_accessed,selection,10acc1c84d777994c19f7ea170d0a873b81042091680ec52706bf6d4e1a094ad
cifar100,43063,cifar100-train-43063,16,reserved_not_accessed,selection,0a530957dc6bcf40993abec244a38f8def3aab54ebf4d26a1b105eab7c1cfe28
cifar100,43149,cifar100-train-43149,34,reserved_not_accessed,selection,0a500d78e3cc727aa38d54941a7f1450ea5e1270c819b47944f4e753055827bd
cifar100,43285,cifar100-train-43285,69,reserved_not_accessed,selection,0d22cd6d66edce10e7b43e96e474eae9d36a4a61d7765641cbe8931d8a0f969b
cifar100,43427,cifar100-train-43427,64,reserved_not_accessed,selection,0e50f0b27b16ef0b9d98e10f10f69c4c9667d34ca893cc08f75081ecd72d5c51
cifar100,43451,cifar100-train-43451,35,reserved_not_accessed,selection,0ec0e73f358e00b71b698f3608dc87db13152822e0a9cac60f38480e1efed524
cifar100,43631,cifar100-train-43631,85,reserved_not_accessed,selection,0fd45a1f7bd2f2f70effa104f3689f6de3201fea192d9100298146fe98f4d2f6
cifar100,43724,cifar100-train-43724,1,reserved_not_accessed,selection,10deb7e3593f21c87464c8ee88ae42577d43aec7478e19b1151e3956f6283140
cifar100,43804,cifar100-train-43804,46,reserved_not_accessed,selection,0bf855366f7f6e4b9a2cd427b5ea146b24356bbdbd9c5a6111ba895fd9f700b2
cifar100,43817,cifar100-train-43817,19,reserved_not_accessed,selection,0db9119f09115e9f1b4fdb5cb81bd2a8bab20f17507d8a741cf1e19d14d71c69
cifar100,441,cifar100-train-441,0,reserved_not_accessed,selection,0b126676aa8216984ab7749dfbc87c59dcf1ab7a714e677e9804a22ba380db9d
cifar100,44154,cifar100-train-44154,51,reserved_not_accessed,selection,0f63f556bbf580b2e1431283408169c1608751d7a8b51cdfa2b82be6aafc4dbd
cifar100,44250,cifar100-train-44250,54,reserved_not_accessed,selection,10e6c64e19912df86d7c9e1f4bab77ea0bde3e37e337188b019669ca1c66496d
cifar100,44264,cifar100-train-44264,4,reserved_not_accessed,selection,089064dffdd091b6240de9911faed0ecdf99e1ad33a3a1b3d4286125a05ac120
cifar100,44454,cifar100-train-44454,80,reserved_not_accessed,selection,0b66ece1d8fc64c54bff5e5ebfd5ac6e94c6803f66b6be4243efcc5f6c2194a6
cifar100,44484,cifar100-train-44484,51,reserved_not_accessed,selection,0f120280dbe761b218ec96a30ff8bebe33323d8ab54de56b4e1f7985cc2ed38c
cifar100,4454,cifar100-train-4454,68,reserved_not_accessed,selection,0732b96135a752a6d783e4a7af3c7148e0f9c4bbe5e4419eee6c7477e23b9c9c
cifar100,44778,cifar100-train-44778,86,reserved_not_accessed,selection,0fc5e910af3e3e451e300f36349ac6faa52a40b2598fdfc21e1d3567b39c7464
cifar100,44797,cifar100-train-44797,91,reserved_not_accessed,selection,0b2239173bae9d1d522b2f1687d5a5f7397a4b2b6ae1ab4f492359b2ee42be7d
cifar100,44897,cifar100-train-44897,20,reserved_not_accessed,selection,0facb30002e4ae2e78602aaa80cc105282565719fbede4792081346010724f8a
cifar100,44947,cifar100-train-44947,40,reserved_not_accessed,selection,16492fecd63749d9d38f906631543735445f8df5bc65d24ce8fc1005db28cea7
cifar100,45011,cifar100-train-45011,1,reserved_not_accessed,selection,0fa5eaa7f59f27b7f054bf866da9612cafc52a08ef3faf572ff0583509dd2748
cifar100,45094,cifar100-train-45094,89,reserved_not_accessed,selection,0d6d99c4e9e2bd8628dc1176b300f30e0cd02fa56bdd1528564b034d8c9b14b0
cifar100,45132,cifar100-train-45132,65,reserved_not_accessed,selection,0b8de027378177ff3335798795820ac4ea49c52f822f637b9ac322dd64ce2c16
cifar100,45148,cifar100-train-45148,85,reserved_not_accessed,selection,0e3924f3cbc1d7fdc704cd288dbb2a188c326833178d8efe4c175812dc234c86
cifar100,45257,cifar100-train-45257,93,reserved_not_accessed,selection,0c0f3a0bcbbfeda9d75ca2ccb2c899091cb0785da2aa1cbbc9b1fe843009e5cf
cifar100,4528,cifar100-train-4528,62,reserved_not_accessed,selection,080e1977b9ad98fdf7669cb90d3fb9fb8fd0d60cc625cbf219d88498b637abd0
cifar100,45332,cifar100-train-45332,9,reserved_not_accessed,selection,0f01eeddd1c4caaf2f72208569ff862b0c6134f723d084742d07cf35cb77c14b
cifar100,45561,cifar100-train-45561,22,reserved_not_accessed,selection,12061737d2eeb18a1c24687638b796698a0c55a14a51ab598abed0505b9edc2f
cifar100,45637,cifar100-train-45637,26,reserved_not_accessed,selection,0c790ab80c8cb13457dcf41edfdddf9bebf437f04cfa72ec20cf61bc36109457
cifar100,45718,cifar100-train-45718,49,reserved_not_accessed,selection,0b6c465cbbbd07903945cecc708ea8284e9fcde560be691f1a429622ee3e4702
cifar100,45847,cifar100-train-45847,48,reserved_not_accessed,selection,0cae891c969e8a6d3aed0a85cd951f740f0b70b524025ff73c32947558388d9e
cifar100,45888,cifar100-train-45888,28,reserved_not_accessed,selection,0c6e2f98ee6d7a3a50d3070f868d088cb71ef289d8d5b522edb330322d43d660
cifar100,46028,cifar100-train-46028,93,reserved_not_accessed,selection,0e3049840c376f8489410ac6cbb1e2ae2a811439eb1889ee25435d000a493516
cifar100,46049,cifar100-train-46049,66,reserved_not_accessed,selection,0c5bd224dd9af637efbbb314022ced7e889d05b279bd88afe2da54731eb33fdd
cifar100,46348,cifar100-train-46348,66,reserved_not_accessed,selection,0d0c7f831bc451ffb7d64847f27ae0990eef8c53ff0b3acda38086ee4b012f1f
cifar100,46451,cifar100-train-46451,56,reserved_not_accessed,selection,1071321eff89acefe2054548d95fe8686e0f444cad2934b766fb29bc6b4a3bd5
cifar100,46562,cifar100-train-46562,64,reserved_not_accessed,selection,0f3673a3ab21c89a6f379f924a67589d0448c307b1576b106188a26f47649e4d
cifar100,46632,cifar100-train-46632,76,reserved_not_accessed,selection,0cc2d45e368e8c395086c461859156365cd4df3d077673da65cf4520f7166468
cifar100,46813,cifar100-train-46813,32,reserved_not_accessed,selection,0ce470e1190b4f8b6dcaafc36a7bbd4c93e37b2ec4d1996fd7b4960d11ed4ad8
cifar100,46943,cifar100-train-46943,26,reserved_not_accessed,selection,0fbf22f6a12d56ed27eb76f6bf507505484294792f79a7d3a8de9474a190967c
cifar100,4702,cifar100-train-4702,57,reserved_not_accessed,selection,0a3c6f2a862b05d34533ff02ad5f37c6304780b9bf6e63835238f920351d8acf
cifar100,47178,cifar100-train-47178,26,reserved_not_accessed,selection,0d75556a5577914058d39f87eff6569b38642554b57b48729dd3e857d669bf9f
cifar100,47196,cifar100-train-47196,94,reserved_not_accessed,selection,0e13afa0140417ce24a0d08e43e77c1d3727a72c9e5598aa767ff6b0d628c237
cifar100,47269,cifar100-train-47269,92,reserved_not_accessed,selection,09fca733dd1d4537be6f96d3a63a9b7d3d0639bf7993bef8d6cb762b082a9c10
cifar100,47307,cifar100-train-47307,41,reserved_not_accessed,selection,0b21ad5d317c6659bed8b90e22ace83c8f9c3833028113de4110acf1a5763fb3
cifar100,47344,cifar100-train-47344,8,reserved_not_accessed,selection,0d386d814fb0641cab37837d2d5868d82f082612f5c7d6b0b4910dba551e015a
cifar100,47431,cifar100-train-47431,11,reserved_not_accessed,selection,0f2de86ad28cee1a311df3b29b8af8839529e87ebe7c59986b01e9f1acb7d6ff
cifar100,47545,cifar100-train-47545,95,reserved_not_accessed,selection,0a2c8188714fee04d8c6d53fed52a5dd984c93c46b7c8b2d6de7a84ca6fcc26e
cifar100,47568,cifar100-train-47568,81,reserved_not_accessed,selection,0d3244d504e3b979c4da05a9a9fde15eac99bb3dc5cbf583bbc88de9d1859e99
cifar100,47696,cifar100-train-47696,68,reserved_not_accessed,selection,07c8a67daea13a86dc2bab5918520fdb84c1a6321e9653695fdd1cec27df7aa8
cifar100,47713,cifar100-train-47713,63,reserved_not_accessed,selection,0e66530f4ab727e3972e4b1fbed2ba9182822901da1f643911a84093aabe3464
cifar100,47726,cifar100-train-47726,86,reserved_not_accessed,selection,1143c02ba396cdd52dca857e0d78c399d2e4fe807c1915127a9e3823a62b80c3
cifar100,47737,cifar100-train-47737,82,reserved_not_accessed,selection,0dee0cef49ce6ec7891bba7ce1bc3feb47d8609f29666b8f91a83bc55b23bab8
cifar100,47822,cifar100-train-47822,74,reserved_not_accessed,selection,0bc48113dcb69ae7f77ab61b8b40f943a8b92c3eadb090b6056a9276f5cb5629
cifar100,47865,cifar100-train-47865,15,reserved_not_accessed,selection,10f79f09c97163b0d490bee6b3632df80b715fc72e5377c716c8bcbd4b942afc
cifar100,48011,cifar100-train-48011,44,reserved_not_accessed,selection,0a9adbaf83762311e7a7fea9a28a8e15f12f616d3a078f41d08e12441d01a5d4
cifar100,48203,cifar100-train-48203,14,reserved_not_accessed,selection,09e7a38e5b6c5968cba70a58d27b5137d49d6429ff5aed3d53b94bde3eb66d9e
cifar100,4829,cifar100-train-4829,72,reserved_not_accessed,selection,0f02782c0ce25628c301e2e28b47dd13f45971dfd6c236a1f824a53faeb88107
cifar100,48483,cifar100-train-48483,92,reserved_not_accessed,selection,0c1c0536d3c93806d55cccecbeeeb795f4fe7bd77966ae69757b3ae7a5df3a55
cifar100,48553,cifar100-train-48553,8,reserved_not_accessed,selection,0d7da48164ee6afe37ef81e188f254895645301bafc0d1e1f427f10c713402d7
cifar100,48569,cifar100-train-48569,23,reserved_not_accessed,selection,0b03a7777ed3372872d8bf6059417c94b3601276fb866c94ee5b2779faaeeed3
cifar100,48620,cifar100-train-48620,19,reserved_not_accessed,selection,0d2f12bfbd868a4dddd0683e5976589bac0f1b1025544b97b6bf85b4e07b7262
cifar100,48633,cifar100-train-48633,97,reserved_not_accessed,selection,0c1f2117915c04e20bc63e6b7df36ccf4d2a06b2b8d433e184b37257fdfb1cf9
cifar100,48714,cifar100-train-48714,58,reserved_not_accessed,selection,0ba7667abbb339f16542ecb71d67c625485985876c970bf6e276a6a15309bf82
cifar100,4873,cifar100-train-4873,79,reserved_not_accessed,selection,120c617a8cd2d6d365e3c0e2ca150ab6208a1fc35367bc4ad5278877758a1d99
cifar100,48936,cifar100-train-48936,52,reserved_not_accessed,selection,12f4e3d71b34d9dfd5eb88d93b2a6527a0e49bb1d1ebe50fd76ecb3898897343
cifar100,48968,cifar100-train-48968,12,reserved_not_accessed,selection,0c2643d896945fde5bc5d4e1e6498bb845d9a541514d38441b7f8487f06cdf66
cifar100,49013,cifar100-train-49013,68,reserved_not_accessed,selection,08c19b5bef40ebc005ff068837d3cc97618d8fd9714626a754ccdfa48a08f59b
cifar100,49121,cifar100-train-49121,63,reserved_not_accessed,selection,0eb2b8c477d09f44ff51576ce6e7cb05ccdfaaa43c8e1d921d5f7dbd46891eb7
cifar100,49183,cifar100-train-49183,45,reserved_not_accessed,selection,0c69391925834483b231af51eab82c0956d55881b03b8b21ff1aeffcfe606950
cifar100,49264,cifar100-train-49264,51,reserved_not_accessed,selection,0e7aa4ee246f70b999ba3e255a71841e0f267cee474db0b2708507f367a45e91
cifar100,49269,cifar100-train-49269,24,reserved_not_accessed,selection,0fc7dc8d13fdef63b0d65440c7326caf3cd3cb747a365f48baebc15b9fdb267f
cifar100,49468,cifar100-train-49468,90,reserved_not_accessed,selection,0dbfe2abfa4cfb60c114445c722e16b0fac053c05f3dbecf4a4f99d78b738c76
cifar100,49491,cifar100-train-49491,17,reserved_not_accessed,selection,0706ab696be0655488c380b6f97019b7c2ec63bd347bd1eeffb1f550882ff899
cifar100,4952,cifar100-train-4952,6,reserved_not_accessed,selection,085ff371582ac710fa9ebf7b7bb4456b3047c46ea3c7ea0a9740a8132c33dab7
cifar100,49711,cifar100-train-49711,5,reserved_not_accessed,selection,0dc23d599337b1b28784a9e1a41950f24c50e0f2605b3ce8a502c886dfcd971d
cifar100,49922,cifar100-train-49922,49,reserved_not_accessed,selection,0d230c00ba32189e1df08e508432af94ce11a459a282b66cd1aa3a7ec0a994e4
cifar100,49950,cifar100-train-49950,11,reserved_not_accessed,selection,0e4672c64ae55825e46ae7a1c0afd72862fe73295330108399a6b419b4176887
cifar100,5144,cifar100-train-5144,72,reserved_not_accessed,selection,0cee0a9a679b82cfa87488d21bdb5b82e45ccecb367d2f02aede9e43ff9ba1ad
cifar100,531,cifar100-train-531,88,reserved_not_accessed,selection,0e068faebcdea8f020f2fcf1942b61aae9f3a8e858fd66c969dc0e9bf57206b4
cifar100,5368,cifar100-train-5368,82,reserved_not_accessed,selection,0db721671e18a9466f6fdfdc136458abc6a398bd9a20cf86de03bc1e942bfe20
cifar100,5510,cifar100-train-5510,83,reserved_not_accessed,selection,0f3161187ac7f9e0c098628c1d6546ee3924e390e19cab92c237638a7d5a734c
cifar100,554,cifar100-train-554,69,reserved_not_accessed,selection,0f728170f9502b19af7a7c9473c991be5b63ca167a07f465325040bed16376f3
cifar100,5716,cifar100-train-5716,5,reserved_not_accessed,selection,0dd6c47838703fa1ed47524747047624ca91b1e0afc7d834771e50471a1c355b
cifar100,5977,cifar100-train-5977,41,reserved_not_accessed,selection,0a13cc2e6d5d05aaec983401f90f35489df57fda413853f4ef42fe8c4ecf91f3
cifar100,6012,cifar100-train-6012,33,reserved_not_accessed,selection,0b7d253ba46dd906e4196ba93effe8cd1d297e3ab82eb7188b37b5ea38208fa7
cifar100,6266,cifar100-train-6266,24,reserved_not_accessed,selection,0f864e2802c5f557287bbe10c430d7b791a53c77058fdeaa9a144e4e8065148e
cifar100,6288,cifar100-train-6288,88,reserved_not_accessed,selection,0e3f400e61e509cb3264da86f61390eed8eeae0d9d3c628a3ed2dda3d1a74b45
cifar100,6454,cifar100-train-6454,66,reserved_not_accessed,selection,0dd32b69079763bd001841e581c4839b1d24cd19ec7e06aa443defdf41a68676
cifar100,6488,cifar100-train-6488,25,reserved_not_accessed,selection,0abb1b8ce950b4f8e8f59e5032cadbb031f886b2a045d81aee1924b04ed36461
cifar100,6494,cifar100-train-6494,79,reserved_not_accessed,selection,130802e0f18c182ec725c26e756dbd2b0ef8477fe2293dc101198c5a3fed2f18
cifar100,6646,cifar100-train-6646,95,reserved_not_accessed,selection,09e350df99668d96fbbbda2f7e04b70a697bb0f5f9c606b543c96db2371e6226
cifar100,6720,cifar100-train-6720,79,reserved_not_accessed,selection,11e13c0d02aaf93c703216d64fee5b4a8633410b5726f6ca8514f6d055866fae
cifar100,6780,cifar100-train-6780,58,reserved_not_accessed,selection,0f22425961329e26033177b4270ac9fe0a5c1603ad6f8b1b384e71acc0fffbc5
cifar100,6782,cifar100-train-6782,34,reserved_not_accessed,selection,0b81ad6d57048b2650d9999cba09ff9ac943c74750c308e09ccc114f885a8ff3
cifar100,6790,cifar100-train-6790,96,reserved_not_accessed,selection,0dd5b1e6f0d17a9998a9243e519de54c1b5b55298a436ee96e4297f6f134afd5
cifar100,6920,cifar100-train-6920,45,reserved_not_accessed,selection,0d7269b03f33de5bce2fb0d2d353f055971fc10cdafd4d738db397ed59a87dca
cifar100,6950,cifar100-train-6950,87,reserved_not_accessed,selection,0986d2c1784893b302d8194e5d195a6aab2c224c758d35e662bfa6bdb1ee4d60
cifar100,7129,cifar100-train-7129,34,reserved_not_accessed,selection,0ad76bc3157562e0353177c075adce6c58a6c514e20b756cfc2a9075a7e38f9f
cifar100,7183,cifar100-train-7183,3,reserved_not_accessed,selection,0f67298a470e8cf93a9a4979d9d5961a1eeacb7074636161f8d28cd12fa2cac9
cifar100,7240,cifar100-train-7240,15,reserved_not_accessed,selection,1251207113584f1e19424150ca165a41bf8b2d89c912f267c442003f4b21cac3
cifar100,7274,cifar100-train-7274,90,reserved_not_accessed,selection,0ee308ab8a5a7b6574104e536efbe9bed5da211880fe087ca09d1300c39f0c36
cifar100,7335,cifar100-train-7335,10,reserved_not_accessed,selection,0ab94d59dff3cf31046ce57d5c1b0a698b6d833cf947bebe2a27cfff935d9ede
cifar100,74,cifar100-train-74,36,reserved_not_accessed,selection,09babdde0c072fc4577df6576fb7170971a299c6af3e70a8a52c11e9420c071d
cifar100,7418,cifar100-train-7418,29,reserved_not_accessed,selection,13c15a24afd12df70f6e7f202ba3f78c7e3f45849636569022ec60fca95fcad6
cifar100,7422,cifar100-train-7422,13,reserved_not_accessed,selection,115ceebaa65d338f076b1682973f44c7f3f0f9ddcdd766d7eef5ef34b84960c9
cifar100,7451,cifar100-train-7451,30,reserved_not_accessed,selection,157199fc2d7532b422a52b1fbe678926689954de60c5dc81c7c2465fc37d8be3
cifar100,7485,cifar100-train-7485,70,reserved_not_accessed,selection,0cf14a17e9cf6efb37ebfc08b85297988de07afc0a1f435242e51e964365ad9b
cifar100,7498,cifar100-train-7498,0,reserved_not_accessed,selection,0af9df4226b353ec0d4a4dd29a0895b2de85d6fa533d2dda885f3d425714f7fa
cifar100,7569,cifar100-train-7569,55,reserved_not_accessed,selection,08c0c2811eebd59c7834b936d90d6311a8bb7eac42a7a89102ae05cb41128ecb
cifar100,7707,cifar100-train-7707,65,reserved_not_accessed,selection,0cccb3a61900e71284803a5523e85dc228fc37bdab2194a9be5371ee2487b22e
cifar100,7765,cifar100-train-7765,96,reserved_not_accessed,selection,0f3b4e1a61c124ba0ba758ce36d90c28e33dbdac38cbdc67c5049db38e57d710
cifar100,7770,cifar100-train-7770,31,reserved_not_accessed,selection,0e841c03db1003621f9822da9cd414b0c1af1b312527d141202515c07c3f8169
cifar100,7866,cifar100-train-7866,73,reserved_not_accessed,selection,088f69c4991a76761b8538b22cb81091ffc835dd952bf0edc02b38d93fd9b316
cifar100,7888,cifar100-train-7888,22,reserved_not_accessed,selection,10366d192922045a12840e97a3e4968f20d523e950ee4be6fc800682ab9a366f
cifar100,7989,cifar100-train-7989,17,reserved_not_accessed,selection,079db78f81620331b9690240c63e650b3d3a1a9e59f12132650d5eb54b0464df
cifar100,8046,cifar100-train-8046,38,reserved_not_accessed,selection,0d60ab16d946e769232144da2747ce3f7700718ed92f7828933b77d19ff37c16
cifar100,8163,cifar100-train-8163,27,reserved_not_accessed,selection,0b2506ada11fee0449fcfd46f397ea1f0272e84c8c989750617908c2509240fd
cifar100,8184,cifar100-train-8184,97,reserved_not_accessed,selection,0833d9b96d34bac6d60d118b721a2eafcb4ad4955cc15ba7cddc4adc6aa40e43
cifar100,8205,cifar100-train-8205,36,reserved_not_accessed,selection,090bb3dd1efa98253e3732a669b5d5490f160bf2015c857876fe7643d036ba02
cifar100,8213,cifar100-train-8213,84,reserved_not_accessed,selection,0d997c3f7a33930bd5715f30211c4955eb4a3cf6db1b3cb6e2a1e245fca51ff4
cifar100,8299,cifar100-train-8299,57,reserved_not_accessed,selection,0dcd444ab72956ea4eb42b40bed24647e81d85c9c8bad7555d37889561168f6f
cifar100,8324,cifar100-train-8324,59,reserved_not_accessed,selection,10a886feffb218aaf3e9915bd973ccfeab2a121d0a1273f581e682923b3169af
cifar100,8556,cifar100-train-8556,29,reserved_not_accessed,selection,138482a0d7493ce3829c13dfc9fc7f19ad1806889e7b346b8a559ced3501d2e4
cifar100,8747,cifar100-train-8747,46,reserved_not_accessed,selection,09e04d8de3822641dd16d9f38d945204b5488e56f5d93479dde383347e1d5b3b
cifar100,8815,cifar100-train-8815,99,reserved_not_accessed,selection,0e46d2ac0886a60fa644a524733d8f1279e34e310ab545e553ea620ede4b493c
cifar100,8913,cifar100-train-8913,31,reserved_not_accessed,selection,0eecdf1842e53e48ac5cac0efc2106957a727497129a5f73353a9288abe816ef
cifar100,8958,cifar100-train-8958,97,reserved_not_accessed,selection,0b3d0d9a63d9f66f37e01280bdf8f25f73aa0c6f16fe6f3c18b1c01be56b4875
cifar100,9100,cifar100-train-9100,18,reserved_not_accessed,selection,132117ede9abe612eb96461964c7db4ef5fc2bf7caafc5e41d5f6f33ae74dad7
cifar100,9218,cifar100-train-9218,4,reserved_not_accessed,selection,08cb574cb01e65a68413d86793c1919ee16308f40a5143e88a903d5bdb3f1935
cifar100,9355,cifar100-train-9355,51,reserved_not_accessed,selection,0ef483acec41de174e3abe7cf916463552e520775c05cadf9e8383719f59ba68
cifar100,9489,cifar100-train-9489,62,reserved_not_accessed,selection,08cc67185086a4f8f9d159bc5007189ba273c351f36498a6f9a0eb96420475e1
cifar100,9545,cifar100-train-9545,57,reserved_not_accessed,selection,0bdb97473dceb73286dd6437cdeec31cac4e50786c00a62a7972594c1eb8f4fe
cifar100,9644,cifar100-train-9644,47,reserved_not_accessed,selection,0a0081c08e3569cfece3763333ced065908a039a312adce3475bd5c4156f51fd
cifar100,9657,cifar100-train-9657,8,reserved_not_accessed,selection,120fec5b3d4f93423174430b8af6afa2956376d0c40a4804ddb369003a1872dc
cifar100,9882,cifar100-train-9882,83,reserved_not_accessed,selection,0dfb79cbf3cd4181cfe1cf05a18650f6f4bed477ba71aa5cdd3c3f1b646a0d63
cifar100,10074,cifar100-train-10074,4,reserved_not_accessed,train,045f412aef05a3f1d264df42ad0edb3a178399ad4c21b94372f989bf0da068ed
cifar100,1009,cifar100-train-1009,6,reserved_not_accessed,train,033ca19767b755ccb95c661bd6e19d74261cde57e4535b4724609ae4ee99a682
cifar100,10105,cifar100-train-10105,79,reserved_not_accessed,train,07a83663eb590635acd264d79e1a1fc8d8938ec2b0ef335a6780d1db906398e4
cifar100,10174,cifar100-train-10174,90,reserved_not_accessed,train,0b94d85d0aa426da6888fa1b4f542ff2bf09f4a3d3dedf5465223e037a355cce
cifar100,10191,cifar100-train-10191,5,reserved_not_accessed,train,0c221fb75434058317e7b69a165d3c455cdb4f067eb2a152bed4775202599d14
cifar100,10192,cifar100-train-10192,66,reserved_not_accessed,train,09a55069b084e6fa2ba1efa5900526c95d59c22108b1f513a028b98af45ef370
cifar100,10200,cifar100-train-10200,91,reserved_not_accessed,train,08db315885a02836218f3fec293d64b91aae737683cf271722e63cf4996e1183
cifar100,1021,cifar100-train-1021,98,reserved_not_accessed,train,064b5eabb853e9e956ac6e935d9471ff840938ff1c5ed60bd8d0a9f0fdd05fe2
cifar100,10242,cifar100-train-10242,13,reserved_not_accessed,train,04cc6440fbbf190d2eb223c5b89a266493399e80c36c995bcc48e57ca18b3726
cifar100,10264,cifar100-train-10264,31,reserved_not_accessed,train,05a6de4afd32d4506a9087a050dcaa5d2cce58f58c16db2a5d87a6f273c2206d
cifar100,10302,cifar100-train-10302,74,reserved_not_accessed,train,0134d4e2bfeefef488eb13d2b9bf373d993b62a5d91bf8de30613acb57c37bb3
cifar100,1031,cifar100-train-1031,84,reserved_not_accessed,train,071e7c4e88733920d881aa9ebd24a35c86d6fa327c438cfe9676995e6946da0d
cifar100,10345,cifar100-train-10345,62,reserved_not_accessed,train,05187d6ecd45ba9f4e59d9a6e8f46851d52064581a3c19bf92fe16b0e9e00fe6
cifar100,10357,cifar100-train-10357,56,reserved_not_accessed,train,021802818fb30cb01833a930dc4be97fc04b659c7c8d6d24046ebd0fd274957a
cifar100,10405,cifar100-train-10405,88,reserved_not_accessed,train,0989a968910424a1185c48ac9d5b48d16dc31750a00c40a058b9c40fe3e6e6ff
cifar100,10420,cifar100-train-10420,71,reserved_not_accessed,train,081104c843b250b12a2655643b62ddd564b0e3157b5697a4a8d51069fe48c1c1
cifar100,10440,cifar100-train-10440,21,reserved_not_accessed,train,08742cff0a6f3ceaa1fc4f42d610bd2a01e772386279d3014556c038b7d0d51e
cifar100,10446,cifar100-train-10446,78,reserved_not_accessed,train,0d3c7f56262412de77b845b908242500373fdb9f4c8e9c12dab3df56b982dbf7
cifar100,10468,cifar100-train-10468,8,reserved_not_accessed,train,078c38dae0dbfff0881f41af8e56ef128cf6314eea888e5b45f130131f67e8d8
cifar100,10478,cifar100-train-10478,70,reserved_not_accessed,train,03c89d9726fa362b469d2032bd7946dfc9b63dddaf870b373c9c82c2cf9e114e
cifar100,10480,cifar100-train-10480,85,reserved_not_accessed,train,08c1ed1677597a9540700eeebbbed8321c657ad5fce52853ebd796b0120c43e2
cifar100,105,cifar100-train-105,93,reserved_not_accessed,train,0a87a88e2397dab7d8b11c7e3f5397e39fca7d2d48580fe78529473ca97d273e
cifar100,10540,cifar100-train-10540,17,reserved_not_accessed,train,03f589056dd43a1345486704e0951aaa0893c61187329d575aeced0c1e42bc00
cifar100,10545,cifar100-train-10545,92,reserved_not_accessed,train,06c52516869ab2f3bbd40fd07e597883e3e0be33c495387a470e12adf3fee333
cifar100,10581,cifar100-train-10581,14,reserved_not_accessed,train,001ea787482d95d168e204675f7ca606f3071bc3db328874b3c4c0e89c0ff520
cifar100,10593,cifar100-train-10593,53,reserved_not_accessed,train,06ae738ba4872ec0da77495574710ae8e1631ec0e97e7015a709b679146659ac
cifar100,10594,cifar100-train-10594,72,reserved_not_accessed,train,04eb81c280d13de1518d499372a1e678421af24fd7009ad7c6b29524f2ea837b
cifar100,10608,cifar100-train-10608,48,reserved_not_accessed,train,0677d2a9943b5035d4e3edaba33c6e17507640652d0dc87c0c3cfac537ccb8e2
cifar100,10612,cifar100-train-10612,52,reserved_not_accessed,train,065e0fb82da3113195ca861ed0709caa319c44f38c5c09bd263394382ea47cdb
cifar100,10614,cifar100-train-10614,69,reserved_not_accessed,train,08d4f2876e28684c8f045164848eba96786f1ea84ebe7079bfb78189ebd1eb5a
cifar100,10618,cifar100-train-10618,40,reserved_not_accessed,train,0ea3f29c3837dde2da190692a78bf72830c948fec56c6b780ba36243b2029b31
cifar100,1065,cifar100-train-1065,43,reserved_not_accessed,train,0c061e277887ef0ce8ee7e0eac627fda93e3a685ac90f67bd9be4540a145b6c0
cifar100,10659,cifar100-train-10659,23,reserved_not_accessed,train,0328f7a951865abff92399dd11f11770abd647ed8f884e9c999895c9315c304e
cifar100,10682,cifar100-train-10682,29,reserved_not_accessed,train,0c0e74cd384c784192d7d82717a413f09815072c72af8fbd8b19faaa1fa5ce6e
cifar100,10687,cifar100-train-10687,87,reserved_not_accessed,train,0807df00bc5a2ef0efbddd4b327cf66976df0c39c9cf5932ce95817bc9c46a3f
cifar100,10698,cifar100-train-10698,57,reserved_not_accessed,train,028fa9a88bf61b337c2815f36729d7c23fc4105d3e643d3c1fd83837ea2e3f5d
cifar100,10701,cifar100-train-10701,2,reserved_not_accessed,train,07df59c0ad3e69b1741afaf55d94278b29c20d6c238971ee4793ba64c37d3f0b
cifar100,10709,cifar100-train-10709,41,reserved_not_accessed,train,0681b8f08363241e37c32e3f9e0f86fd66ebfb6b6baf5eef332942c8f3ffe7e2
cifar100,1072,cifar100-train-1072,53,reserved_not_accessed,train,00f739d029d36925785a754e655d161da489c4b8c83bfab067dd5507e8d6d188
cifar100,1074,cifar100-train-1074,90,reserved_not_accessed,train,070229fa918d8a9f707a2b2adaa6be9963dbfeff6f245fe2df0d252605258c5b
cifar100,10755,cifar100-train-10755,7,reserved_not_accessed,train,088a680ed01db94b40d9461bdad487538dde7214def5d48e861772a1e3743024
cifar100,10756,cifar100-train-10756,43,reserved_not_accessed,train,06f4dafd304844e2943cbdcb96a42312ec5650ced2f73d624be61ef152b2ab4b
cifar100,10760,cifar100-train-10760,84,reserved_not_accessed,train,0b17006c2fd4d29b2df23c55ba73ba18c855edeefe98c1818b66af636383a2e8
cifar100,1077,cifar100-train-1077,14,reserved_not_accessed,train,028447b8249ce237bf5643a570da6994b331134e55b61a6b85f7d61d4e85c82f
cifar100,10794,cifar100-train-10794,8,reserved_not_accessed,train,0bbf5155d604f89365edb3da5c3c487dc28b1d2ec897dac5cdb15ce0e4f9c3a8
cifar100,10844,cifar100-train-10844,78,reserved_not_accessed,train,00d7d10ad620286b8c60ec556ab4c98f36b39c489278af3a4d89a1be8b896c1b
cifar100,10887,cifar100-train-10887,43,reserved_not_accessed,train,02eed8180c2d14598c21f94ae4541ccff1c6e565d71483a45209ed79864c904a
cifar100,10903,cifar100-train-10903,36,reserved_not_accessed,train,06fec4374e0abe06a39c319892f96e95c2545351d184e519debb3faa4569eea1
cifar100,10919,cifar100-train-10919,59,reserved_not_accessed,train,083c05ca572495a38158f1dfd535dd73594b33acd3e668eab884a116b254a659
cifar100,10968,cifar100-train-10968,78,reserved_not_accessed,train,09c92eab0962883fad35454b14b2f63f020de6a594fdea2abefe7f783ce0bbbb
cifar100,10973,cifar100-train-10973,30,reserved_not_accessed,train,08c69dcdbd0be4e634b9de896e61b26a314cd0c06b2ee3cdb7ee3f377b578c3f
cifar100,11021,cifar100-train-11021,89,reserved_not_accessed,train,0222b312ec1b361fc01b4c49d27f7d906232b8695f2d11bc420b694e3b3900c8
cifar100,11044,cifar100-train-11044,72,reserved_not_accessed,train,0045718938448c49d77ffc5bcf2d54327e503ab1b8ceb305ce8dc4d978a7b7ae
cifar100,11048,cifar100-train-11048,0,reserved_not_accessed,train,0824060273d7c5aedc48d0c6d90f2074695ade5d6077b0def81a6ff5ff66e72d
cifar100,1106,cifar100-train-1106,2,reserved_not_accessed,train,08484bdca81993c95531246d213c89e0ebeff4054df531160ec59fb2685c233a
cifar100,1110,cifar100-train-1110,24,reserved_not_accessed,train,0a25202219e141ce3e4339e2aea3bc0928ed08c5d3fb73c0c39c58dd281e01ff
cifar100,1112,cifar100-train-1112,92,reserved_not_accessed,train,048452d3e51158c17963b61a0c9cf733b3da31bf87cc150dac5478e8604d7bed
cifar100,11166,cifar100-train-11166,16,reserved_not_accessed,train,0717dcda78b6301e023fa93d9d94969f479a374ffc239b58dbdd004564b899d7
cifar100,11168,cifar100-train-11168,89,reserved_not_accessed,train,06e89a6b29b7b92fc700eefbc2495df3901b842a92d9e00531d54f40b1144a40
cifar100,11180,cifar100-train-11180,69,reserved_not_accessed,train,01d918f472dccebe4a25063c03ae69219aa65a539e495cafd9ae8a6e7055d403
cifar100,11207,cifar100-train-11207,71,reserved_not_accessed,train,0d47becc8ffca0babe4d3787651a0ff74b8795990b9e5a5a3eb2cd72a902f5ee
cifar100,11223,cifar100-train-11223,81,reserved_not_accessed,train,06b1ccdf4452fa47a08f7b240b9e3588ba0856a26d906b22263374765e4a8907
cifar100,11259,cifar100-train-11259,33,reserved_not_accessed,train,0ad1585905e84973f3c228272cc771806de41535b044e24ef23ff138faada402
cifar100,11261,cifar100-train-11261,87,reserved_not_accessed,train,04d2b721e136efe8dbebd31ff01944370f32777f8e6eeb0379e4d1dbcc0d624d
cifar100,11266,cifar100-train-11266,84,reserved_not_accessed,train,02548c54b94b4594508f1bf8244186b7805e11af04b11f97ff5f307321f039ab
cifar100,11342,cifar100-train-11342,85,reserved_not_accessed,train,019d72ae38a876375f7406f23e23672f5696be497fc5afda48e36b8bf6fc4dd5
cifar100,11378,cifar100-train-11378,12,reserved_not_accessed,train,0a5fe6b212f23b6cbf09d49f3d12b8c01068f207e6c20a5f51031f636a49eace
cifar100,11387,cifar100-train-11387,69,reserved_not_accessed,train,06f8d033695518bb6b6eb8535163e25ded676d84efa0f4d76dfdc3f40c8ba1b5
cifar100,1143,cifar100-train-1143,82,reserved_not_accessed,train,0724476fd8ef6bcf13aa7fc650479c77b77739135d34db3dc9a209c906edac30
cifar100,11437,cifar100-train-11437,78,reserved_not_accessed,train,01026b2585d7900e42751efc79372dcf9571bfcd25516c86285ab4814b1f12e1
cifar100,11464,cifar100-train-11464,97,reserved_not_accessed,train,006a444a9cab4b7029f27feec49f273858817eaf6b79eb55d97da2e30d02fbc8
cifar100,1147,cifar100-train-1147,49,reserved_not_accessed,train,025ae11fbc502b03a1bf21dadf26068b26c7b08e62a02f20a45c8eb1c29f218b
cifar100,11470,cifar100-train-11470,82,reserved_not_accessed,train,0a454d1802d6fcc78fcb8878b557214e3a6bf33342e6b81bc975772e447477e4
cifar100,11490,cifar100-train-11490,77,reserved_not_accessed,train,04229d1520953b1642e830a0e07e6f568e1b26318413185ed0bf8d1984e96ff5
cifar100,11525,cifar100-train-11525,30,reserved_not_accessed,train,12b129a2e8fa03463f7746d586f08e2156eff40b11ca29f6141f1c22e733f1d3
cifar100,11673,cifar100-train-11673,95,reserved_not_accessed,train,063cbf22e99d6fc64c3e63a927398f9aad276ab7e3fa6047266763e2febb077e
cifar100,11677,cifar100-train-11677,98,reserved_not_accessed,train,103ad948088e8f09d15a8df4443378ac9828388a0055a67364419d64f8678cb7
cifar100,1168,cifar100-train-1168,97,reserved_not_accessed,train,079de31e426865867dd8566d85d3d35f042e81388c1bd2bdccce7fee4559f79f
cifar100,11685,cifar100-train-11685,42,reserved_not_accessed,train,083a82663ac3b1d580533bcffd795301422a0cbd265d4bffc9d118364ce9571b
cifar100,11732,cifar100-train-11732,35,reserved_not_accessed,train,005a73b15bce5e6265311500b74f423063ee1089284bf9c01b829bfe4849f84b
cifar100,11737,cifar100-train-11737,91,reserved_not_accessed,train,009d4cf738783d11c683a381f5b19437d32aeaeaa47b2763d13b94a12224e227
cifar100,11762,cifar100-train-11762,17,reserved_not_accessed,train,047b1a392cc51d438f142903c3d6cd76bb24d5740e658c1dc3184bf5f99675cb
cifar100,11777,cifar100-train-11777,31,reserved_not_accessed,train,0a2e1c5d445c208780b97f1711cde807678b27c5e9d1f78277e401c55eaa36ba
cifar100,1178,cifar100-train-1178,54,reserved_not_accessed,train,0e7b58660145e832ee46abb3f6079cbe8866dbc5e57bd5525b633c5bc722c658
cifar100,11801,cifar100-train-11801,31,reserved_not_accessed,train,03db868ee802a4843de128514f9d4598f5d85b6b8f67809c8844e2e214aaf47a
cifar100,1181,cifar100-train-1181,63,reserved_not_accessed,train,049db96d760b4215a7a6260dc57d9109dccdb676be4fe46d4f5239872d700d04
cifar100,11814,cifar100-train-11814,80,reserved_not_accessed,train,0112385876d801668fd5ec22a6f29a20d4b940bc49c4897e0c669f5eeaed1eb6
cifar100,11815,cifar100-train-11815,13,reserved_not_accessed,train,0c38dde62edc7177343d9e8371ae4c7461a4afc084aa2bd836968dfe660dc5f3
cifar100,11832,cifar100-train-11832,82,reserved_not_accessed,train,099f8c866afb779a6a4bbc1b130011a0c93a31315f111474557bcc6f696b514a
cifar100,11855,cifar100-train-11855,60,reserved_not_accessed,train,016b5aadc1227a27a71f114cd09fd34f6e1fa7c1b3514a389d0dc4a90e0e189b
cifar100,11866,cifar100-train-11866,96,reserved_not_accessed,train,09480d039137d9e8b2d1e6c03bcb04b7bb9207f851d2e7b92331f8656d5accee
cifar100,11871,cifar100-train-11871,17,reserved_not_accessed,train,002c371d6931df80c94266466168706db536e654c981372e703deb379f6454fc
cifar100,11880,cifar100-train-11880,59,reserved_not_accessed,train,0b2fc19dc3d351bbf14abebe28426012c025a51db78e49f2a238c15397bcecf8
cifar100,11902,cifar100-train-11902,5,reserved_not_accessed,train,017ee9df44f94b65c91f86130e408b5c1611618b243b1f45aaf1d58bacfd53ed
cifar100,11916,cifar100-train-11916,60,reserved_not_accessed,train,039073944aae5aa49f45c2abf6e4d51dda27c9e5fd83125fb0eb67d97001b5df
cifar100,11917,cifar100-train-11917,83,reserved_not_accessed,train,04b0ef0b3a456401dafbaf57700258848f53cfff73a031b9c29a6bf31cddde2b
cifar100,11960,cifar100-train-11960,47,reserved_not_accessed,train,000ba44fdfb3874c67c73f42b58428d003a0eedfadf4fd5dc9ee4f4168f8464c
cifar100,12008,cifar100-train-12008,18,reserved_not_accessed,train,02ddeef6469b115e0a130a2f6c5a0803ea5bf80124793cd4b74ed930b3220827
cifar100,12013,cifar100-train-12013,56,reserved_not_accessed,train,0b8c04058424acf478dd270263e6113a6e24609136a3e6a020b906a8b511a9f2
cifar100,12034,cifar100-train-12034,3,reserved_not_accessed,train,05b6361fe23f788dad05ebe8af56c523dc73fa52a73f018333bfe8e9c9bec58a
cifar100,12048,cifar100-train-12048,29,reserved_not_accessed,train,0671a4f1c446728c9a60026dc2577c4526e4119497fadd18160d4bbcdcc86c9b
cifar100,12058,cifar100-train-12058,48,reserved_not_accessed,train,041ce4d03070f6cdb446155ab6c5ba81f45db57b9c24058d6f92b9b30b6f4efa
cifar100,12073,cifar100-train-12073,94,reserved_not_accessed,train,03b9067cefb7061718d5ae7a909aa52f187f5ee5a13fa0cd2e8e66e02dd0e14c
cifar100,12076,cifar100-train-12076,3,reserved_not_accessed,train,0c4ca5b50701802392803f9527348fa32d4664a3234e76d1348bac12ceecafe4
cifar100,12094,cifar100-train-12094,73,reserved_not_accessed,train,05bd5c170320d74ca51ee47640e60905a51aa3d630eadc9bff818060c047448f
cifar100,121,cifar100-train-121,32,reserved_not_accessed,train,07722fdbf631b160dd3439e941edaf75de5fef5ac972c942b4d7382046e911bc
cifar100,12138,cifar100-train-12138,63,reserved_not_accessed,train,091a10df6e32e1800a14007b7f2707cad4615a4f470a13f141089b8582b8430d
cifar100,12140,cifar100-train-12140,17,reserved_not_accessed,train,052cfd32aefd84f36013b22a5b0547b47bd269bc29e61e3f4bdac355b30f8a12
cifar100,12161,cifar100-train-12161,30,reserved_not_accessed,train,0e1ecd3f492fdbb03331f4ae3d695affc169aa25f56681bdc5fceb8adfefe8f2
cifar100,12245,cifar100-train-12245,43,reserved_not_accessed,train,0661e12de26a993be7152c18697946805d0411d2db4687afee90b6d801d95836
cifar100,12255,cifar100-train-12255,63,reserved_not_accessed,train,02edf4ff269caccfba4ffb021d75a4d60baeda2f448e4b6a1814737b8b3920f2
cifar100,12260,cifar100-train-12260,73,reserved_not_accessed,train,07b3d65771cea79a0a40a3183f49394e35262e3f07ab5c5f987353bb8b8bf478
cifar100,12269,cifar100-train-12269,96,reserved_not_accessed,train,02dfac7a90786a48c22c95bd6967fc34a26ad4ee366949faba9c19986c21a0c9
cifar100,12274,cifar100-train-12274,9,reserved_not_accessed,train,05797afc4ed0563f995e2c6fb24768bc8066cdc29fcc31a4bff735c8ce72588a
cifar100,12286,cifar100-train-12286,0,reserved_not_accessed,train,06c41a825ca83382be89942da7d9066c9820ec7d03483e88d481901914e97e29
cifar100,12294,cifar100-train-12294,21,reserved_not_accessed,train,0603d3835624bfae90e6d7c780c62afe52fb5a52486fa7af3ffe6cd4f6d38d8e
cifar100,12295,cifar100-train-12295,40,reserved_not_accessed,train,0e21a3e0b5bba8a9081db9cb6d9e5bd8e629bf1b0ed3daf6e88aaee2a5b4168c
cifar100,12340,cifar100-train-12340,16,reserved_not_accessed,train,084c39f63fc15f7c96329c8b01c4d1f7e0486be552cfbacf80de22439310d0f9
cifar100,12367,cifar100-train-12367,26,reserved_not_accessed,train,0760d2b83022c414fc9eac88369c02e8da79e472158bc962df3719a568fa4741
cifar100,1239,cifar100-train-1239,27,reserved_not_accessed,train,08dccf5996d4218053313601aa69a2940d2d48ed4ffe9538122bad573d3b26ab
cifar100,124,cifar100-train-124,88,reserved_not_accessed,train,015c2dca65d21c3d1818d770043a24df5f2db9a2eb24b04b73c32432e7f16ca9
cifar100,12534,cifar100-train-12534,23,reserved_not_accessed,train,03f45f28aa5c5388ff36f3d8cc9c4c5b53d65ef0441327fcbdd13677bd2e883c
cifar100,12545,cifar100-train-12545,1,reserved_not_accessed,train,0ca1517e90184a9df4f7dd2dfbc97fd8b9b983f884c3845646634811694b5134
cifar100,12554,cifar100-train-12554,49,reserved_not_accessed,train,05558695ff3e84ce6bfd04389acae713e02fe17f6347d6038e0f47ab783fffbf
cifar100,12556,cifar100-train-12556,90,reserved_not_accessed,train,00bbd39290c81828c3617dfebd0c43d1d72b9c6559c1f03498ca9ec100636824
cifar100,1256,cifar100-train-1256,41,reserved_not_accessed,train,0387a2b582369caa10868e219184ba1ff95ad882af400675b9a045b67a37345d
cifar100,12598,cifar100-train-12598,77,reserved_not_accessed,train,0176455f9f5f0ab755c915df08404203a50643a780b2901d03d5f736c1f4dc58
cifar100,12629,cifar100-train-12629,36,reserved_not_accessed,train,065a5370c422d0704f6560d952ae0da52615b928562379082fbca1cf12cd30c9
cifar100,12636,cifar100-train-12636,34,reserved_not_accessed,train,05f34b115a6179f0a1594cff8888da0e84f1c7a15a66ac666507aef8c40abfdb
cifar100,12716,cifar100-train-12716,53,reserved_not_accessed,train,0b2d5b213fefd088e2504cc1c96d4eed7324902eae1259fe2fff95a236273fee
cifar100,12733,cifar100-train-12733,52,reserved_not_accessed,train,0e3b61b7c6e9cbcb47fddb3253148b90b88d223c922271b28ea977c85073b7ed
cifar100,12753,cifar100-train-12753,41,reserved_not_accessed,train,024a59b47957cedd7c4fd384e861470c9669e0fa2e609deb3deab8f6312175cd
cifar100,12826,cifar100-train-12826,68,reserved_not_accessed,train,045c30ff8f86316f0f81d6c86726588038bb6ac20f7ec36c658593b65241eeb0
cifar100,12833,cifar100-train-12833,45,reserved_not_accessed,train,05cb8d521e9366a588fdf029ec3f928bf24c6ae0ff40dd887be6d6c2c459aacd
cifar100,12863,cifar100-train-12863,97,reserved_not_accessed,train,02001cc19a5a68c54eeb4083971366081fa2edd705e5429a29c36cfe1bcfc09c
cifar100,12877,cifar100-train-12877,42,reserved_not_accessed,train,05f9ec975aec779399dc97b6069e331e637c383bd77f3863240734964228624b
cifar100,12906,cifar100-train-12906,74,reserved_not_accessed,train,06eb1a18c016b190938ab591b205848969419d0c4e505c0518ec1f1be63dc95f
cifar100,12917,cifar100-train-12917,29,reserved_not_accessed,train,0794fe422c96d4f00d3c8c5ed5a334341ee800bab0aa7674f727db89fe1a3783
cifar100,12921,cifar100-train-12921,56,reserved_not_accessed,train,09fea2d18de5b568a42b186b7973921d475162e51a1ab8262250b8191e185472
cifar100,12922,cifar100-train-12922,20,reserved_not_accessed,train,0393c7c0ce9a9c3e889212fdc0024d1891a42bc6a2a2fa3430be50975c30e673
cifar100,12973,cifar100-train-12973,79,reserved_not_accessed,train,10f400ba60302e6d14bbad9201e940963013a56b2990e790d1259ad40ebd7a42
cifar100,12987,cifar100-train-12987,74,reserved_not_accessed,train,08f361030f09b5281c6e3b578b89f45c25fcae152bf5fbdd86dcc63581c29879
cifar100,13011,cifar100-train-13011,50,reserved_not_accessed,train,0a4f1a2fb70b473da6d3357ba1fd93f5b4762fe88a102a47a956b3088e7e580b
cifar100,13036,cifar100-train-13036,15,reserved_not_accessed,train,039c5e6561a3448f673f2ab59064d404d390796c355c2fdd1b7823f0e344a197
cifar100,13067,cifar100-train-13067,60,reserved_not_accessed,train,080e6a36d8b24e7bc31c5313a35bbf9ac02bd892f86a09576aba83cff1fcf589
cifar100,1307,cifar100-train-1307,41,reserved_not_accessed,train,02ff7aacd4be397abab6ce83f49b773bfedb2049a7110bebec0ae100c2f7ad1c
cifar100,13093,cifar100-train-13093,59,reserved_not_accessed,train,07b234dd561639b48c6596fae8d649f042c1fb45c5b693e74b5b316139fdb696
cifar100,13110,cifar100-train-13110,61,reserved_not_accessed,train,00a51e56ab5eeec2779f351396dca5ef9710a3c8506792fbf0b6e53882231030
cifar100,13118,cifar100-train-13118,97,reserved_not_accessed,train,05630e064418fed072dbd627c1886c639e84c834b501b9b9d5618ca3b92c7332
cifar100,13149,cifar100-train-13149,73,reserved_not_accessed,train,000d5ad8e22b429df023dac5ea34b9f40426d2225cf9a100772c04041c58ad99
cifar100,13164,cifar100-train-13164,37,reserved_not_accessed,train,0a84b47d69a858d15cb8d50dfef90ab0412a4170c811d4fd16ce02acf4b337fe
cifar100,13211,cifar100-train-13211,4,reserved_not_accessed,train,05b3efd968e48c8a44a114cba02d40922e1af7cc5e49889ab53e0e97b88f3685
cifar100,1326,cifar100-train-1326,85,reserved_not_accessed,train,01c096e15662c656719cbaa033ca7deeda4612b678928311a322f20be41db226
cifar100,1328,cifar100-train-1328,98,reserved_not_accessed,train,101bc18965cd0b468d01b73f89ac95d43173fd5a33736999c0d4fd233595ca9c
cifar100,13304,cifar100-train-13304,5,reserved_not_accessed,train,09ac2bd60e6792480e6d8bc685f9fc1054ccd13ad209219c19c1cd1846cf2486
cifar100,13307,cifar100-train-13307,70,reserved_not_accessed,train,047aa87ae8d9dd9977347ff09c023dee275e3de7f5dae690e44b66f2da4a847d
cifar100,13324,cifar100-train-13324,51,reserved_not_accessed,train,02cc85af8fc008d628f2026db1ee36a9300df981db894f28a5faa83f9a85d6d9
cifar100,13350,cifar100-train-13350,68,reserved_not_accessed,train,013bfa11bdfc38d26ed24dc3f8769de1b6a70415d2cceb21fea8442868410a44
cifar100,13363,cifar100-train-13363,70,reserved_not_accessed,train,05d4647e2014542acc16ef7a1d9adea70cf3153dbe7335bee871266fab7aaf29
cifar100,1339,cifar100-train-1339,63,reserved_not_accessed,train,017239b5c6cb01ed46faf2c70af8f5047da7df6939239cc8040ce70604233da6
cifar100,13398,cifar100-train-13398,73,reserved_not_accessed,train,048dde755dde054d6dbff36632bcb28216d3b13c26271f815526e4c3a9a6179b
cifar100,13407,cifar100-train-13407,35,reserved_not_accessed,train,0532ffd38113a0ffdadbb8516458a5d5eafa5fefc89254709a5b0b14c4dc44a5
cifar100,13415,cifar100-train-13415,89,reserved_not_accessed,train,05a58bd4be51e0aa489d4ef2be69ab28c8dc24e3495959fa6ef090db8ffba94b
cifar100,13441,cifar100-train-13441,84,reserved_not_accessed,train,06cd6015ee4f71b2046c96a12438751aaefb9c9aa4258e03825f4920d6b17523
cifar100,13460,cifar100-train-13460,51,reserved_not_accessed,train,087cc5363b1d40b6636cfd9d0f6ff405a8abe08a11ca3decc27b8e1d9279889d
cifar100,1351,cifar100-train-1351,1,reserved_not_accessed,train,04069591e5b15095d0c1ca1cab91a42055a06e22dd371e28c65888a5713b8471
cifar100,13529,cifar100-train-13529,30,reserved_not_accessed,train,0cdb19f801b04481796cb8feb664c0c70ec6d335d9af7c7376f269339fb13fa2
cifar100,1358,cifar100-train-1358,92,reserved_not_accessed,train,096b4ca798c7645798ef90135ae2064911ed9c09ff867bbed3c72243b1758f28
cifar100,1360,cifar100-train-1360,26,reserved_not_accessed,train,03f190d13ffbaa677c9061af6d8eb55cfb556333a1f68f6769c3e22b61ca1bb6
cifar100,1365,cifar100-train-1365,12,reserved_not_accessed,train,0882201efa71b727157355a853a088faf9229325d9de31a1e4db9a68f02c11bf
cifar100,1368,cifar100-train-1368,11,reserved_not_accessed,train,089a825e9363a2c4486a9dbcd1bfdc14e277c8c645e85eb08eef50eed87221bf
cifar100,13710,cifar100-train-13710,19,reserved_not_accessed,train,0879f269561ef3f3237e4c591f8e61b7bd8d50de639e4b1a553b1642311c747f
cifar100,1374,cifar100-train-1374,44,reserved_not_accessed,train,033deb6c6e2a64f57fbdf4a236ca48287b12ba65d72a21b26b993341e005b3bd
cifar100,13768,cifar100-train-13768,72,reserved_not_accessed,train,02386d02f2a8ff2977d7dc02b328f2e7b89461234c7cd0a186b83d0650bd5f55
cifar100,13775,cifar100-train-13775,58,reserved_not_accessed,train,06bdb03204db1fd98a0c5683cc45233e52b01e505c5f260c0b2f43316b270c6e
cifar100,1379,cifar100-train-1379,75,reserved_not_accessed,train,0b1b2f9aec36ec4427aedac997c19bbb7fe4e5fb4e9f9e80412c0656fcf99fbb
cifar100,13829,cifar100-train-13829,57,reserved_not_accessed,train,0561a0d22c385986d32be362aefd4551d895994626c3723491b7d9ad35f20ca8
cifar100,13839,cifar100-train-13839,27,reserved_not_accessed,train,03827b0319a29063398e4dac975e4c2c023b5058afcb0258e6f2d20ea31b5ac3
cifar100,13914,cifar100-train-13914,42,reserved_not_accessed,train,040258a54ca551358f84dbfe1dda400a35fe3cdf731c28fd5606e385febd8626
cifar100,13922,cifar100-train-13922,50,reserved_not_accessed,train,066d256ed8738ff0eda9fbd2da0599b1d21004f1c8899ba9b163b79ebdb22b64
cifar100,13926,cifar100-train-13926,69,reserved_not_accessed,train,0451f2b24c05fc309d0ea57d3140bf2fcdd0ee4f134ac6735e5c4416dfa210a7
cifar100,1397,cifar100-train-1397,24,reserved_not_accessed,train,08fde93de9c4941a31c5f8bdae9ce19ed3dc7f9e35a01a5c2fbaad8a2c242c9b
cifar100,14016,cifar100-train-14016,95,reserved_not_accessed,train,080abcdacfc8c50fc7d877f73cd6cda9748326760510e30cd1d6e9fcc4eeea51
cifar100,14019,cifar100-train-14019,16,reserved_not_accessed,train,01ced3a480a963f5e0799ad1be16e8eb155dddc28ba32c23833034a30d54bf4f
cifar100,14027,cifar100-train-14027,8,reserved_not_accessed,train,019675e9d05d77654fb25329c1b22c4c11a5f2171843250250f488569b828b25
cifar100,14059,cifar100-train-14059,98,reserved_not_accessed,train,02d0c28a352160e879a68c308b82fdeb881ba100932491ae29a32696b5c4927b
cifar100,14125,cifar100-train-14125,90,reserved_not_accessed,train,0b37a4290f76dbbab0b6d8291b48f2231cd3a5f2fd0175b8534d77ed47d4a737
cifar100,1413,cifar100-train-1413,83,reserved_not_accessed,train,0a91c990a45f0539958d260ae967deda1607a054578605fddf2bbfa38b66909e
cifar100,14168,cifar100-train-14168,67,reserved_not_accessed,train,08d7c7b927bee9c6cfcf76f6042afe79d7a346690e99d64bbde770bdd1cd5a59
cifar100,14190,cifar100-train-14190,15,reserved_not_accessed,train,0a81346d499f06f547e5bd2039dda81e8d5293db8dd6b3e9a30b8a1433b6341c
cifar100,142,cifar100-train-142,35,reserved_not_accessed,train,023a48624198c127511711db173df0bf2785be49a8bc95822bbe2b2baf371400
cifar100,14235,cifar100-train-14235,81,reserved_not_accessed,train,027e8eff60421b309d646190b03cdee4326540386218c1d41c9a7a7ce861dbd4
cifar100,14236,cifar100-train-14236,75,reserved_not_accessed,train,096dd9c6251dd6f6fc874c99ebb02c8db28b61d8b70d8576d3f26b3cffe5c214
cifar100,14237,cifar100-train-14237,10,reserved_not_accessed,train,0115f1edebf166fce3e7ff808e7a97cf307ca6090a0eb102be5219cc14ab04b8
cifar100,14238,cifar100-train-14238,91,reserved_not_accessed,train,0a38f5d2de784606baa35df640da2e4811f9a2e6cac62f55ac305f8682c4d05e
cifar100,1427,cifar100-train-1427,53,reserved_not_accessed,train,01bd130f72bf66ef669f15c205f31272c09cec40c9647541d477adb636bd2579
cifar100,14279,cifar100-train-14279,18,reserved_not_accessed,train,0c08d2738ad2a039e94d299f7fd335d7eb2084c3fddab7e5fddb6a4b023590f8
cifar100,14288,cifar100-train-14288,23,reserved_not_accessed,train,0450c8a77bd6dfd49180185e8df0a241259d9c1b82c5b6d8ba1048c2bce9f594
cifar100,14366,cifar100-train-14366,2,reserved_not_accessed,train,0a51a7f61de090a81adc5f282b1dbd5ae251c9bac57fd3b130d0442031806d67
cifar100,1444,cifar100-train-1444,28,reserved_not_accessed,train,03a7eeae2e0fe4eebd153396fdc25f06a3b8b252ee69564169625e58e461088e
cifar100,14467,cifar100-train-14467,79,reserved_not_accessed,train,03c38c19d4167a8bad60ddd608232e88c4c6099aea0554dd5c399adf9c4dcc64
cifar100,14489,cifar100-train-14489,95,reserved_not_accessed,train,0853c1b18e01ee8541b5f8c37736446ec2db6fe62d1ffdb2880dc52ba3b71892
cifar100,14495,cifar100-train-14495,80,reserved_not_accessed,train,00fde567ceadc72afe875f0d48038259892e351b208d4da0def78b3aaf16726d
cifar100,14536,cifar100-train-14536,49,reserved_not_accessed,train,001b5be3f02af33d393675cb19a7215b5b628948f2a86078d834d89bd1716eee
cifar100,14576,cifar100-train-14576,80,reserved_not_accessed,train,07dfcc7c13b6db0fa49d9cc854a7afbd78c3bd8c808b2b18b375dcfaa33a6712
cifar100,14596,cifar100-train-14596,34,reserved_not_accessed,train,0367e77e29ad031c3a76170c1b5af7c905eb1ee3f6738b68b3389a0dbbe0285a
cifar100,14610,cifar100-train-14610,38,reserved_not_accessed,train,04b8d0cd60dc8b18866235222697bc53300dde45b910ac6b1c31e4f6a3456084
cifar100,1462,cifar100-train-1462,94,reserved_not_accessed,train,0bc31b521d3b33947832a4f71eb5433c1d1e6938e61a11ae247cd372b1250e44
cifar100,14652,cifar100-train-14652,13,reserved_not_accessed,train,020edbe082a0e4024e07452d474bb4e3571f349676d555ead7900a1bea7edcc5
cifar100,1467,cifar100-train-1467,33,reserved_not_accessed,train,081d7bab36429684b1982bb3ae74f450fc774148dd2c97f3170f940003a4d452
cifar100,14763,cifar100-train-14763,91,reserved_not_accessed,train,056ca1a6f590b638e9fb6bc5e82a2f13483e0145c1f3e4a72b262d740cc714ce
cifar100,14775,cifar100-train-14775,69,reserved_not_accessed,train,074ac1b01f4de414ef1de3b7e8ee18d56b881c60d1fb3340ab091be772ccada9
cifar100,14813,cifar100-train-14813,40,reserved_not_accessed,train,0fa35ab5c1abc677bc0482759eab58203add75a78c7ef317bd2bd7b5b54de413
cifar100,14841,cifar100-train-14841,56,reserved_not_accessed,train,033e5258bc496f79cc2642a8ee85526e397a300bb12bd1a88646fdbf3be22dad
cifar100,14861,cifar100-train-14861,97,reserved_not_accessed,train,013070a04895468ec8b727fcbcb5eb2c6dab218a3cc2f7bffdfca662f8f22e04
cifar100,14871,cifar100-train-14871,14,reserved_not_accessed,train,0353a6765443376a1ace0c259aceeede3e0cca96c33d6978b238114b53bb2538
cifar100,14875,cifar100-train-14875,91,reserved_not_accessed,train,054f15e8ffa5ee95782515069f4226e926a4beece045925fb067eb901365ef92
cifar100,14884,cifar100-train-14884,37,reserved_not_accessed,train,0815eb5dc1bc44faca163c830589dc4aec0a3ce649560bc99e0ffbcf2d891343
cifar100,14898,cifar100-train-14898,23,reserved_not_accessed,train,06435a271d65e3096398ea57c1138c6be2a2996131899948a529be43c92048c7
cifar100,14900,cifar100-train-14900,15,reserved_not_accessed,train,08cb81c73f3612c911d257b05f06ddad64004a8ccd4fc3d8507d62d1e09ee8cc
cifar100,14940,cifar100-train-14940,38,reserved_not_accessed,train,000b83069017480497c426d9d92c21e75b038fa75a07c5f45c3205a0c22cf8c9
cifar100,14974,cifar100-train-14974,66,reserved_not_accessed,train,05b3fca56edc28ba16a981c762c39cc09104b7a12dd093965370753d84d74ab9
cifar100,14988,cifar100-train-14988,36,reserved_not_accessed,train,046d56cd4bc6c26f4f605c7dd1007a71da828d0889769daa6be3b4e3b4582547
cifar100,15036,cifar100-train-15036,8,reserved_not_accessed,train,05a34ced6401678d55d4e87df9406aca6b64cea7a05405198bb6e8cd911e1b8d
cifar100,15045,cifar100-train-15045,14,reserved_not_accessed,train,020112425e969609b27a9057555e1db0bbf2b555f20c108dc59334fc52d188a7
cifar100,15053,cifar100-train-15053,5,reserved_not_accessed,train,0bc8a025859d5398c3fb5db8b341e61176c6f7365974ada710a9e4e03166457d
cifar100,15078,cifar100-train-15078,40,reserved_not_accessed,train,01b8f35f561de08086fcb1e347719fe4bd7b0ed2a61a2e0cdfe94e47dd52d068
cifar100,15101,cifar100-train-15101,14,reserved_not_accessed,train,02fa97318728b1dbe6759880cd4e71cdf6fe331b5c66f83933de706d4433d1b5
cifar100,15141,cifar100-train-15141,82,reserved_not_accessed,train,0659778489bba490e909ff564dcfd5306754ff02173665102d838a039512c9e7
cifar100,15151,cifar100-train-15151,38,reserved_not_accessed,train,07c50d3c896d98d1c879083f55d194d90f45ec102464b508c938f92e21661b7f
cifar100,15155,cifar100-train-15155,25,reserved_not_accessed,train,00efd2b938912acf227510f44f298040f58165754864b02211fd6065b29cc7ad
cifar100,15240,cifar100-train-15240,53,reserved_not_accessed,train,017d309e35a871e28e5d3553458ed8a766f9540eb3a2e22588f6cfe2947011b3
cifar100,1525,cifar100-train-1525,38,reserved_not_accessed,train,063ac018ed0b745c4d0c3a2c88a10e9561ff9e6a3df4517c0499d78f738a94e6
cifar100,15253,cifar100-train-15253,73,reserved_not_accessed,train,03fabda9d947db63c913240ca6611d41f3b94064ea31c1d8e606d642e47d9efb
cifar100,15259,cifar100-train-15259,61,reserved_not_accessed,train,0723e8e32441fd7d853ed7a6e640201efb9af453030d157d64952bfe32c35877
cifar100,15323,cifar100-train-15323,58,reserved_not_accessed,train,050e6289d018254c377263a130134f4529d65e4f54c79aa0f4d8d538a0d4392d
cifar100,15375,cifar100-train-15375,76,reserved_not_accessed,train,032205c817d6c7f1c811286b887aea8a236529d5ad005f4ab3a3735763085476
cifar100,15386,cifar100-train-15386,23,reserved_not_accessed,train,0628b8545f85b549da6fa90e8ef6f36b24cee6c47fd16460c8ace2334a8d596e
cifar100,15404,cifar100-train-15404,75,reserved_not_accessed,train,02a4545553b0e7c4d27151d9f9063d7ae0d790fd8557eadab5d08e606b69e78b
cifar100,15408,cifar100-train-15408,50,reserved_not_accessed,train,0add47d3387e9269a18643fe82293d151caaf0f7078dccd89897f5816f4928b3
cifar100,15443,cifar100-train-15443,14,reserved_not_accessed,train,07a479775d6ad55178930e20fe4c8622ff6cd44b2f6ef8784737f56716a6d2e9
cifar100,15472,cifar100-train-15472,6,reserved_not_accessed,train,04cada02e87df2b1c8f58e84c683993fede51af1746ef1c316f92cced6dbc1b5
cifar100,15474,cifar100-train-15474,62,reserved_not_accessed,train,03a30072cf3dac51e314dd2218ccf108046277293babe0720d722c81bfb32ae9
cifar100,15609,cifar100-train-15609,54,reserved_not_accessed,train,09c62a4a3a8d2dcdef0cca8deb265ea5805e0ec7caba331d199818cb966f86d9
cifar100,1561,cifar100-train-1561,92,reserved_not_accessed,train,046c9b5577c20df0e91ebf3c904931d9f4e1b356cfd61406a10e0c8ff0d9ae3b
cifar100,15612,cifar100-train-15612,96,reserved_not_accessed,train,09c4fc1529dcded5538a1e400f3d37c23ac4d8db5cbc3c0f4e4d43d0e2c80333
cifar100,15616,cifar100-train-15616,75,reserved_not_accessed,train,06856335bcac434804e355a4100bcccc8e8b393d173544a3dc2c402e415b232e
cifar100,15629,cifar100-train-15629,23,reserved_not_accessed,train,05f365623182a7786084a082dd3e728761f6a35d821bf3bf08d3e2569c52d456
cifar100,15639,cifar100-train-15639,83,reserved_not_accessed,train,07afc5dcdd80af2b10eb620a7713e297b4920e2dae2321954e8b9aafad02822e
cifar100,15649,cifar100-train-15649,56,reserved_not_accessed,train,01aa2efdbcb4352b89b1db4eba77686ce39cb81d22ce841c7eb67f78b4b5ec02
cifar100,15650,cifar100-train-15650,72,reserved_not_accessed,train,0add8fec185161c1af696e3bbe6426dc451fdfb91cb17aa13a5bba20092dba15
cifar100,15673,cifar100-train-15673,54,reserved_not_accessed,train,07d95b6e0736f9d2559240dd66af042b077bab6bb8e86f28f55997b51d13e361
cifar100,1570,cifar100-train-1570,43,reserved_not_accessed,train,096b63368b9b47d2c5d1bf8b86e6f2203889812af6dd2579f2e627502cd38fe8
cifar100,15735,cifar100-train-15735,19,reserved_not_accessed,train,0502224fb565c7293a02df41984bbbb0291f1ba8341a94a2affe4920f12224f9
cifar100,15748,cifar100-train-15748,7,reserved_not_accessed,train,04e5d33068265a07b8e44d8cf597ae215c229cc665c94111f4b7fcba0b25d09d
cifar100,15774,cifar100-train-15774,56,reserved_not_accessed,train,06011eabc22e5cabd3f7d9ce2ab186b34f2e3174ad8d1a81ac47c92fb1e30556
cifar100,15786,cifar100-train-15786,9,reserved_not_accessed,train,0c3ab28fbd5fd5e8f92b182c0ca6365801f9f1cf97e6f3011d0232d0afd56b84
cifar100,15794,cifar100-train-15794,31,reserved_not_accessed,train,03a87a5a935477bc758746c423bd2eace85f0d4419f86e4d3020e53990b58586
cifar100,15816,cifar100-train-15816,72,reserved_not_accessed,train,03cbb76d648f4ad6f7d95c02d4a240c06a61c76945646a00a46e1985fad34b5e
cifar100,15818,cifar100-train-15818,66,reserved_not_accessed,train,0558c8b13d1756bd971479b21f4bb1cd6d3f7a6caac09a3af97d43a6b3b90497
cifar100,15849,cifar100-train-15849,96,reserved_not_accessed,train,0ae388e949b1f64ea3cab3108f35b7c1c24a0e43eb65530c5dd6f2825979fa65
cifar100,15882,cifar100-train-15882,87,reserved_not_accessed,train,02a14aa2fed9512faec9a416c13e451d9ad7e677ee9b95c471007a1482bb7c8d
cifar100,1589,cifar100-train-1589,75,reserved_not_accessed,train,020b76695f9d0988e6d1120de5581fec0d464683dc393bca72aeff0d0014bec8
cifar100,1590,cifar100-train-1590,23,reserved_not_accessed,train,01a093ae0f471e01611f511bf567686adb7753de65efb488b1d40c894dbb8ba2
cifar100,16003,cifar100-train-16003,65,reserved_not_accessed,train,03d68f45267b4da8c4a55d7733b8b29e93eb0887a9ae73ac3dd91aeecdfb28f2
cifar100,16042,cifar100-train-16042,11,reserved_not_accessed,train,0280f171bacd450cec73b2510d5ceb2ed4d67b8b2e006dc4be8967a86e471d64
cifar100,1611,cifar100-train-1611,44,reserved_not_accessed,train,03ea306459a9b49ca3c23d5615c3dcc0893d3b285fe3c97751197b3ed7187f84
cifar100,16120,cifar100-train-16120,61,reserved_not_accessed,train,02debcca666f540db292246575a484d2a5c99f447f9c67e4e1203b70cfe00fd4
cifar100,16123,cifar100-train-16123,44,reserved_not_accessed,train,0286b16c6310f3bd9c69ddc29adcc95bd6389c0bb8f420cb9d08333d64fadbfd
cifar100,16135,cifar100-train-16135,22,reserved_not_accessed,train,091c2230791b257fbd8d25c4203e099fd83c4d300a7d7facad5f26352e8d10c9
cifar100,16141,cifar100-train-16141,53,reserved_not_accessed,train,031deb1e3e386feb59875ab9b11df5dbd18378d72ed583cdbb3305582ad926a2
cifar100,16149,cifar100-train-16149,74,reserved_not_accessed,train,0619419dd1344bb1ee1c533717c67da0151904a6ec74ccb9d4282f5fe1120052
cifar100,16187,cifar100-train-16187,2,reserved_not_accessed,train,0f691aa7b65eee89fdbf84f0e00de8f3389502026c5808c5c4c003efb810d41e
cifar100,16196,cifar100-train-16196,31,reserved_not_accessed,train,04fd6bad459c3028f3b46a2905e4477c980dbed5528bb13ff4c245689a90a863
cifar100,16204,cifar100-train-16204,32,reserved_not_accessed,train,03ebb1b72ff82fd69cd25b2d522d2f93fb3aa77f4149c4122d6523b6aa67ddba
cifar100,16254,cifar100-train-16254,45,reserved_not_accessed,train,0a4b01b460f7d9106b368de9e1d823e632504cf08dea21a8a2d8d428316fbbda
cifar100,16290,cifar100-train-16290,14,reserved_not_accessed,train,06ceeedfcae276db0b694a118cfb8943f3782a34baad944bac8da364126c290c
cifar100,16313,cifar100-train-16313,29,reserved_not_accessed,train,0d94307944a4d864e139d1320e9e76d04f754f697d952ed7614b2938b02ea505
cifar100,16346,cifar100-train-16346,67,reserved_not_accessed,train,047c26e12cb2a1ff83e83fbfa175a5ccbe33d4acf2e0a7ca07e7c1da50f24123
cifar100,16379,cifar100-train-16379,70,reserved_not_accessed,train,0ad82a9c6a4ac44dc1d130981ac9f3e5764fd3532d1be9721af2d3e812b725ef
cifar100,16413,cifar100-train-16413,91,reserved_not_accessed,train,09c04d881667062bfe9fe6117e7212224eb7cf73f045b255e6a3ef22d43148b6
cifar100,16431,cifar100-train-16431,99,reserved_not_accessed,train,0221c8a5759e47cb32cfe7a1be47ef9a271b6bd98bf3092eb56bffb080ff53f9
cifar100,16439,cifar100-train-16439,89,reserved_not_accessed,train,0391ba385c06037f055c0eceb60da71bd051506abecf9f1db3375a8b2fe53610
cifar100,16456,cifar100-train-16456,6,reserved_not_accessed,train,058ffdb8bd7d9e7d57fac98a2fc2d8186e12ef96062557045817ca9b1286c7fe
cifar100,16467,cifar100-train-16467,82,reserved_not_accessed,train,0a5749e64442bb7b44a0c82aa1c9412ac945b0ae7b70ec06a80e47e26f924392
cifar100,16490,cifar100-train-16490,3,reserved_not_accessed,train,029d93ea5d01f6c9344eea74368d95fef34196f996307c0b400680c20cb17944
cifar100,16491,cifar100-train-16491,32,reserved_not_accessed,train,053484e0a52bf38aab0b2bf2ac99715e351afca6f592230ac8dca5b09c109d5a
cifar100,16504,cifar100-train-16504,1,reserved_not_accessed,train,099b6a41e0d7cd0235da660cfce047e277fb91c524f98b96afc3839776d92999
cifar100,16527,cifar100-train-16527,18,reserved_not_accessed,train,106cbf0fa195f9eced6708b450e6782feb43216a4164be06b7acb29b23a11950
cifar100,16548,cifar100-train-16548,96,reserved_not_accessed,train,055f6eaf6ef953f4b27a73466a950cb3790edead002675bb67d6dae00890a76f
cifar100,16564,cifar100-train-16564,99,reserved_not_accessed,train,0197f070b813c90ef8fc2b483ece288e98ac1b780d3494e07e90fe62f459232e
cifar100,16640,cifar100-train-16640,85,reserved_not_accessed,train,0b0b10215da8271d2bbdeb196b052d3c6bfcfbc468f7fc4c64dddb3d3c3056ee
cifar100,16641,cifar100-train-16641,93,reserved_not_accessed,train,0713e7b9007cfa42e2b7f2f41b94043581e6545fa8912f3d5815dfd3a88c59f0
cifar100,16657,cifar100-train-16657,58,reserved_not_accessed,train,0ab00ab5776ae7bc416b4c22efc7afc948f413127800ebcaea55f378e19d8f5b
cifar100,16679,cifar100-train-16679,65,reserved_not_accessed,train,06a43cc8cf7c53c783dd5b752c77b04a5a589c9b0bae46b319f89402dc4b4d93
cifar100,16704,cifar100-train-16704,16,reserved_not_accessed,train,05603d3be8cf3e0ec2c14db4e4f02589372106f6887a0c7508cb74789fdd0036
cifar100,16722,cifar100-train-16722,15,reserved_not_accessed,train,094835fbf4199a5000ac471ef04d22d5546d5330d2c9e0d2bc3eb8a70b5a8720
cifar100,16723,cifar100-train-16723,35,reserved_not_accessed,train,0c54f71368f7b7dd4066dcad58105cbc9504bc3fb2dbf0121e3abc26604fad9b
cifar100,16762,cifar100-train-16762,68,reserved_not_accessed,train,00486c1ea6af72d807e69bd19388ca0212377c7737cd492137e8a4c1798e2697
cifar100,16788,cifar100-train-16788,50,reserved_not_accessed,train,0a0f816b3b100cd74cfa386f561c2442952840620d5023d5790eac00879eb6de
cifar100,16800,cifar100-train-16800,8,reserved_not_accessed,train,03db8fa2983753f2143a8c98749a83d17a859854b26d9cdcc1905ee73061deb9
cifar100,16804,cifar100-train-16804,84,reserved_not_accessed,train,02dc700a7d633868df52a23ede895edb9a2d5e0eb76b8bbd4cfc1b5c20b24a6b
cifar100,16812,cifar100-train-16812,68,reserved_not_accessed,train,06184de872c64b1158cd7e9ee1a92d737a72e950048dc972cde8c3347fe40e5d
cifar100,16813,cifar100-train-16813,94,reserved_not_accessed,train,04db941724fe83e45763bd0f3da6cee1f6b963a2fe5c0314a44b0eaf94ce4cb1
cifar100,16829,cifar100-train-16829,12,reserved_not_accessed,train,05ce4322b2acfc531ee58130a1962d2fb57bff80d6f942fb78c6cb493c692970
cifar100,16845,cifar100-train-16845,78,reserved_not_accessed,train,0259a48e44b5db857e4f2b60046aa2da49793c3853c10ef7726ae40982706de6
cifar100,16853,cifar100-train-16853,14,reserved_not_accessed,train,03e6819181e9758704ce1c8a73289887b862f95679b7b8cb2e278e337bf39ff9
cifar100,16866,cifar100-train-16866,38,reserved_not_accessed,train,07ad9455968db4a30f0f07161613bae9c51f65de432b7cb58d25c088384a2aa2
cifar100,16877,cifar100-train-16877,81,reserved_not_accessed,train,02a2798b8e7cf1a360e8f56bf2cee4a701c7032e58798cec6f791e5d3a999296
cifar100,16928,cifar100-train-16928,78,reserved_not_accessed,train,04a0edb25f91805b6fceaebf4ecfac6c9dd806374531c7828076acdd4fe5b85d
cifar100,16958,cifar100-train-16958,69,reserved_not_accessed,train,07d27fe15ea135cee13d8f8b9debe5a7ed964e7b7500abb65b0e8f7d02156018
cifar100,1698,cifar100-train-1698,50,reserved_not_accessed,train,080af7043712a6029947b7f6157030ce820a9dbac72f8e7e063b82d055be4e37
cifar100,16998,cifar100-train-16998,3,reserved_not_accessed,train,03265e9e8c985da1b287253edf6b167a89dfb5ef92adde8b8c3cc8ca2cb90a48
cifar100,1702,cifar100-train-1702,21,reserved_not_accessed,train,07cc2e46f4540f763cae25546896ebf68a6ca6f1f02ea4b88d6aa24e03f01372
cifar100,17094,cifar100-train-17094,51,reserved_not_accessed,train,04019a9f6511f1581e0b3fd0ce44c7bd05b7a4cc22267dbbd62dc0f95599e0ec
cifar100,17113,cifar100-train-17113,92,reserved_not_accessed,train,057fdbdf377dc92207ec576991965f7cbee276462c39cd9cadc43316b19aaa58
cifar100,17146,cifar100-train-17146,18,reserved_not_accessed,train,0de3bd82909176cbd29bc3d93f4ff5a9b84ce7a8ecd7a045c7596b46d53fa82f
cifar100,17193,cifar100-train-17193,83,reserved_not_accessed,train,06ca57164f96573e9a2711a12f98afd71c5f2f64236cf02ed5906efc083dec2d
cifar100,17194,cifar100-train-17194,36,reserved_not_accessed,train,084791556427f5bb31e83603c7796f8b01f52fb0784b4f544ddd639dcf778710
cifar100,17246,cifar100-train-17246,71,reserved_not_accessed,train,0b60b3f7eb340f753f47dd90dfd3d0041c841ce8772a6192a5dfe1a3c28b06f6
cifar100,17297,cifar100-train-17297,15,reserved_not_accessed,train,04ad1f7db2b571ef722c633211b2cc2e5ed10d0d296ec0d4d81c083bdeda753b
cifar100,17308,cifar100-train-17308,58,reserved_not_accessed,train,02e886eb2d3a3f60f33965b41c5059cf9e2e633d9c6e5b501d230a9b88d8208f
cifar100,17309,cifar100-train-17309,91,reserved_not_accessed,train,015ed71641ecc9f4bdc0ab5084067d6573ca1aac4972a9c4f5e629e006b82a1a
cifar100,1731,cifar100-train-1731,70,reserved_not_accessed,train,00c59e5fc24649c2888eaeaae83bea31e45ed38a2a5618630cfc5819e9d6138e
cifar100,17341,cifar100-train-17341,55,reserved_not_accessed,train,0436f0cc3dd52c965ebda2002c9eb58dfb03d5f916a6c473117c864de6b9e67d
cifar100,17344,cifar100-train-17344,10,reserved_not_accessed,train,015172679bf08812b4463e44e2b11ea249fc49908a0feacbb8aae8f043d8f79d
cifar100,1739,cifar100-train-1739,52,reserved_not_accessed,train,027adbd9eb29618db7cc78d010fd1a3de6a4aafdc888d50d12bdae605fd6acb2
cifar100,17395,cifar100-train-17395,45,reserved_not_accessed,train,0750ec6042ba76badb291a43197dbca8aa35539b013b40d1c3cadecd6274f43b
cifar100,17431,cifar100-train-17431,3,reserved_not_accessed,train,056e764e9b85874c8132adad1d5f65270a7f9b758ebb71d46c7e5590c5658271
cifar100,17447,cifar100-train-17447,69,reserved_not_accessed,train,095d927573a6343a2d4afe844740692eec7b63c35d0dd5fa6c396a6bacf36bbf
cifar100,17478,cifar100-train-17478,53,reserved_not_accessed,train,00b8b2bb6bc1d9f97f359daf177547ef829e0ed36117ecac98553240bb02f46f
cifar100,17479,cifar100-train-17479,94,reserved_not_accessed,train,047c1aca1e4f8f27f8119bd0a70e5af0fde751b6e41e37d7a3836296eb82ae2d
cifar100,17516,cifar100-train-17516,36,reserved_not_accessed,train,0558dd2b736dd35d8b54fb35355f4dae44ec93599eb512a9d67621366c6ad62c
cifar100,17579,cifar100-train-17579,17,reserved_not_accessed,train,044df6f2c2f4c681ce09df6ac46ec9014398b03a26415753f4d11f8a86882cd4
cifar100,17594,cifar100-train-17594,94,reserved_not_accessed,train,0b86916f2bb5c5073e55bd8abd6db3ee3df54de2904f25529ac25d0538b229b8
cifar100,17607,cifar100-train-17607,7,reserved_not_accessed,train,0aea2630e9192a065bf088b78a08fc343908d3813d66c7d1ea1649de2e17b2bc
cifar100,17616,cifar100-train-17616,87,reserved_not_accessed,train,05458d78bb9c2c66fc6d2298297705040e5ccbbac838e0376c55245a7f84b6e7
cifar100,1763,cifar100-train-1763,26,reserved_not_accessed,train,06de66efbdba33f13890680e5ddc37d98338a2228b71de48c8e1268d29e187c0
cifar100,17632,cifar100-train-17632,34,reserved_not_accessed,train,05c316457f97b738e87c4c8d7bdffaea14a568a541df5218bc2d24740a5600ea
cifar100,17642,cifar100-train-17642,78,reserved_not_accessed,train,0cd3c6211e48fbfd7e63cc1c1395bb29321f1f0bc38a5769f7a9a5eea5e42f90
cifar100,17653,cifar100-train-17653,12,reserved_not_accessed,train,0808c0bff3370aa6b8d855177f071537153eb346bb95ffad84573ee5cdda744d
cifar100,17666,cifar100-train-17666,57,reserved_not_accessed,train,052a7a3bc12c2dbbe0d868f587f76c06438766337f879192b1a3d4d621131943
cifar100,17681,cifar100-train-17681,65,reserved_not_accessed,train,07a4497beba616bbda3c17208f7f40416035968208f0291d1d13e4d52e1f44d1
cifar100,17726,cifar100-train-17726,26,reserved_not_accessed,train,0b60238f68e879535ec95fd84f0377074444d720697e04c04f32f6f10a5a0e68
cifar100,17734,cifar100-train-17734,57,reserved_not_accessed,train,03ecfebbd1b88491925f887597ed66df7f89964678c6abfbb003a0bec6bc0a8a
cifar100,1775,cifar100-train-1775,84,reserved_not_accessed,train,012553decc5df2040615a841cb9a7c8c4805523892bdd58e77439ae875127ffb
cifar100,17766,cifar100-train-17766,63,reserved_not_accessed,train,03d1a21ada5df9723cc37b6bee93617e8262f02561c3ab3de4c90fed835887f3
cifar100,17787,cifar100-train-17787,21,reserved_not_accessed,train,094f4b029d6c250a10435ced76a8ce1930302950bf3d2a046287bb67aee84cd7
cifar100,17826,cifar100-train-17826,92,reserved_not_accessed,train,0997943ea216aab2ba0246216c1e96737ce5437b7a6591b883fa1600de6258d9
cifar100,17832,cifar100-train-17832,7,reserved_not_accessed,train,0750a753f691ad403f067cc0d97f1705b36ee50ad52bcae1ca14d92c1ea93cee
cifar100,17835,cifar100-train-17835,10,reserved_not_accessed,train,00a6e6aefe027252254f93f54737761bead6d03435e9484ba1523e07018ab9c6
cifar100,17861,cifar100-train-17861,57,reserved_not_accessed,train,0735c5cf7a1434cd6c843e4f83b36120a359b6c74fb7a829b3a9ee546603830c
cifar100,17874,cifar100-train-17874,54,reserved_not_accessed,train,04855916946b22a8a9213229520492d6653f625055cf4a73192c551057a6bbd2
cifar100,17887,cifar100-train-17887,83,reserved_not_accessed,train,06a7ae634a194c94a0696bff3d599a118746710a98ad270f219bc2e8f89fb4ca
cifar100,17925,cifar100-train-17925,50,reserved_not_accessed,train,060f91a8760d658ca3a52635463862e09031194b935e6135ab3057e765b252d6
cifar100,17946,cifar100-train-17946,32,reserved_not_accessed,train,09ec61640f40c2d166011ca2a6431a0c3bda0cbb7b56e6e0182ef2763bdde416
cifar100,17981,cifar100-train-17981,9,reserved_not_accessed,train,0be1b55d2530e31bf32b35fb6a2077d6b6a6092809b365aaed5de2a3f9770839
cifar100,1800,cifar100-train-1800,93,reserved_not_accessed,train,03c764112b11bade672032bbf5b4df5dbbf701e7cfc4d7e39f5fb27bc629fd9c
cifar100,18007,cifar100-train-18007,51,reserved_not_accessed,train,00ff3e9972046007cf5ab3911ccadfcc017800df42e7c898844644734451713b
cifar100,18010,cifar100-train-18010,12,reserved_not_accessed,train,00f21db52b44dfa8929d43c81ccfda2e9437688c5fde344a34fee7affddc3fd3
cifar100,18021,cifar100-train-18021,80,reserved_not_accessed,train,0613db3b0aa98d8395d9ddce8974238c0978ec03bab97406e6c931e3dd2147c2
cifar100,18048,cifar100-train-18048,70,reserved_not_accessed,train,02ccd675244bbc4f503ad405b7b758a9c8aa04576c308d6eb87e98ec05f041ed
cifar100,18120,cifar100-train-18120,19,reserved_not_accessed,train,0135635850f4c91bc22e9cdfffd0ab5587c406e450ea75a958c0707e9944a20f
cifar100,18123,cifar100-train-18123,33,reserved_not_accessed,train,0a520023afe215c20e9ef54b0f64708800ccf687bde235aeebd14514f51d9d8a
cifar100,18144,cifar100-train-18144,55,reserved_not_accessed,train,0504d3af2f389b91b0b863000b0e40fe0630ebc8e29bc260ad9dd45f4c8beb68
cifar100,18147,cifar100-train-18147,39,reserved_not_accessed,train,06a8da835fa737cdec7b2aa1fbfba748b7c9e6f05a9ddc0b8a10cd91616fc75f
cifar100,18179,cifar100-train-18179,59,reserved_not_accessed,train,05316e6a1ce736690f65858164ba1f617c59345890ed03d8e6a2cc6e7b3497e8
cifar100,18193,cifar100-train-18193,59,reserved_not_accessed,train,01328738b52e21e804101a1152bef1adbfb43de161df2740f723cf40dcf33dfa
cifar100,18209,cifar100-train-18209,75,reserved_not_accessed,train,0b806b106e2a45e94383f63eb81ad9e9ff70517551009596fb832b6a2d96210b
cifar100,18241,cifar100-train-18241,63,reserved_not_accessed,train,0c307c3eef2b9c91d1cf561d408ca18573dc4a90d457a7e403bba019838db1b9
cifar100,18267,cifar100-train-18267,43,reserved_not_accessed,train,0aea8dddd6feeb62482e4bceaa79569bfac1d535b14034fbdd75ca8411777c0f
cifar100,18268,cifar100-train-18268,93,reserved_not_accessed,train,0a7fc1fce7ee3a7e2ac764b7ef50f2d2ac84b08d5f0874d23fcc603e5f10b2a2
cifar100,18272,cifar100-train-18272,46,reserved_not_accessed,train,03e14778aa1b87a988a04b7a33846ea091a1f78e54749359fdfffb73632b2dce
cifar100,18335,cifar100-train-18335,47,reserved_not_accessed,train,0168fd4da52298cd5a696fc9dc483ead327792a3aac8f1427c0627bee3f02f08
cifar100,18340,cifar100-train-18340,61,reserved_not_accessed,train,03bb70bff32cbeed1eb079d691f1cf2c9228d2fc8a657601a326216aad30415c
cifar100,18342,cifar100-train-18342,69,reserved_not_accessed,train,05f988402d545ed4034e0414d5d62bf411ddff8fa81359a91bd5a76d97a84258
cifar100,1838,cifar100-train-1838,95,reserved_not_accessed,train,02855d3b8a2238d0a9a2f6990138779e66b808514e2d82262025f45c72886dba
cifar100,18381,cifar100-train-18381,68,reserved_not_accessed,train,04790f3478af16c1db14727d650f95d6eb19bcc1acc469888a3f7dd6a25b7c01
cifar100,184,cifar100-train-184,79,reserved_not_accessed,train,05a7b75fd3ca009fdd42d2abeb17b7138319943c730fa4c417a249a874e8479e
cifar100,18428,cifar100-train-18428,88,reserved_not_accessed,train,06c7e52d1033182a4ba3ffee6e29a86b52ae4cbdab94f2357ea2ce5cc59a06f1
cifar100,18520,cifar100-train-18520,17,reserved_not_accessed,train,0082334b943a97df3fb48cd2318e506fe03eca4747cccf26069b41a868ff0065
cifar100,18532,cifar100-train-18532,98,reserved_not_accessed,train,06d32bef340c738d796d70e9284a89f66e8c79344af14a1f55bda2cb06b686a7
cifar100,18597,cifar100-train-18597,6,reserved_not_accessed,train,04156a19a84fa8fc542b4929045e09709c702fed5751b8131bad1724e0821441
cifar100,18604,cifar100-train-18604,41,reserved_not_accessed,train,07d2d9846830a051746ebf31f1af0ace98655f90eb088cd1a2485e500e9177ba
cifar100,18622,cifar100-train-18622,97,reserved_not_accessed,train,02e810d7beb5a268ebdd71ad475feaf5427f533d1104e38049cf1dbadf7e82a1
cifar100,18659,cifar100-train-18659,7,reserved_not_accessed,train,0232138eab730d31beabffb9fc6ebe71d14fee3d7cc578f160b2a48ec8168136
cifar100,18660,cifar100-train-18660,19,reserved_not_accessed,train,0741d99dd19a4ccf182012074a24c055de504f98b8eff453797673b196ed90e0
cifar100,18664,cifar100-train-18664,8,reserved_not_accessed,train,010d09ed3937585a97bbbbdd018d0871f8a821f36b6a09c2aa7f0d930215947e
cifar100,18673,cifar100-train-18673,38,reserved_not_accessed,train,06c1e749508dc78e5549f93f7cd00751c3ca3f0be74fbe706252f097d945f971
cifar100,18686,cifar100-train-18686,19,reserved_not_accessed,train,0663610001e33a893766f3b502b851822391cf0dc240dd4f1c208300e0edcf5a
cifar100,18687,cifar100-train-18687,51,reserved_not_accessed,train,0718a95f7afda5320f410544e64f2049d5a2da547f54fae601624dfdf85825d3
cifar100,18693,cifar100-train-18693,62,reserved_not_accessed,train,04c3a7bf3f5aac4f791a34d40819a692beb8ec828292700634dfa2b74d1ba81d
cifar100,18719,cifar100-train-18719,60,reserved_not_accessed,train,0764e04fb7ceae2edee35bd19200be80f23af2f5630d44a859a16bb9733f5ab0
cifar100,18723,cifar100-train-18723,20,reserved_not_accessed,train,0aa07f35c7924a2b4b14467ccf58a008ab69c434176badbce8e3e026c4ee5e5e
cifar100,18739,cifar100-train-18739,2,reserved_not_accessed,train,119ec5312308b6cd1d6c693b97685bc2352697c49b59cc3b483321c0f84a24c8
cifar100,18775,cifar100-train-18775,60,reserved_not_accessed,train,05287cc220316bff469d41ed55ef07d2188f35a539b4042f6d09de6fe09cd92e
cifar100,18783,cifar100-train-18783,76,reserved_not_accessed,train,0501e84beb76ad7ff56d43e7a808b37364b6ab6f2a90e81a5dc26e9a1990997e
cifar100,18792,cifar100-train-18792,42,reserved_not_accessed,train,00d0ffae8702f6c0bd0d6fb40796f1cb73fea561a4bbe77bbf0e3401d812a390
cifar100,18794,cifar100-train-18794,8,reserved_not_accessed,train,0cbf90e7d29c30c59a1221936c10078e01edb977b7db9b159f0a523219ef020b
cifar100,18811,cifar100-train-18811,99,reserved_not_accessed,train,0629c3230056709440620ea094cea837a337af3923935b2874fb9230b919dc74
cifar100,18818,cifar100-train-18818,45,reserved_not_accessed,train,02fc26a45ae924cd4189c5d3aa3f52e7e4ff92524db1715e41efb16cbdb90db1
cifar100,18831,cifar100-train-18831,8,reserved_not_accessed,train,0ac89aefbd5961156e85d34813a7526839d6acc3b2c34184c15e19babfecd115
cifar100,18854,cifar100-train-18854,26,reserved_not_accessed,train,05a8f3dd18b5cf1cd91b262fe819703769ecf6f8f2f6f490e57cc710d6f956ed
cifar100,18874,cifar100-train-18874,83,reserved_not_accessed,train,0959d5b9e69582afb84d08855fb8b9e303df99dc8450b5cdb0f614cfeccd44d9
cifar100,18922,cifar100-train-18922,82,reserved_not_accessed,train,0b3b357cb49dd631eb7c41c6d2779ec06a5b2f9479eaa7e050ebe9350367047a
cifar100,18930,cifar100-train-18930,28,reserved_not_accessed,train,02d9d1aef762eb0d491483b1e1b11d0016c497bc4fe20794c8bfda0bf92e6fc3
cifar100,18931,cifar100-train-18931,2,reserved_not_accessed,train,08a2df008028312e10b7bc5ff1c3e48ebf95b17b50b2b3f101a70262c8ff31b9
cifar100,18944,cifar100-train-18944,60,reserved_not_accessed,train,08a6b1f0dfdaecae6192971b8760a32a5759062d40cfc06cb11c41623faa6412
cifar100,18947,cifar100-train-18947,68,reserved_not_accessed,train,028ab427a887f2e571fc4966b05aa023b84b91878847f4d21e27263c7fc85209
cifar100,18959,cifar100-train-18959,17,reserved_not_accessed,train,02ce7d28f569c609112c556ee637acc832be1b6844af0d833288c255e25216cc
cifar100,18981,cifar100-train-18981,67,reserved_not_accessed,train,03d16af81ded758cc09e04036ec3f22ab30ab34214d2cdce3457e9cb77b23d58
cifar100,1903,cifar100-train-1903,98,reserved_not_accessed,train,0118bcf8e9ed5c9b60e16a183bdd304401a326e9ea4db02f1d9442676f35b470
cifar100,19033,cifar100-train-19033,93,reserved_not_accessed,train,01c6055ec7ce5d3b9e858356a53d563974800e3b0a5be74a983ace0f78a2356c
cifar100,19053,cifar100-train-19053,86,reserved_not_accessed,train,06e7855b9d6e4b766a9ffff56a40467d566a3a8a25ffcbde64cc97292648048d
cifar100,19100,cifar100-train-19100,52,reserved_not_accessed,train,0866723a52f7998a5167c75329dfee0d3bb9b16de12555d75dee2e9e472aa1ce
cifar100,19105,cifar100-train-19105,71,reserved_not_accessed,train,0a4776af62b33f2323bb98eaf9ec41d5ddc3b9701e58804c652000f9cbe95568
cifar100,19172,cifar100-train-19172,27,reserved_not_accessed,train,04cfebf8c11e48e2581b5b1e86d74c81fee9a55a01f4179c486a295a2fa587af
cifar100,19179,cifar100-train-19179,60,reserved_not_accessed,train,0823df476bb6b710b314ba852fcc9d7df9ca0a228fbcbffcb39613e2ba05070a
cifar100,19185,cifar100-train-19185,98,reserved_not_accessed,train,0dc46ddfb631ee4b5a5faea91abc944d91d025a1bd76a66eb594f68081483a7d
cifar100,1926,cifar100-train-1926,25,reserved_not_accessed,train,019ca12b47fc6ecf89ba394da46863fe331b2e1dc99e8394fc9fd8f20243f8df
cifar100,19307,cifar100-train-19307,44,reserved_not_accessed,train,02e2aba19844015ca1d881e490586bf9863cb85348bdecdca3720a7af0d3c9f4
cifar100,19312,cifar100-train-19312,49,reserved_not_accessed,train,0984e32d15426e8dd28b1d2aaca124ef3bebdc1d4c1907745938d589a36fc638
cifar100,1932,cifar100-train-1932,40,reserved_not_accessed,train,08df4f352ce9035e32c610362f5b7a36de7f70f0c551e1e965e9a976a9302c72
cifar100,19325,cifar100-train-19325,1,reserved_not_accessed,train,04c098f10c7e2ca57ce312e3ed26b68ef3170f84eecb1d4e092130d2462d080a
cifar100,19331,cifar100-train-19331,33,reserved_not_accessed,train,056b8927283566af56b4706687942705a60584fea2aa27aa408dd01bc4f0ff92
cifar100,19336,cifar100-train-19336,48,reserved_not_accessed,train,035b10b1974b530085550742ac8da56f57084ef83c5fbb43ae3a6b52f0aa4c9a
cifar100,19343,cifar100-train-19343,48,reserved_not_accessed,train,07a1be2609ee082dda878a8c568d947782ee01980fad8d2cc463d79a7c75a366
cifar100,19367,cifar100-train-19367,91,reserved_not_accessed,train,021e34252c1b79cf3b6e5e66bf2f59df057e39d9822fef33b7da3adc87294df3
cifar100,19394,cifar100-train-19394,49,reserved_not_accessed,train,08931d9d06f83d223e3c0a47b0540875c188aa0156d007a09931f8e652841195
cifar100,19457,cifar100-train-19457,96,reserved_not_accessed,train,003900a596efe125e597a9fa855d3180949ecd9eb8ffaf0a6ff315a2daec62bc
cifar100,19470,cifar100-train-19470,10,reserved_not_accessed,train,068492dd655baf0ed28fc35edfeba8d0f124d7d7364b463d4ba035fe7f4d0b0c
cifar100,19479,cifar100-train-19479,14,reserved_not_accessed,train,001fb41f698bbecf8295fa0fb1e7b32986392c1b11091ca519c82dfd900b03f1
cifar100,19493,cifar100-train-19493,44,reserved_not_accessed,train,006f210048280c6672af4af2760cbbf0789e904a69fa60ff0c16535fd8493847
cifar100,19505,cifar100-train-19505,88,reserved_not_accessed,train,03a7688c9956afbe7df13366df7dcd9fef4aca7092e870eea8ac8dee9fe7b009
cifar100,19523,cifar100-train-19523,85,reserved_not_accessed,train,0802fcb3868e7e7d505bb83db5ee320b9ab1334064541c878a17f06a319a013f
cifar100,19537,cifar100-train-19537,13,reserved_not_accessed,train,075e4e6b2b38b9968c4f40408db58c3f9e14f68419ab3d312f75426e9325ee34
cifar100,19559,cifar100-train-19559,70,reserved_not_accessed,train,063295c7c5df48877b833d52988b3dab12abb1d7c407a4411c3b8e9fabd006c2
cifar100,19563,cifar100-train-19563,80,reserved_not_accessed,train,01d1f98cd721416864f59e04a30f4a095b7c9c6b9a5028820cb42dbf41fd3229
cifar100,1957,cifar100-train-1957,85,reserved_not_accessed,train,04c2cf27faf0ec18a04e47817270b2a6627565849e13ab6e64a4d1dd4390244c
cifar100,19600,cifar100-train-19600,9,reserved_not_accessed,train,0acb7258044f214c79a9e8a2c34144db0cc210665917614d1ca58af7e40eda0d
cifar100,19669,cifar100-train-19669,31,reserved_not_accessed,train,05d62c1ed3754b1741aa0ee8ec503dd7ba3576f0452a9d95d8277e339610f082
cifar100,1967,cifar100-train-1967,21,reserved_not_accessed,train,0a9f4d8b8247b93d26cffb3fd791be46fd0f09e3af434db1b831a1c83af7958a
cifar100,19698,cifar100-train-19698,77,reserved_not_accessed,train,00f1dbdb106fc291af1e8b26bcbdc4ade0cc8f8c06b05c9b7758d11a0e22009b
cifar100,19708,cifar100-train-19708,73,reserved_not_accessed,train,015d9693a84c99a5bc3f976bde663122d40a2af6fd4357a097b03b11edbf1b78
cifar100,1974,cifar100-train-1974,5,reserved_not_accessed,train,0174aa1a8491e4e106ecd89bd09739aff4abbbb565561237b5cca6d8657673b4
cifar100,1975,cifar100-train-1975,16,reserved_not_accessed,train,0153ea2650420dbd876ee4540bf452ab74533bf98e01c014b762ecc7c29c7fa4
cifar100,19764,cifar100-train-19764,36,reserved_not_accessed,train,0685c7e1fdeaf33d481ff9ea2cad74abb57ced74efba103b35afa7b3f9ebfa5a
cifar100,19784,cifar100-train-19784,17,reserved_not_accessed,train,015c250f27ee3c2cd4b9768ee5d01364a716342d9b3105c66fec8b20e83e8a18
cifar100,1985,cifar100-train-1985,17,reserved_not_accessed,train,04f53cc38d94a5bda0cbb4d1d4591697f8242bee716ff151e6911ebc73773761
cifar100,19858,cifar100-train-19858,27,reserved_not_accessed,train,049e12144614c740be4b9098d4cbe09741668536e3903a875ed722c261c72ecb
cifar100,19910,cifar100-train-19910,23,reserved_not_accessed,train,08c4560a53e67f8be7874fefb4915a56bf8a0c5ecfaabab9a43c77d8d3a61c6e
cifar100,19926,cifar100-train-19926,75,reserved_not_accessed,train,00f57fb8f9bf1213b8027b122097fab13955f168f9e14c04162c2afea3ced8d3
cifar100,19954,cifar100-train-19954,50,reserved_not_accessed,train,0afe154af205dba8ffdfd090a3424ad8663e79aa2d044addfb731898d0d7dc57
cifar100,19961,cifar100-train-19961,69,reserved_not_accessed,train,070e95fcaf6aa25ec6a10c5d1c48df727c510f435fce4e0e5a3c45ff6b41fd7c
cifar100,19990,cifar100-train-19990,32,reserved_not_accessed,train,0ac06c3e88db8e6ab6b085d40bdf3047d92ec51e957a6c1352bd63fc8fe56707
cifar100,2,cifar100-train-2,0,reserved_not_accessed,train,00f68a55451ea91e9e19ea416a2fb7d80ea20bb12f82341285df89767d02d61e
cifar100,20051,cifar100-train-20051,16,reserved_not_accessed,train,0216fee476a1f56eb54aba2d0d00155fe365721a986873bd1c82c83f5b5dfa31
cifar100,20059,cifar100-train-20059,97,reserved_not_accessed,train,02de4e914d7b1e81f329d3878c4d32dd6071f92126537546044ff1a5ff8b5237
cifar100,20076,cifar100-train-20076,96,reserved_not_accessed,train,064f278bd554c9dffccd5cb5dd8847a0f57f5896fb7da9d7fe9470d001790100
cifar100,2011,cifar100-train-2011,11,reserved_not_accessed,train,066295dfef638eb66a557371072bf83fccf83fbd5ea59e913304478d3fcab3c2
cifar100,20115,cifar100-train-20115,21,reserved_not_accessed,train,03ff58c336b012d4ad3509a5c3dcd457c6bcde6f6fe7e7b45a4de1af085e0183
cifar100,20194,cifar100-train-20194,42,reserved_not_accessed,train,0b4db28a68e7f0f56b18057beb0cf75b47165a67421aeb1dc55f03b5e2f24a5d
cifar100,20196,cifar100-train-20196,86,reserved_not_accessed,train,0c213eaa4a5aff49e3b9ffb491d8e6469e4c20eb00611f384fa29bc937973af4
cifar100,20283,cifar100-train-20283,17,reserved_not_accessed,train,029364c9a50c3986267c5a58c8a5ecef3e6c8825f8a0fdc2e3845886e0d8ba80
cifar100,20288,cifar100-train-20288,68,reserved_not_accessed,train,04316dbf10859dc2acec6d5ed1ba233f4be085c01ed6f3aab9f301eec5d27380
cifar100,20312,cifar100-train-20312,96,reserved_not_accessed,train,0c5f11b29f54817fd583d8157d8bd0f939d9d0500437125b9fa14870d686796f
cifar100,20315,cifar100-train-20315,88,reserved_not_accessed,train,0999e180f9a759322d5b24b7512ccc72e04e10e915611c45372a2664c98b8248
cifar100,2032,cifar100-train-2032,87,reserved_not_accessed,train,0377fa37f15dd82fe7d486f05d78050d88e5cc6221d7f4f1767c7df847d06466
cifar100,2045,cifar100-train-2045,80,reserved_not_accessed,train,0b1ee9c1d21e75a44de3ee9cf9d6632de5a748d25fff1b66f89d9ccf27709d3f
cifar100,20474,cifar100-train-20474,78,reserved_not_accessed,train,0a93ac8b10be0f1e10057c57485f3632cdd5c53dd1645a9ccb32d191be6a3b19
cifar100,20483,cifar100-train-20483,50,reserved_not_accessed,train,04bdb866adf37f301f91dc94b77e37a40113733543cec61454564f0f8554f045
cifar100,20503,cifar100-train-20503,31,reserved_not_accessed,train,0030492b0aa83c7f3e9f7a91338cc2edb203d055b15bea08f4ec62432bf8bce5
cifar100,2052,cifar100-train-2052,91,reserved_not_accessed,train,043a3c74bf4ddb7f29369ed34d1f81ddcec24697de78b8770cb2ef883337e5cc
cifar100,20538,cifar100-train-20538,74,reserved_not_accessed,train,046b19ed1bf1c1be8b0b344a86a7f9b9b9e89b4b5bc74885c585d7749a9d3cfd
cifar100,2056,cifar100-train-2056,96,reserved_not_accessed,train,08fa31fcd3f73fef153ccb459fc96ecfdf0fbe18a6ef25ab20f0a031eb4d0399
cifar100,20560,cifar100-train-20560,28,reserved_not_accessed,train,08c376e8ac9a37423e9a830c88943f6999cbc75924c933b362861f4f8c62d967
cifar100,20589,cifar100-train-20589,5,reserved_not_accessed,train,0280cfc58e4507fc3db073d7d5ca99841ed242139b9580c987005253daedd4ed
cifar100,20620,cifar100-train-20620,4,reserved_not_accessed,train,022950d9bcf99ade6b1db8ab59dd1c51392f00d2c3f5ae9ce2065c9b0e160de4
cifar100,20628,cifar100-train-20628,99,reserved_not_accessed,train,082df622506690957342f244e26929f68c03b6cb2a4553575e8e180f94b0af4f
cifar100,20629,cifar100-train-20629,40,reserved_not_accessed,train,0655347922a8c50db8f24b6fee3f566a4984c665953f4b9bd9265aa11b2b577e
cifar100,20638,cifar100-train-20638,43,reserved_not_accessed,train,08d21d155defd95392508b697f712d4a13bcf6b3808a76c48e815d2e9caccb2e
cifar100,2066,cifar100-train-2066,31,reserved_not_accessed,train,0b386f49265d00383f5602a4f2bbda49f8767ccb8e23d68fe7bde39752fa0305
cifar100,20716,cifar100-train-20716,50,reserved_not_accessed,train,012dc5ce7d14c48167ffa6bf38d8e57004ab267cbf972d12b8904fd819ec2604
cifar100,20717,cifar100-train-20717,9,reserved_not_accessed,train,078bfc41e0ca1bafa8bfac448d4b3a6bb434ddbf8e85bc09f5a62a3ba1aa36de
cifar100,20734,cifar100-train-20734,68,reserved_not_accessed,train,00772466e7c1e670a6770a698255138f99a4d1d6fe0ddf282935f6561c92a239
cifar100,20746,cifar100-train-20746,55,reserved_not_accessed,train,07102e8d8e4a004a7610db399f8d041e83ce560510a9e6bde66a0f847c362aad
cifar100,20752,cifar100-train-20752,60,reserved_not_accessed,train,006f610ebb7cfd8e212a7950813d7078027b83121cbc692e1cbf608bb7b58306
cifar100,20790,cifar100-train-20790,95,reserved_not_accessed,train,018bf6b6a7907838fd63a56155da1b01b655c8e10d2ac1d2e7051076be05b8ed
cifar100,20836,cifar100-train-20836,41,reserved_not_accessed,train,01b264ecb2fb2a3a20d5064a4d9ea24151a57db10d7e742f91177332c2fa914b
cifar100,20845,cifar100-train-20845,56,reserved_not_accessed,train,095c37e0cb0042f9be7c2820b71b6b2efcfd156b28b7b047fae21aa1f00d276b
cifar100,20868,cifar100-train-20868,17,reserved_not_accessed,train,01668385299e37c6bdf2c221ce77b6f1750b6c0d98252bad0cda6616e9bdd29e
cifar100,20872,cifar100-train-20872,14,reserved_not_accessed,train,0723ed9c5ddadc9ec46f5962969a46d514caf7fa8de6dc516e3d90efd2596c6f
cifar100,20892,cifar100-train-20892,34,reserved_not_accessed,train,08fa382761808777338cc4b5942525dccb47c5d52dbda84381b79d143ee0317b
cifar100,20935,cifar100-train-20935,91,reserved_not_accessed,train,05732d93492d50bb8a5b8cff7f2061375cca90472b183ebb95256c328fd170f9
cifar100,2095,cifar100-train-2095,62,reserved_not_accessed,train,00afd4bbc7a7a35bb243d1ae8370e2838c2b33b23ab62a99723f82cdfee133b8
cifar100,20967,cifar100-train-20967,81,reserved_not_accessed,train,09841bc21d8205e3a8af8529a5f830088050c7959cbebb3315bb1bd763c275f3
cifar100,20998,cifar100-train-20998,13,reserved_not_accessed,train,0830e72cc2b1d0508c674159259b03dea6c80e92fa832e951de84450dbf8b5c7
cifar100,21007,cifar100-train-21007,50,reserved_not_accessed,train,082293d9a5cf57a3aa2498835935222b81d0a5ca28e6d4532e9d3a177c9acc24
cifar100,21014,cifar100-train-21014,2,reserved_not_accessed,train,0ca95860a1ee51ff943e8845e3cc93911abd60c9bae2987a502184917e28a207
cifar100,21077,cifar100-train-21077,48,reserved_not_accessed,train,027f991b7859b22300eedcb03bd0e5e3112a20c74c06c3ab4374140aa22fc01f
cifar100,21079,cifar100-train-21079,45,reserved_not_accessed,train,0018d47dee73fc95132727ae252f5c18c50858ee939f794a371086c12868430d
cifar100,21089,cifar100-train-21089,13,reserved_not_accessed,train,0b0ccb6895f53fd6322c10cb6a20faab8f9e5e7c4b13f72e386fbd9a1e65729a
cifar100,21137,cifar100-train-21137,11,reserved_not_accessed,train,02cd612035da6cbc4ceb3bcf6ec4994c28eee7bbcd0b72cfb96e72a38fe3729c
cifar100,2120,cifar100-train-2120,24,reserved_not_accessed,train,0c88754123a1113e98d79b3e968366fb6b3bb9d5c418379e970d5f249314dd47
cifar100,21206,cifar100-train-21206,62,reserved_not_accessed,train,075678219044c0d266a07da59085d8c6b5a78399c2bbdaad4a454952d026d4d6
cifar100,2121,cifar100-train-2121,6,reserved_not_accessed,train,025cc140714e6cb601f2a4b02efabd5821b255d62e521096e6e019f0344e886d
cifar100,21222,cifar100-train-21222,73,reserved_not_accessed,train,04a278fb84a5cf1c740db40a9fb87c73b17d001265be4ed8938925345afc931d
cifar100,21263,cifar100-train-21263,90,reserved_not_accessed,train,0356446cade7172bdb992cc7274db14c2f13e16db733ee4f7403ff92c8d13ba3
cifar100,21267,cifar100-train-21267,84,reserved_not_accessed,train,030930ae0d6f4db4698aaf1b2901d188803db3893ad15cdb0e9b670e72e3f9eb
cifar100,21332,cifar100-train-21332,49,reserved_not_accessed,train,0643ea96323954e891c3d0154566cb99e5573d294312db8ccbdb0e43f5cc1fd6
cifar100,21333,cifar100-train-21333,22,reserved_not_accessed,train,0154468b531a77a85039eaea9b56d0aa250df5a7f1388c167fe39379d5eca3e0
cifar100,21366,cifar100-train-21366,65,reserved_not_accessed,train,078589785bfcd8efeedf00e44f488bea87cea61cd589dca5f7848d288e014213
cifar100,21382,cifar100-train-21382,59,reserved_not_accessed,train,0ced4197e3b6e87c76b19bda1000a96917c00fb1a007435d3305b142c620024d
cifar100,21400,cifar100-train-21400,62,reserved_not_accessed,train,05fd48b672d1b094a49f46eecb9c6f18ac9d4e81023615211e8dbd40bd019767
cifar100,21401,cifar100-train-21401,92,reserved_not_accessed,train,08b2504d96c02b006da7f99aa72fd1ecfefb607176b3d75517ca3c43f117487c
cifar100,21409,cifar100-train-21409,39,reserved_not_accessed,train,02d3e850d698dc2c7f476788ea47327d9876fdad1b0242522b51834e30331e37
cifar100,21420,cifar100-train-21420,41,reserved_not_accessed,train,09be83bad7fe143d83feb0ba9357df71574623fcc10a04f28ca57ec1a46e4db7
cifar100,21433,cifar100-train-21433,45,reserved_not_accessed,train,0331d2e652e6fdf670303574a27868ef0fde450bb0a4585dfeec746e53c6c84f
cifar100,21460,cifar100-train-21460,60,reserved_not_accessed,train,04a6a1158b48dbc79e5c3a48ab80e4e832d65e13f1d1085c30ec107e16831093
cifar100,21464,cifar100-train-21464,12,reserved_not_accessed,train,084d81af1fe687b1b568a155fb0e4877eba238c72cbfa408ebc9a1ce03b4814b
cifar100,2148,cifar100-train-2148,22,reserved_not_accessed,train,05ca93a7b3c0a21e11d5496ccb72b47b2321e185649e23b736e2e2db41859038
cifar100,21530,cifar100-train-21530,5,reserved_not_accessed,train,0a302565af0c4e945e2810123497462635947c1149b580bc70118354a15ff29f
cifar100,21580,cifar100-train-21580,12,reserved_not_accessed,train,09bbd05c84159c601d8d764ada82fc276bcfddcbe05a306dcba8e8dc0a9e43b1
cifar100,21586,cifar100-train-21586,46,reserved_not_accessed,train,03f3a3e58bb1dfe4a8f6a1c79fea3bea04c0f86c20224c352f71edebad26b993
cifar100,2161,cifar100-train-2161,7,reserved_not_accessed,train,09690844553ae7310e7f224ef1d0c29f791d0497308aa0c6c50d8761677fe46d
cifar100,21621,cifar100-train-21621,30,reserved_not_accessed,train,0ce44ed57ae731cf01c537612b15d1cb9fde33b3fa7fdb3e7122a890b62e6792
cifar100,2163,cifar100-train-2163,8,reserved_not_accessed,train,0178bb979f9b09111995e1d7624f540c5a1850072f1c15097ccafdd18073712a
cifar100,21635,cifar100-train-21635,77,reserved_not_accessed,train,04f898fe06a6ae1117f8aeee0410a5cc22458e01b8348f03fde88b02b812445c
cifar100,21651,cifar100-train-21651,96,reserved_not_accessed,train,09b7ef898cc5fa24f4f141d2a2948e4d3e14f06491fde044bc8aa33b118fd21f
cifar100,21656,cifar100-train-21656,89,reserved_not_accessed,train,0960673d5ef2165ca2e8dc7b38334cb9b0d9d3fa319ec1fa0426fcdbb83a8989
cifar100,217,cifar100-train-217,37,reserved_not_accessed,train,0040e70ada0126d71cd1824065dbe2e94ef19ae50307eaf8556a3866dd2f9102
cifar100,21730,cifar100-train-21730,48,reserved_not_accessed,train,0bcfdc2fdcf09750e02277d780d865baca0f834bc6ebc30c708f94b86f737f55
cifar100,2174,cifar100-train-2174,83,reserved_not_accessed,train,066b602a46fc1e49711107e23f50884c024d02a67191ab464d5c7cc47622a527
cifar100,21745,cifar100-train-21745,94,reserved_not_accessed,train,0c244b1b7f8992ace20d98211a7b469989700686e67e78ef1a79ec85a82f9314
cifar100,2175,cifar100-train-2175,65,reserved_not_accessed,train,091f55066ece26e9a3e36ba0f0ae07ea1ae33f89934d988e1928e46e83897f71
cifar100,21825,cifar100-train-21825,79,reserved_not_accessed,train,018160bde2204c0ec1d00852d85aeebbae47fc98b1efc4d0a51cee0408e3c54e
cifar100,21838,cifar100-train-21838,74,reserved_not_accessed,train,064025551d27c527b6773ec790f7a4584906cfe4996782aa053a249c95ef2264
cifar100,2186,cifar100-train-2186,17,reserved_not_accessed,train,00d08c7f926a737e7dde786f559a73e9009dbf2780fd22abd1dbf425d11323cf
cifar100,21869,cifar100-train-21869,31,reserved_not_accessed,train,09e817b39d6472a2b9aa32e91e13132b7e02c0f3b96804a6a18627b6b88e49a9
cifar100,21873,cifar100-train-21873,65,reserved_not_accessed,train,024c4afa3e0a31a6071b98695c5ef34d435fdb4df05dd9f1d220ef52cb900d64
cifar100,21880,cifar100-train-21880,30,reserved_not_accessed,train,13840ce88db4bfcd82d1a21105678f12eea344244bc1dc5a313c8a6fb4a13208
cifar100,21900,cifar100-train-21900,16,reserved_not_accessed,train,03ccaebdf09c98f4743c07991215e2ee9d02e9367573037ddd2fad9fb23fd97c
cifar100,21916,cifar100-train-21916,61,reserved_not_accessed,train,01fe56513c7dc75e0770cf62cc1e20a6a4666038487083d2eca553b63276fbaa
cifar100,21929,cifar100-train-21929,99,reserved_not_accessed,train,0cef71ea00b16718cc12a557425d933468cc2158d5bfd00426e3b2c24d57e092
cifar100,21966,cifar100-train-21966,84,reserved_not_accessed,train,052e86ef63956d94c1876efa41a932f19468c8a00867fca7ea0301729895f726
cifar100,21993,cifar100-train-21993,29,reserved_not_accessed,train,058a194155642150d813aad335fd0aaf728c9a6b908fc0f2a9017f296bada8da
cifar100,22,cifar100-train-22,70,reserved_not_accessed,train,02e9d9b8285f9634c21068353c32011ab1f94941fc607852e676282d17f1c6fa
cifar100,22005,cifar100-train-22005,8,reserved_not_accessed,train,0533f60c83cc124e7dab0b1837110f91158569177755bba8660fd051159d70fe
cifar100,22006,cifar100-train-22006,7,reserved_not_accessed,train,04c757f4f148360400b092d13b886e2f144ef1fc6e1f7540b0de8f15635e6f42
cifar100,22033,cifar100-train-22033,86,reserved_not_accessed,train,0091a378f8d66931787d4534e70f341d624fe1cfb54ce0f9a26891ef68dad45d
cifar100,22082,cifar100-train-22082,64,reserved_not_accessed,train,0b406026cb49c3a6c69f4502c3fc3ac4e6d0968b7d72d4f8f9ee47478a04aeff
cifar100,22112,cifar100-train-22112,27,reserved_not_accessed,train,03c8cfe8ea674fb31926c10f42e9ee3971e9f7756bb0536a3d280db2c7f4f396
cifar100,22123,cifar100-train-22123,65,reserved_not_accessed,train,08bd43bcc3d65fd3c0d2941b050e337c0ef5b800d9143ad75827aa3cb96e1946
cifar100,22141,cifar100-train-22141,73,reserved_not_accessed,train,0278974f70738dbaea32b4981ebc0347fba9f6062de0c35d69108727b4bdb90c
cifar100,22147,cifar100-train-22147,3,reserved_not_accessed,train,040725f4804259e697406c2565a028f53e86141c98b27903f716a612dc24d8d9
cifar100,2216,cifar100-train-2216,62,reserved_not_accessed,train,0148147697aba7d6e4581873ee97cf59da6f5ee193401c347fbeb36f4696a315
cifar100,22170,cifar100-train-22170,86,reserved_not_accessed,train,0347cc81252d4bab27af2a96fa37bdf4adbfc364f5988ffa237cdd29d6a2ae62
cifar100,22181,cifar100-train-22181,25,reserved_not_accessed,train,05d6cb9416ed210cecb7bbaecdb776207c5431d27fa2b1abc61f00f629dde6f2
cifar100,22243,cifar100-train-22243,20,reserved_not_accessed,train,060b8455c0777a0dfa9d620c2f5e74d8e45f4b92743e7d095673256f594be1a0
cifar100,22270,cifar100-train-22270,88,reserved_not_accessed,train,0a1b22bd1eef0737af55ca93d213a1eb06fbd9f9cf03c12ac49512c2569a89a9
cifar100,22275,cifar100-train-22275,48,reserved_not_accessed,train,0906a454e21af99b321d2f14e9cd261bf3c4d61685e15977c5dc92e56ee82e6d
cifar100,22386,cifar100-train-22386,93,reserved_not_accessed,train,07351d7ad56adb27ce2f41b263b4e3dc819e4303a3ff668242b01c97b98907b6
cifar100,22409,cifar100-train-22409,19,reserved_not_accessed,train,09174e233ee4674b4fc9a8545fb2cbf32a73dd8a451a182077048efec0911f0d
cifar100,22410,cifar100-train-22410,33,reserved_not_accessed,train,03ca6fc4ff147a728f24fe50bff992a3aea7bc9f2e38edbdb7e29524b365fb14
cifar100,22418,cifar100-train-22418,69,reserved_not_accessed,train,0cfd1694d3f1c53dd24e57a0b7c580b4b5790a07fe99fd324fed2035b3b17e9a
cifar100,22420,cifar100-train-22420,72,reserved_not_accessed,train,06995d4be54169b6183eb8c2f4f5ad8d1f9d10f2723534d6d5ddbc049528d7ff
cifar100,2244,cifar100-train-2244,73,reserved_not_accessed,train,044dae510ce974d1bc491e1bdc61fe27bb4e586cb53a29f172ed4cfe0a8c54b8
cifar100,22442,cifar100-train-22442,76,reserved_not_accessed,train,080f08965f8bc421f70df1a437567e1322764f2bdb54710bdd037054ebf57304
cifar100,22465,cifar100-train-22465,77,reserved_not_accessed,train,06d7a6a2334779df20333647048f7554ebea79814950d70b2008ed39b750ca0d
cifar100,2249,cifar100-train-2249,9,reserved_not_accessed,train,024f4e2e82046630acf9c54688df9fd61e4a9ea83321ecf0be41cff68a2c8224
cifar100,22505,cifar100-train-22505,88,reserved_not_accessed,train,07b43297975083bc511b44006d5677abaf40813c95639da96c6c47710d02f787
cifar100,22525,cifar100-train-22525,38,reserved_not_accessed,train,027da79c7d0cbef997d653b1a8fd25b81fd5f83d252bc499952fd6204e694b61
cifar100,22532,cifar100-train-22532,27,reserved_not_accessed,train,0507ba94273e09be51f845586e231adffb5fec9d29adaae57670548660d9bf39
cifar100,2260,cifar100-train-2260,69,reserved_not_accessed,train,004aefa00c147505944a766553c1e94a1ee942603732da276c5d8c8210d2e4e5
cifar100,22623,cifar100-train-22623,56,reserved_not_accessed,train,00d51fa0458858e17229a6ecfbb38f4e106b78185444bf619068fc5abd73d70d
cifar100,22646,cifar100-train-22646,3,reserved_not_accessed,train,05b61e0b33b74c3e4dd1072a67adc001b305d72f5dc8aa918f8e0010d5d2f214
cifar100,22652,cifar100-train-22652,75,reserved_not_accessed,train,0147ceac8d517a49e34e3bd9751f0a5ef315b5657f09d818e866649534da6122
cifar100,22663,cifar100-train-22663,39,reserved_not_accessed,train,0c0c8b2d2159221aa3e70454080772281c16c8fe9dd9f53dd3f2580a4e8b8e39
cifar100,22686,cifar100-train-22686,62,reserved_not_accessed,train,06ab49d4cc22ed73715355e76e6bda33c483cf78cb6202e6702dbf79bc7ac123
cifar100,22692,cifar100-train-22692,81,reserved_not_accessed,train,07f4d437a52e1f40fc168ba78182f0021735be4fa12df3fb8657bf7e6f4c8e43
cifar100,22726,cifar100-train-22726,21,reserved_not_accessed,train,08366b3a8254d194c2f3869fa61e56961c18f62f71f525b57901be21334d6797
cifar100,22742,cifar100-train-22742,30,reserved_not_accessed,train,0c46cf8588d06e85d88bc6db98368977071f4da058ce8b9d09a176a6aff5781d
cifar100,2276,cifar100-train-2276,77,reserved_not_accessed,train,0185c9dae91266fddfe82c2c8ca4f1466b99cede160d46a1a2609f57aea9996c
cifar100,22783,cifar100-train-22783,89,reserved_not_accessed,train,084ead6c90fe15e5ff849a0d6cc25156015771a485db17fa861b7a19171233ee
cifar100,22788,cifar100-train-22788,59,reserved_not_accessed,train,06d3a60bc740bccd302eac1b73d9937de4a029613e5a156bd66e0d0bd33f47a1
cifar100,22812,cifar100-train-22812,97,reserved_not_accessed,train,07400854e0ba88d24b1d4d1cbeb5265e5e45ecf6a81ddc2d5e77a831d8531252
cifar100,22813,cifar100-train-22813,62,reserved_not_accessed,train,05820bbeafea55e1fad7a29f2ad75fe52f3289d14cee56c8d69cb6e97ca4d0a5
cifar100,22827,cifar100-train-22827,70,reserved_not_accessed,train,0bb218d9dc6061aeb527ebcba8661fb849a11caaae3da06941d23b6f7090ae42
cifar100,22828,cifar100-train-22828,24,reserved_not_accessed,train,05b62ce3f3ef3edb08a884051cf2b288c088fc3a89e2ede70d03276429e92b16
cifar100,22854,cifar100-train-22854,25,reserved_not_accessed,train,00f1ae3336910405e43ddcb1b115cbc77cd3ce773fc379c57ff1f438f9a43b5e
cifar100,22889,cifar100-train-22889,81,reserved_not_accessed,train,057595ec3752fe6b95daa22d7f79c334ff75bb3bc809cbdc535a62fa02f5ecc5
cifar100,22894,cifar100-train-22894,47,reserved_not_accessed,train,02be68ddaf90fa35bcfae3e99347b81566ad7347d6dcd0c4ac528c8cfc6ec8d2
cifar100,22917,cifar100-train-22917,29,reserved_not_accessed,train,057df9453ab5af307fc60378a1491a48669c4da85509c0ec2df897ed1a00b3b5
cifar100,22937,cifar100-train-22937,62,reserved_not_accessed,train,07affe2cb0ef93a9206c58ba7f94a6b41ed32c0e15e38e3ab91a39520fc42ed5
cifar100,22940,cifar100-train-22940,27,reserved_not_accessed,train,012737235b73711f5500bee6eb1e28a7c36fa6756d5f0d1a867acc7e8f4830a0
cifar100,22944,cifar100-train-22944,94,reserved_not_accessed,train,0a1b40fba2795303cefed5dc5127af33c9250f21f86bb7e6feb8cbf12b3ad564
cifar100,22948,cifar100-train-22948,8,reserved_not_accessed,train,0374b27a8b8cd2f640675f89a46a1ebf89a11e4718e038e7de8a73084ef824ab
cifar100,22949,cifar100-train-22949,86,reserved_not_accessed,train,0ac42db0f1845e2238c59be0b3d17e1209bd89ce5bd405c6fc0c1226a2b4abf4
cifar100,22964,cifar100-train-22964,19,reserved_not_accessed,train,013af68adeb2e733987a6e01de8a4699f0a50859651b921705122063a0e1493e
cifar100,22974,cifar100-train-22974,57,reserved_not_accessed,train,092517c627e114e72ca73baaa02604c4c009b624cb07768ef5f90b38d33321dc
cifar100,23014,cifar100-train-23014,12,reserved_not_accessed,train,0631c619ed6eddead8c36ef2c8a9960d1aaa6bec6773c0589b5115f8b603af88
cifar100,23037,cifar100-train-23037,68,reserved_not_accessed,train,035ea04ffb860f175bffad1440a730fb33a36ce78804a976fc501736655e48c1
cifar100,23067,cifar100-train-23067,16,reserved_not_accessed,train,0823352af15e7a94bed04713e5f236b9fb121dc7f5de31a80d9ff850e3efe598
cifar100,2307,cifar100-train-2307,41,reserved_not_accessed,train,00722f26e8bb2743f4446d26c0b1e418abf6561bd47e1779d56ee41380e5ff6d
cifar100,23071,cifar100-train-23071,82,reserved_not_accessed,train,01f25188e391f7a8ea751dd1a811c0010e66d3b5674796656c064f7a8508be7d
cifar100,23075,cifar100-train-23075,46,reserved_not_accessed,train,05ef430a68b66ba687f1c0df7b345d4cfc81a419eb1f9964de1e4045629a0296
cifar100,23112,cifar100-train-23112,10,reserved_not_accessed,train,01757c025e84ed7cc1f9ac0c6ea983c5621806cda35c2069639ea51b91551325
cifar100,2312,cifar100-train-2312,40,reserved_not_accessed,train,063a32db8db5ea0f5c18c165826843225a2d65e5683a0dc869ca61f173d86f44
cifar100,23126,cifar100-train-23126,71,reserved_not_accessed,train,00f81efe1f71b82a9d8c449ea56aec0f5a5b272be1c2c1eec05b42b3da27117c
cifar100,23130,cifar100-train-23130,82,reserved_not_accessed,train,094ed72fec37f32aca85efddb8f38553ad8031bc9290b659d214eac4f9affd2a
cifar100,23173,cifar100-train-23173,11,reserved_not_accessed,train,0adb2cd18f2f53457dfb5cadd39ba7ebe1b916b73e068620e4c83509592dbd91
cifar100,2318,cifar100-train-2318,36,reserved_not_accessed,train,0286929e1cdf1d9daf89e3c2ae1154c2d7a2c2f97f9330723561ad6609c91cf8
cifar100,23196,cifar100-train-23196,53,reserved_not_accessed,train,065e401659d2829eef0670da79d86b6a4f859b60155a9f23f69f90a8c28cb3e2
cifar100,23203,cifar100-train-23203,16,reserved_not_accessed,train,093e2014f2bcb372621b70443b39b3f6eb2d1477b8bc9cd362ac0393f9895d9b
cifar100,23205,cifar100-train-23205,97,reserved_not_accessed,train,028809f7741a3f016fa0232e22330d80a75633a13aa09e9704d41e1d00088404
cifar100,23207,cifar100-train-23207,72,reserved_not_accessed,train,00c1e2fb8ffa9e59bdd645141a61f9a08289245fc3527530e68679a6c0200d5f
cifar100,23218,cifar100-train-23218,35,reserved_not_accessed,train,011792defbe319e97d6fa2f8d81dc0d73ecfc2837b8f963a48e5a560de7cc893
cifar100,23296,cifar100-train-23296,50,reserved_not_accessed,train,09c5e1a78c5959ba52671a5c071e2ff201c894aa1896e2819b1a08bb42aeeadf
cifar100,23298,cifar100-train-23298,43,reserved_not_accessed,train,08e9c42faeae41f2a9dffe4dacb095b4d105553009aabb9d1f6956786aeca065
cifar100,2330,cifar100-train-2330,68,reserved_not_accessed,train,0029e0647f713f02a269be55a3a55df351c9da0bde6d0ac4a7e40584518fef77
cifar100,23371,cifar100-train-23371,76,reserved_not_accessed,train,0022c16c4592d6e9d5607370cf8d16e10e01d6e18a8d0df4318004027dfb6a9c
cifar100,23416,cifar100-train-23416,21,reserved_not_accessed,train,00e624bec2753fb9499801f83111871727383f52a1bfee4b10b81a634ab478f2
cifar100,23422,cifar100-train-23422,21,reserved_not_accessed,train,04b201ceccc88fd9fab317d642ef0e907848921147433c8440b95f224bc12ce0
cifar100,23463,cifar100-train-23463,47,reserved_not_accessed,train,0763ebfa1c92c1d59e6c0eaa1481cd9eb753b718a81bb17048d979c5d7a89d19
cifar100,23469,cifar100-train-23469,28,reserved_not_accessed,train,020966170aa84a34856e6e68c5272fba005c7c24f71692f571e94b64eaf0b81f
cifar100,23489,cifar100-train-23489,91,reserved_not_accessed,train,020ca18dcad2813923f806cb35f3bceeb71d4f98645583b3db7ddfd2fd136c6a
cifar100,23530,cifar100-train-23530,20,reserved_not_accessed,train,057042bbd11e8b7824d9836350733ad838b4422d1d1689307a834d8de9136d2f
cifar100,23544,cifar100-train-23544,29,reserved_not_accessed,train,0bca7a695862c70bb758864192657019c1989144b2caafc83badc380a0034785
cifar100,23608,cifar100-train-23608,67,reserved_not_accessed,train,06b6e85ee832f9efbe03e49d9cc9a14b0d1376730b00ec6da31379b524d29466
cifar100,23654,cifar100-train-23654,20,reserved_not_accessed,train,0ba751399e0ffde7f488e5d45be6649a4d61f69958b12845b995b6eabb9b2521
cifar100,23659,cifar100-train-23659,19,reserved_not_accessed,train,058a5623cf0fa5df9fb9c9c02cbefff5e894b40325810efc87fb3921db89340b
cifar100,23662,cifar100-train-23662,45,reserved_not_accessed,train,02b0c558df8de5a0d6a8c7ac7fb62dbe2b69ecd49d0f9e1fe5271317ef006983
cifar100,23679,cifar100-train-23679,52,reserved_not_accessed,train,0db0cb3e48d211ea3d1e7995c62b438bf62ce22f8189570d02bb07b97ed909d3
cifar100,23685,cifar100-train-23685,37,reserved_not_accessed,train,0996ac1002edcb796b3a24294a1f7a64a192cc6a90adbbca9fdb4a9cc91c251c
cifar100,23713,cifar100-train-23713,19,reserved_not_accessed,train,077af7c5c0210a0e459366083f29f26e878a86cee625e325e00f941b3349d361
cifar100,2373,cifar100-train-2373,79,reserved_not_accessed,train,0e6b2396f31a5cecdc6812453c4c9b485467f27f76037160dcf0644c5647c649
cifar100,23735,cifar100-train-23735,99,reserved_not_accessed,train,0159ce853bc0047e133cad798432c8bc57f15df1ad6218fdc7575af2426fa438
cifar100,23746,cifar100-train-23746,43,reserved_not_accessed,train,02a2b30569a9091be1dde747ec3e58485b3440c8d56841468f468de1eae57e2a
cifar100,23751,cifar100-train-23751,57,reserved_not_accessed,train,0a1e6c814a069410d09a35c47643ec21be12dbfdb16b1be6aaa43911237481c3
cifar100,23758,cifar100-train-23758,28,reserved_not_accessed,train,0425951c2bf92ec2eef62e4123baf1665821c642de6a19eeb21bcfe201a8fb16
cifar100,23914,cifar100-train-23914,26,reserved_not_accessed,train,075c74ba81d9e3bb3712f950f2d10cf05e250f606c6854d8caad646033551dd4
cifar100,23932,cifar100-train-23932,52,reserved_not_accessed,train,0310b015afb79d6b989c7fd72913a2574168f54f9cea45d5efad14a496942746
cifar100,2396,cifar100-train-2396,58,reserved_not_accessed,train,01db9ff96371f6a0ebd97149743e94dc84deecf37c0ebef87634f8f1df05319c
cifar100,23996,cifar100-train-23996,88,reserved_not_accessed,train,0241dd60e8bd798976395538b12c4fd47dd705b96d4dcfb2db3c466ed49db387
cifar100,23997,cifar100-train-23997,24,reserved_not_accessed,train,0084c13b86b3cb788e1d0d2913a8b7a628b27c7b76b28e980c156cd4653d3daa
cifar100,24032,cifar100-train-24032,98,reserved_not_accessed,train,001fd5271010888b24b845c580aca71fc6a54f61bad0de8646db74c66c6a5434
cifar100,24039,cifar100-train-24039,77,reserved_not_accessed,train,07d0c8c05486a87488e25f8b4add3f00251e11d0b926a493ccd8f854de2fe892
cifar100,24048,cifar100-train-24048,28,reserved_not_accessed,train,06d922ce0d8b10f7354cc3edab091c97b4e3dd8b2953c4c3cf042d6999218057
cifar100,24051,cifar100-train-24051,75,reserved_not_accessed,train,0745dd6b25e9327c4551315a900b744e72298480a596a04ccba5e11b54088ea1
cifar100,24078,cifar100-train-24078,25,reserved_not_accessed,train,05c3879fb79ae6ef32b20a9124fc542741b3ff801431fe6e2aeacae978d2443a
cifar100,24117,cifar100-train-24117,44,reserved_not_accessed,train,02e71bed2895bea7cd9d39c8acea42ab8e8cb3c378f98c6c1addcc3d2af986df
cifar100,24144,cifar100-train-24144,12,reserved_not_accessed,train,0287db55ec2035578ff9039ee408aa975db9e93fabc03afbbadcbd9b2b0d042a
cifar100,24173,cifar100-train-24173,33,reserved_not_accessed,train,03c1aac404b9c6b82484194cb496f57a0629f2659415e12ecce151fb7182e2c2
cifar100,24174,cifar100-train-24174,28,reserved_not_accessed,train,06553805681e4c904f24cdcb650dbe7e83e509325fcdb945416c5a1affc59123
cifar100,24227,cifar100-train-24227,11,reserved_not_accessed,train,0471d9c4ec3afe4c440133c1968e9cb752dd669707d751082028c277fdb03416
cifar100,24285,cifar100-train-24285,33,reserved_not_accessed,train,03fae5ed94e24072c2bb2ba144e8a2f73ba8452ac4c267dcc26aa9aafa5ce413
cifar100,24298,cifar100-train-24298,30,reserved_not_accessed,train,08636fc5a9ddbb9add64d1178129d93be9cc95a547ebb1ed8b882cbfe05166ab
cifar100,24337,cifar100-train-24337,71,reserved_not_accessed,train,05d7cc81e7c99ee42ddb350ee3f02300405005a87a2a3f7d213fe9faa2525251
cifar100,24375,cifar100-train-24375,88,reserved_not_accessed,train,0aaf7ef6a149464c19a9b9d17a99b815b98516d64ca5a878213a2c8b56fa6a2f
cifar100,24392,cifar100-train-24392,5,reserved_not_accessed,train,0749b56ac8f686e0977efd86a55a70e10ab915cebc892acc8918a19468d9f0f1
cifar100,24412,cifar100-train-24412,58,reserved_not_accessed,train,01ae5812a39d75f1b843a047a0fec829cb5676749ae5ee3cf42dec706ef17ec0
cifar100,2447,cifar100-train-2447,66,reserved_not_accessed,train,0b00cee77bf0f7bfb045884eb1a62116dbf4b9119bd70938577f6f05eafbcb35
cifar100,24503,cifar100-train-24503,59,reserved_not_accessed,train,01a6af3851b65bae3e229a4df583e616b985e4f30dc8da5e69e0c2831b6d7b27
cifar100,24524,cifar100-train-24524,68,reserved_not_accessed,train,03c016c4294079fc781386ff1b8ff00739fbb863b8b6dd04485dfa73f850f307
cifar100,24527,cifar100-train-24527,41,reserved_not_accessed,train,0011b1ffd2c02d43eda31d0c47b43fe43c0d6dbdb76d475817cd0705da955ed0
cifar100,24589,cifar100-train-24589,32,reserved_not_accessed,train,02497a865b1006a0f88e67a9f489da694d21ed77edf70c929232de399595b002
cifar100,24639,cifar100-train-24639,10,reserved_not_accessed,train,001b16068a1eb0ef0307c1def11565c6bc26b101f0cee5a97b3dd38e04dcd031
cifar100,24655,cifar100-train-24655,8,reserved_not_accessed,train,0aa0395bbf918cb1a76900629c20af279f4b55a586cffc0e901540d1dff6ea2a
cifar100,24663,cifar100-train-24663,47,reserved_not_accessed,train,06295cea5e38a32e0a43326bc710d25e11bd6a4dfe34942e0eab4039a2e30c25
cifar100,24677,cifar100-train-24677,25,reserved_not_accessed,train,01c2b0521d6989902b75f5584656c63edd4db25319c6b7b231d6cc12da2b74d4
cifar100,24679,cifar100-train-24679,2,reserved_not_accessed,train,0fb5df10fec9fb148a788573faa7560682b390fef2b7a8a2925d5d8d58c9e6ab
cifar100,24708,cifar100-train-24708,40,reserved_not_accessed,train,0a21e2d008143b06b06d94fa6b8b1e28e1ecf8998405b82a015d712229c34335
cifar100,2471,cifar100-train-2471,13,reserved_not_accessed,train,0dc89be973e75bbdbf28844addc8097477202845434fbfda5a5451032c8dff4f
cifar100,24770,cifar100-train-24770,38,reserved_not_accessed,train,01d0d0d1817a3fc09fcdf2b5a3b68d2ca6cb5fb799301b676eb107e334d6c79d
cifar100,24817,cifar100-train-24817,24,reserved_not_accessed,train,0e21ab5f1a3f8f542ad9a7c945c12c3c76cdea1331bc188c5c50dc5e76009fe9
cifar100,24825,cifar100-train-24825,18,reserved_not_accessed,train,0f42edbd9e2fb0350c69ec7e7bddc3e367c6fe8e17807503b518eec725c0d083
cifar100,2484,cifar100-train-2484,74,reserved_not_accessed,train,09534cef1373f3eece49728c61217ced5c9160bf6c4d395908fd3a98a4f5897a
cifar100,24845,cifar100-train-24845,57,reserved_not_accessed,train,0705c9fffce2c28d9d04622d6db6ff7b2445c4dc1ac191c5101c3983713ae8a1
cifar100,24874,cifar100-train-24874,92,reserved_not_accessed,train,02da1a67dbc960c975d8508b77635413bd7bdc6277d51b05ee0e13d365886077
cifar100,24955,cifar100-train-24955,65,reserved_not_accessed,train,046e3f84f357adfef3540ec4030461d920cae1ca93911d7d4e2134d79b9f8804
cifar100,2496,cifar100-train-2496,53,reserved_not_accessed,train,0351a608919d210c3a4130586ae89aae5b60f3a6c9367c446b66d4b2ced17bce
cifar100,24999,cifar100-train-24999,71,reserved_not_accessed,train,03f35c678d5e90707dc88110b6e9bf2a666a68ba4c8cc0817468127248f50389
cifar100,25015,cifar100-train-25015,20,reserved_not_accessed,train,01cb44e126b0ece3dd1394d394be39062daabceb92ab9916745291ae9bb0bcd3
cifar100,25057,cifar100-train-25057,13,reserved_not_accessed,train,0aa6618aa0349555830fb4e1b4f4797ee384384053e988583b42005946bd0281
cifar100,25092,cifar100-train-25092,88,reserved_not_accessed,train,029f4c991e079f450655d009a09a4ceab0a5e26323dfd750cf3d595929850012
cifar100,25120,cifar100-train-25120,43,reserved_not_accessed,train,0691706ebb349920ff4698f1fd8225bc1d1b97f4924bb3c794615370106d4408
cifar100,25143,cifar100-train-25143,89,reserved_not_accessed,train,0471198b2bf787559469176a92ee7029f66f9f6178346972da0ae578fcbab6bc
cifar100,25156,cifar100-train-25156,58,reserved_not_accessed,train,07c333f22adb43d38450b01daf31035ac87f423f9b69fcc9dfcbdb9ede989d51
cifar100,25163,cifar100-train-25163,91,reserved_not_accessed,train,08d9a2408638698ddef973dfc96f0e5f4ddb94fe69eab5d3b48664f0fcddf32c
cifar100,25178,cifar100-train-25178,22,reserved_not_accessed,train,04d528b39332964eb8cd3a0929ae8cfab926de2cfb37ebef9898bc0975f658e3
cifar100,252,cifar100-train-252,48,reserved_not_accessed,train,0a623c02970f0dfc39f325055c228f24f2de5131d5a7295823b414005c4dcfa5
cifar100,25201,cifar100-train-25201,99,reserved_not_accessed,train,0739f9ed56bbd4b6385a1194907edfca7dc7dbb1b5ed83e57532b1fb5f7b7d74
cifar100,25213,cifar100-train-25213,60,reserved_not_accessed,train,03bd838034ff31112365454b3d882e8b656ac3932a1f78a068add6bf8a675f61
cifar100,25222,cifar100-train-25222,2,reserved_not_accessed,train,07c56a5d260772f1dcf99e353037c520580aa6b6d7319e5a63183e09fffdfdf2
cifar100,25233,cifar100-train-25233,43,reserved_not_accessed,train,08fc59ba999e05c200eb6a40f7921966953d47a0914ce5d9963060f63a0c5084
cifar100,25275,cifar100-train-25275,59,reserved_not_accessed,train,084539335cd752a8fba9a80c8a9a118512c422728ccefa453f3a19636fdd0e35
cifar100,25290,cifar100-train-25290,71,reserved_not_accessed,train,06cea56e08a1c520de0b916fcc41e3f5b70cde89a524124730d9642620b6ffcf
cifar100,25302,cifar100-train-25302,60,reserved_not_accessed,train,07f17d687626c2b31581dc2ad00e0139d54180d75e951bfa631d3b1390abd664
cifar100,25305,cifar100-train-25305,29,reserved_not_accessed,train,02d90af96a07444d38b871f907e13afc27a904f1b15c890d130e24a40883c3c1
cifar100,25324,cifar100-train-25324,76,reserved_not_accessed,train,09430dbfc2995fd208426a32f34f7eb8973d8fb8afd9a740d82d3fb6f33824e8
cifar100,25342,cifar100-train-25342,0,reserved_not_accessed,train,06777698fce7246f8878072c947e1210950543ac8360dfbc0cead0738f558997
cifar100,25370,cifar100-train-25370,83,reserved_not_accessed,train,017f685615680c5c0be14db110175e75b5f75542619c2aa5db9772321b1ea0cd
cifar100,25396,cifar100-train-25396,72,reserved_not_accessed,train,05ad0e6621be8b5da082953408187d10e5402f7d325eded3d02e1d17ef522add
cifar100,25416,cifar100-train-25416,83,reserved_not_accessed,train,0a859b269ae50119580e377992df2b462c646a464fda5185efabba323365f131
cifar100,25420,cifar100-train-25420,9,reserved_not_accessed,train,0afe698abb7653ae433bfa9d07cbf4870c81a64086151cce717f84b85fc3ebdf
cifar100,25453,cifar100-train-25453,88,reserved_not_accessed,train,0a5b26d23d554773eb3becc439443240d99357e4d125e876c4c233ac5537fd71
cifar100,25460,cifar100-train-25460,92,reserved_not_accessed,train,03ff51606ea1e6e9663dbb5eb7c60b6f99eff6f732f3c7b4678302ccf10e0337
cifar100,2548,cifar100-train-2548,31,reserved_not_accessed,train,068243c94ff5e8e1f4ee3e8e93be07277c404b8d63eb1df052383861dcd4cc44
cifar100,25511,cifar100-train-25511,20,reserved_not_accessed,train,042cd78f333506ca34c1f48932464c77867a3570b3f2df412def86f0ca883bb8
cifar100,2552,cifar100-train-2552,96,reserved_not_accessed,train,02c713b0a0c07fd16714c8551d2ddcbdc913b6075132f97db031c3c5dc4a1ea2
cifar100,25543,cifar100-train-25543,6,reserved_not_accessed,train,0282e50310e1ad577bf72d3544e362d07de41cae2e98c4a67756e0191f09615b
cifar100,25563,cifar100-train-25563,33,reserved_not_accessed,train,0940b43005e888f5df053d6ebb87820aff7f12b68ac2d701ae3bd34e6a90b233
cifar100,25601,cifar100-train-25601,36,reserved_not_accessed,train,01117d31c1f7ef4bd8a0f9b90f6cd0a75a3e9e9a6ff49f13591dfaa12a53b456
cifar100,25617,cifar100-train-25617,95,reserved_not_accessed,train,07e8fc0fbbff9d422fd09409737c068478aca5ac2b952ca5ef75590a26af1a52
cifar100,25666,cifar100-train-25666,80,reserved_not_accessed,train,08ad7c485c4ba158b459fa6aceda34ab10a5efe81f68d81fe620d9a93d1eee23
cifar100,25670,cifar100-train-25670,21,reserved_not_accessed,train,0a21b10682bfbf10ba462b721ffab4f659c96d8e2a88d9cc9e8117f6d1dacdbd
cifar100,25723,cifar100-train-25723,57,reserved_not_accessed,train,0583db082d7506bf5c4f87bdbe5fe181b77ba594260db6ff4dbc29abc6c13aae
cifar100,2580,cifar100-train-2580,78,reserved_not_accessed,train,0178791d24803d44f5af65e9e3547fc13a5f2763bca772357544233864a2a33e
cifar100,25801,cifar100-train-25801,37,reserved_not_accessed,train,08aa0c981d17bae20bab12c85a4fa6c4b25d08493dd68c2bcb7054b60abc4a26
cifar100,25815,cifar100-train-25815,50,reserved_not_accessed,train,073534097ab578853d55588b4c6a0811b117b7d767c0c5b3eff25b8935cafd37
cifar100,25844,cifar100-train-25844,67,reserved_not_accessed,train,048751aec88647ac5f866165b1080e54b77409f8f4d500d308157ed737714251
cifar100,25876,cifar100-train-25876,74,reserved_not_accessed,train,0764a1389c24ba1a4b4e73c5691d9a23405660b454dd13487dacf0eec4e2ccec
cifar100,25883,cifar100-train-25883,94,reserved_not_accessed,train,019bbe1a9591fb509ff857707b506718f026bc1164854b8d1130e13381dc26ca
cifar100,25884,cifar100-train-25884,91,reserved_not_accessed,train,07e6acaa50471429782b5332a9678cba7d4e9f8af3cc2120bc02da0f0520a554
cifar100,25916,cifar100-train-25916,63,reserved_not_accessed,train,0b63f256e4eff67ee3b2fce866be24c65c125ec91ae4ab3e2ab3d8ea40d8a1d0
cifar100,25917,cifar100-train-25917,44,reserved_not_accessed,train,0601f502e3d0c6406d37aa88c80298e7bf16664ac4c512e46310317ae0858d70
cifar100,2593,cifar100-train-2593,18,reserved_not_accessed,train,10da9e0fac26f3b8b99719db217a82ebbf0960ec586333761cedac9d5f353fc4
cifar100,25933,cifar100-train-25933,66,reserved_not_accessed,train,077cba1a4597d62551598d9f371fd02cf985a37eb9e0f24bc7c42685dbcded32
cifar100,25938,cifar100-train-25938,67,reserved_not_accessed,train,054116ed640cb56f2cf6d7287245b71203b6784cd6e47f7b8d5ff1467d230a6c
cifar100,25955,cifar100-train-25955,52,reserved_not_accessed,train,09fa57098143073d7a3baf170edfca64e2f010af46227ed80df02a45ee508739
cifar100,26017,cifar100-train-26017,86,reserved_not_accessed,train,01f5ecf760edd6a246b6e739ae3ff48ad096da87d9a369b5f9b5d8212eb5816d
cifar100,26037,cifar100-train-26037,19,reserved_not_accessed,train,00f5112058bb24b627a7ede989dd74f2d2dea2520ed1072a9371d23b6f89e16f
cifar100,26128,cifar100-train-26128,58,reserved_not_accessed,train,02d519888c132e58719d015479d58dcc360dabce7659445b727172cb630e2106
cifar100,26152,cifar100-train-26152,61,reserved_not_accessed,train,07edce015d39b99e98371aa08bc4121363574c01971a2691d569aa441f15866b
cifar100,26158,cifar100-train-26158,57,reserved_not_accessed,train,06ecdb15b08039c2e5432b27d0ab2a2dc0cccb3e3c0fb297200e152983050391
cifar100,26198,cifar100-train-26198,94,reserved_not_accessed,train,071844b59fdc79076dbacd4ddf5267f09db8140af4c388b8f1912a88fb169ded
cifar100,26241,cifar100-train-26241,65,reserved_not_accessed,train,00d364c6be6173367192f0ff5f4bd706402401d2cc1d405a2b7f074026c0af77
cifar100,26298,cifar100-train-26298,10,reserved_not_accessed,train,0509a9f2320c3ca050427b12013acc3e54ec864f8fecba93eb83a34713bb5a26
cifar100,26318,cifar100-train-26318,76,reserved_not_accessed,train,05bad048c472642490f3019d5e6a576ede18c4c08a568375d3352e6e967122de
cifar100,26319,cifar100-train-26319,4,reserved_not_accessed,train,037dd7ee3ab6e6915772007be341ba2b76972691a20927e658c7a22b015f544a
cifar100,26337,cifar100-train-26337,99,reserved_not_accessed,train,0cbece4bb66eb6e84f7f787963681431708f983701aa8e3bebc40bc1f6029218
cifar100,26349,cifar100-train-26349,56,reserved_not_accessed,train,04f2acee4926d1cbf4853ddd285b7397e9f6486f97b1cdafd5e140d6dedf21fd
cifar100,26356,cifar100-train-26356,55,reserved_not_accessed,train,013552d79c2f634a7a91bd12212e702510365fb853d01a2624b4294e661abcb7
cifar100,26364,cifar100-train-26364,17,reserved_not_accessed,train,0254e011b3389acb9e5fd02e21285a7d728bddfce3e393b9b2f972beb6e019f9
cifar100,26380,cifar100-train-26380,35,reserved_not_accessed,train,0ce38783a856d10000101e1a8b3351e77af4e08caf863ef76c3a1afcdf1fa9f1
cifar100,26393,cifar100-train-26393,56,reserved_not_accessed,train,03bd6d513cbe7f00ea1f28bd1d242535878850dd2e7c6ac0c2e74f5334729fd6
cifar100,26429,cifar100-train-26429,22,reserved_not_accessed,train,0dfe19122b6e1b364bc7508e005a0399791a8af52e84038bb7914c82b1dff6f8
cifar100,26436,cifar100-train-26436,51,reserved_not_accessed,train,0989e1510b609acfa63551face16b59713ac4c90d06cb24a241690684810191d
cifar100,26472,cifar100-train-26472,44,reserved_not_accessed,train,00f1a52df7b34922baf4aa84b76764de8856f6bec3b3c4e6244506ff39a0f91e
cifar100,26476,cifar100-train-26476,4,reserved_not_accessed,train,0014f53bff451d7b90b4088c73b36b6c34f2e26b4f2443ca01bf388c826acc78
cifar100,26488,cifar100-train-26488,0,reserved_not_accessed,train,008260e9584db20979b6fabbefa67875672858609d98719aac674e04580fc2c5
cifar100,26503,cifar100-train-26503,46,reserved_not_accessed,train,00a5fa1cad27b8a16a8164f8af1fc5c15085ea77cd1170100afd515cd8656a19
cifar100,26505,cifar100-train-26505,89,reserved_not_accessed,train,05e138a041a7f358ae315843fe6255bbe615b698b3ecb7f58776f48e99458448
cifar100,26527,cifar100-train-26527,12,reserved_not_accessed,train,0a212fcb926a3d94563b77236b01ecf9fc827c5038d062c63927714ab97371a0
cifar100,26551,cifar100-train-26551,95,reserved_not_accessed,train,055eb9fe938b2d4937d5c9b54e090c8197d31ccf6ffae78cbae2115e675a8494
cifar100,26601,cifar100-train-26601,61,reserved_not_accessed,train,054af9e5e1eb31675270ffa674405bc8e9e0d2dd756f8c233ee16cb0382351e6
cifar100,26611,cifar100-train-26611,64,reserved_not_accessed,train,0d383af6a1fd4b2a52e828b44efd064d2e62a9d1fb681623e1ff457a2b525056
cifar100,26614,cifar100-train-26614,51,reserved_not_accessed,train,0027e53e4c44e815fe921945d50eb36c9e0a8e04e2bc29f45f019fcac1e78f7e
cifar100,26618,cifar100-train-26618,47,reserved_not_accessed,train,0125019445176c8144ddeb67f0e612f362b995ab512268a9bc6a317cd319d5fd
cifar100,26667,cifar100-train-26667,13,reserved_not_accessed,train,01cfd12413aa0ff4fb49ddc6c9d25fbf05c70677474942467cbda16ef19bd87c
cifar100,26679,cifar100-train-26679,92,reserved_not_accessed,train,01cc8caa09ce4ac02813382615ed528b1a57f33e597b522bc80a584f6a15a751
cifar100,2672,cifar100-train-2672,75,reserved_not_accessed,train,0033588a3950bb49022e76f384e6881706322544aa7475a1407898d119bccc1c
cifar100,26765,cifar100-train-26765,56,reserved_not_accessed,train,037654cda89ecd500a802165c854b4710ae6aabeb596341612f5a68de3fde3a1
cifar100,2677,cifar100-train-2677,96,reserved_not_accessed,train,02d97b2be9389991adfe21d63e07367e0bbef6f05fcdc603b586d7a17275f4d2
cifar100,26826,cifar100-train-26826,37,reserved_not_accessed,train,018e557f5f22688e273c034bd1e7e700dd10db8e2fbe614d07e496b4b923cd71
cifar100,2683,cifar100-train-2683,57,reserved_not_accessed,train,01f9f4a0b212a95e3f5c985f163cb86bab47a1482ca9fcaec6aff9acda51e839
cifar100,26842,cifar100-train-26842,71,reserved_not_accessed,train,069dc83f06e7bb59f3281bb09e4505c5a747077868b6d653812697a41c92a1ef
cifar100,2690,cifar100-train-2690,25,reserved_not_accessed,train,017a67148beeb2d49525d6cb48ad21cd91412af4a6b372a09690aa52b5e301c0
cifar100,26919,cifar100-train-26919,53,reserved_not_accessed,train,07c4ebc390d3e0db7f136aa2fcbd9d64ec4c98712f272c9dab935507ee878966
cifar100,26996,cifar100-train-26996,58,reserved_not_accessed,train,02b449047cc117ef1194f4cb07ee21bfa2c521c67dc0ca48503a120d439e4d12
cifar100,27041,cifar100-train-27041,23,reserved_not_accessed,train,011474ceb4124edb0238ff6fc08a8a62493b7b578a0c39acf1815eec01ae35bf
cifar100,27045,cifar100-train-27045,19,reserved_not_accessed,train,021fa0956f71057fce7e0c4af6f90a8a3f2f74aaa760a89449057865aca34d0a
cifar100,27071,cifar100-train-27071,67,reserved_not_accessed,train,074db71252eac54d4092e8d44c01cd2db441010f90ecde603ae81700fbab9717
cifar100,27108,cifar100-train-27108,57,reserved_not_accessed,train,032d2f944174b316a81fb272756ea8d1f53b111036deba362bd58217210d14c6
cifar100,2711,cifar100-train-2711,4,reserved_not_accessed,train,01e95af0624e4cda6da5858f46e6202a0557a1086e5ffa8a7192b4d9d4b3e601
cifar100,27122,cifar100-train-27122,49,reserved_not_accessed,train,057cb6413076a6618b1857fce3fd3f2889b69734d98a3f7f381210f532df122d
cifar100,27137,cifar100-train-27137,73,reserved_not_accessed,train,000f10e1edba8c77d7908db5c77ca665566e113450305a2c616aaa151ff9b1bc
cifar100,27141,cifar100-train-27141,53,reserved_not_accessed,train,0082efa8e4451ceb8d7755e21acdb359e2fc5de01638402cd007b331bfc898c5
cifar100,27154,cifar100-train-27154,48,reserved_not_accessed,train,05165b915f9433023b72951c5ed607e0d7fd3d0cbe5751a84ad3942407ede34e
cifar100,27156,cifar100-train-27156,2,reserved_not_accessed,train,069698e23fc40703db994628d6f8bf15737629cc0acc1693ecf9ea900f66a473
cifar100,27160,cifar100-train-27160,23,reserved_not_accessed,train,01c5a333e18b6fb50f5df1ecf879cf920e4eebb42e91a610b60cd88b1ce5e635
cifar100,27192,cifar100-train-27192,74,reserved_not_accessed,train,001dd1b689ac794bb6dd554dfd176bb3815830612ad9d626d1ba65ee876b26d7
cifar100,27316,cifar100-train-27316,58,reserved_not_accessed,train,073b81920d5ce43797f4e2d03407d02ac879f8e2be14c9ddfbb5aa6019607fac
cifar100,27350,cifar100-train-27350,0,reserved_not_accessed,train,083e754beeec5869af1bad4b5b15f25ed734027118b11a9f0245d9c09379115f
cifar100,27377,cifar100-train-27377,29,reserved_not_accessed,train,03c8239633c5bcca42c5a1f3b424caf9c1deba56d2da0325340336b2c106babe
cifar100,27398,cifar100-train-27398,98,reserved_not_accessed,train,1080001af70989be5fa161de96fc219009976e35be2cf5242598506d3271cff1
cifar100,27402,cifar100-train-27402,43,reserved_not_accessed,train,04b2117f99770acd1d880169a86111872084cbf981284a3c4c9b0cbfa91f0ee8
cifar100,27411,cifar100-train-27411,46,reserved_not_accessed,train,01395ff54a514fae8efec7946ca036598ed61834c7767cf0e25159afbace70ba
cifar100,27485,cifar100-train-27485,1,reserved_not_accessed,train,09e7b91be3fe6310df55b60bcec9a1442d04e7fafedf167ae5531f1062b2fc6b
cifar100,27487,cifar100-train-27487,82,reserved_not_accessed,train,09d405752853620f19f0b0484495c22ca96334480e22d35f5a78d6bddbd17ef1
cifar100,27554,cifar100-train-27554,93,reserved_not_accessed,train,05ffc5fd456705d8574631940ccafd5ea41b85bd7fcbd515cecd7dd77e1130d8
cifar100,27560,cifar100-train-27560,4,reserved_not_accessed,train,012a8578c131d5af5d435487affa07f34b2e2d7c5cd31811a282c36e6d58cfad
cifar100,27594,cifar100-train-27594,66,reserved_not_accessed,train,0b70caf3f0a5714d7cc63a358c94cccc8f1ecbf9d66e68a80c2e11fe5bdcbbb1
cifar100,276,cifar100-train-276,90,reserved_not_accessed,train,0bd2d9f284b43763fabbae27b2e6794e9cd41307cc34e7424094759e485cc828
cifar100,27628,cifar100-train-27628,5,reserved_not_accessed,train,0507e0935acd9a3f980e8a65d8dbd7f640f896506c90efa3751a6d98429006e0
cifar100,27640,cifar100-train-27640,39,reserved_not_accessed,train,0d03b79dd8397e3c9a2987422589e40edcb102bbeb29cda02fb3af1fdbeff263
cifar100,27661,cifar100-train-27661,2,reserved_not_accessed,train,0957b59daeac12e88d5933abaaa84e64b4c621cb91720bb7b5ceb232669ee3e6
cifar100,27682,cifar100-train-27682,6,reserved_not_accessed,train,029e1cc52de414693f485480531c15ec9fe5074fd3b300d416df5d83d975bc36
cifar100,27695,cifar100-train-27695,28,reserved_not_accessed,train,053df297c81fe6fe9be15c4d3a6302e0dd009848a9827892a84ac59686ef3eda
cifar100,27762,cifar100-train-27762,94,reserved_not_accessed,train,058693cfac16bc898d8592df5b5be5dfe67d343216081d86b9e386b3cde75de0
cifar100,27771,cifar100-train-27771,2,reserved_not_accessed,train,0225e6c237d34933b19a8b678ac916e8396509ea0d7866d3f0efd6abaeec2050
cifar100,27847,cifar100-train-27847,22,reserved_not_accessed,train,0bac8b760dcbb38a68dec2c4f8130aae17a7841fd48c75021109b93f244899ac
cifar100,27851,cifar100-train-27851,77,reserved_not_accessed,train,0a2f64630f58eae9e7bf3cbb814a10e18ca79b8c3cb817299212b5f72f4c4646
cifar100,27858,cifar100-train-27858,59,reserved_not_accessed,train,05b3b80d0a8a1d3beffce6169d1504cd396c737b6b8cfff8b5faf829d13f579d
cifar100,27860,cifar100-train-27860,85,reserved_not_accessed,train,066076eff15ba106194f82134dc5aac44248039d722355841bfcefbb87ebd4ba
cifar100,27923,cifar100-train-27923,54,reserved_not_accessed,train,0c4f73944807f367691556361cd3470aa516be9c7e01f23b7aa973e8cf2bf2cc
cifar100,27968,cifar100-train-27968,84,reserved_not_accessed,train,02b58597e3d4b3ff9a86becacfba2c227e261b2f5fb1b77b3b134da2bd3dc751
cifar100,28010,cifar100-train-28010,39,reserved_not_accessed,train,0c7d810b7d457ef651b4dec666bdef557e38dd335796bc73ea910f44ec07590a
cifar100,28024,cifar100-train-28024,27,reserved_not_accessed,train,013e5bf701893e84a0de8297be5e395d18a6d8e13ed07c48d9f34200791c1088
cifar100,28160,cifar100-train-28160,86,reserved_not_accessed,train,099694ca22ebb9d3abe0c10242953f5361fb0682106dcccd8b0bdb005c679087
cifar100,28186,cifar100-train-28186,23,reserved_not_accessed,train,0500bb93424128c2d15fff7a3cce9a51667716dc093702cb481a6ac9b9560b84
cifar100,28208,cifar100-train-28208,59,reserved_not_accessed,train,0be9496c823160c9a3a6c1b9ffc5127d3a7cbba24ac8ee44f1e9d4076f9a41b7
cifar100,2821,cifar100-train-2821,85,reserved_not_accessed,train,06e65899490deedc4308b904d3b651d1cdbef28f075cb7eaa37ad6840d533d5e
cifar100,28214,cifar100-train-28214,53,reserved_not_accessed,train,08ac322cf9acde322df325c28b2bb2a9c9f7b9d9ebdb262057d8723b27946526
cifar100,28216,cifar100-train-28216,79,reserved_not_accessed,train,074541ca3b72100e192a1208912e4c648fac81248de860ef89c83fe5cf3190a8
cifar100,2823,cifar100-train-2823,39,reserved_not_accessed,train,04e38061163fe097eab940c00da98a37eec67a98414f8103eed0b003c6d1ecac
cifar100,28239,cifar100-train-28239,85,reserved_not_accessed,train,02125598551ac10a90bdc1b9397bc851a472c87aebff863730f5ca2c19937d9d
cifar100,28251,cifar100-train-28251,62,reserved_not_accessed,train,00ccae549d14ec917f8a91edef8cc56c9d459e0d33363cdb1809998feb65c857
cifar100,28278,cifar100-train-28278,43,reserved_not_accessed,train,0a3945c24d638fa8b57d43a91b8df6ef0d35288b010d54b6954fa1b9f12b903a
cifar100,28292,cifar100-train-28292,34,reserved_not_accessed,train,06e2791d5191741ecf9e6d485389de4e67f4e4c8d19bc59e8e4b5d8f7e116ffb
cifar100,28329,cifar100-train-28329,88,reserved_not_accessed,train,026c3c57036713ffd3b7562447eb7a606fb9fed341ebc007b5c52fe604ced23d
cifar100,28330,cifar100-train-28330,95,reserved_not_accessed,train,08f0a220d5a9eddb1a5a824f8197bfb79b159cc320bbd9986e8704c2dec8376a
cifar100,28361,cifar100-train-28361,0,reserved_not_accessed,train,02b6bd32712faac8326335cce936094de431c6d842ed9916c578fe028a6ae070
cifar100,28366,cifar100-train-28366,37,reserved_not_accessed,train,06b244aaad816e5bcae39d24e5af0f115abba8199855dccfdfe1e960b7de8ecb
cifar100,28372,cifar100-train-28372,34,reserved_not_accessed,train,057dbd92dd05c3d454a61a27a77e6368b174c13c3e53bc78bb701726d3fcbee1
cifar100,28417,cifar100-train-28417,44,reserved_not_accessed,train,0a397d87a55cdbf7c8af7e399dde69e2a8ef93b572ec7a460b0bc140a4389c2c
cifar100,2845,cifar100-train-2845,64,reserved_not_accessed,train,01c68961b1d1d1db392fceff66bf01dddcb09ed43bc2484bac362b6f266abc36
cifar100,28476,cifar100-train-28476,23,reserved_not_accessed,train,07739c5f12ebdb0c5adda5db73ab1a4137290531cd88354cb68c2a6501c85bec
cifar100,28487,cifar100-train-28487,88,reserved_not_accessed,train,0bf9927ac694f973ad64d4d3882ae6ad12951af3136add78c77bbeaa6137dd58
cifar100,28517,cifar100-train-28517,76,reserved_not_accessed,train,0928e94d064d45c1d363204f50125bb42e8212cbdf2aee911c7caad6aa657dbf
cifar100,2853,cifar100-train-2853,56,reserved_not_accessed,train,02199e2a0c39f00364aef72568f56d0e214deb7395ff2e52ef9a23d03d039ca7
cifar100,28551,cifar100-train-28551,99,reserved_not_accessed,train,09d520777e5809a83d34c78467266f2ff479db9fadd47a017c122f5baf7bce03
cifar100,2856,cifar100-train-2856,5,reserved_not_accessed,train,067025265d25bf6b918118f1a03ed7309b1588a688400987eeaf03a7db01c73d
cifar100,28562,cifar100-train-28562,16,reserved_not_accessed,train,07f574a7b4f640d004b2b5e2ea9d807ac10ab499c5d2730fba62c1647d4d14e6
cifar100,28566,cifar100-train-28566,36,reserved_not_accessed,train,03710f2f80e95a45d084b8c5fd643bcdf8caf96097dc85d146f6eb03cb1265fd
cifar100,28583,cifar100-train-28583,97,reserved_not_accessed,train,04043b1f7b51d31eba408f2a5e3db1358f038cc598be90878299fca5435c5bed
cifar100,28611,cifar100-train-28611,77,reserved_not_accessed,train,08e7eaf85084f8682b840cc47792d6219f415e4e667464d45a90d7c4f39383a4
cifar100,2864,cifar100-train-2864,17,reserved_not_accessed,train,059a1b9f8c01815ac02bb96b86b99c6d19976625eb40a318c146c3b6efb2a929
cifar100,28697,cifar100-train-28697,35,reserved_not_accessed,train,08a927eb25e47b447c810a84b29e04ce39d8e5fb8cdeb6a86641991e58e7b89d
cifar100,28711,cifar100-train-28711,11,reserved_not_accessed,train,074fb9438ed88d3269a605285942580d5e8ed4442008e1b33e8b9b400d909900
cifar100,28718,cifar100-train-28718,55,reserved_not_accessed,train,060eb57a4c7c0a2730573021d8ec9287260500a493c49bf6f28f5a6905f63125
cifar100,28733,cifar100-train-28733,39,reserved_not_accessed,train,0b7095c87a910607949deccc6e6b070d503d382e3d880697b8486b9959b99b0c
cifar100,28744,cifar100-train-28744,83,reserved_not_accessed,train,0b990126c58edffafcb5153ded5f69cc5b8206d76cc8ebc24931f40c6c1b6646
cifar100,28759,cifar100-train-28759,9,reserved_not_accessed,train,0ca71f2f67d3b74277d95b18c3fa0f1c1e5e1d4e265925019dc0dfad04f4cb3c
cifar100,28770,cifar100-train-28770,42,reserved_not_accessed,train,03040f9a044db09107fd77033f74b976b434a0e9e64e4570ca7784e558b1cac4
cifar100,28790,cifar100-train-28790,70,reserved_not_accessed,train,090368d3cc886f55151612d02724f44b49341d0a47e7d9eea9bb098cfd5ddce5
cifar100,28797,cifar100-train-28797,68,reserved_not_accessed,train,026ecf8ff7a132209f27c143859b115b3c62478568e8c43d9ced98fab3be6608
cifar100,2882,cifar100-train-2882,51,reserved_not_accessed,train,07518dd17940dace75c398928ace305f3394a279c4a2c07aad291de9501c0172
cifar100,28839,cifar100-train-28839,23,reserved_not_accessed,train,035137e72b0259c99722f2134b11e7b2eab1b54e0963173c09eb3d8e46695cb6
cifar100,28845,cifar100-train-28845,52,reserved_not_accessed,train,1063510dc75804a28f82782c25d57880f1e7c30acd71cb7bbe9764bec0e558d0
cifar100,29009,cifar100-train-29009,77,reserved_not_accessed,train,05c779fc5f200d48b25bba8deed982d622bd8cc2c369d5464a89033595d5acee
cifar100,29029,cifar100-train-29029,47,reserved_not_accessed,train,065c8da965196353c8b040ea1293fa942b3500930810ecbd7fce23fd79c530a6
cifar100,29030,cifar100-train-29030,66,reserved_not_accessed,train,03767c5faccd07794b69a414d653aacd8c02274b25388b31929d7229e3ee9d60
cifar100,29039,cifar100-train-29039,97,reserved_not_accessed,train,05ef9d2cd862c0b68ac8a93525abeb03cf98ddb56688c5c284e5fa082dd26363
cifar100,29051,cifar100-train-29051,49,reserved_not_accessed,train,0acfb904105a7ea422a4e06c79b085423863b97fa2b481e424f1ba87fb4ec137
cifar100,29057,cifar100-train-29057,23,reserved_not_accessed,train,06ccf8eb9c634f95351be793d42bee37cf7b9be988c51beb7470e35a4225a339
cifar100,29101,cifar100-train-29101,36,reserved_not_accessed,train,06085772a0f906ed1cef1986fce0308f2c85b34251bf7fb822331a7e4ced4759
cifar100,29102,cifar100-train-29102,32,reserved_not_accessed,train,029cadc62ba30ee5362229b105977b5ad6f400ea235334cc340574d6363f8084
cifar100,29109,cifar100-train-29109,93,reserved_not_accessed,train,054e828ad53fcf7a1a5bad42e171e079f2f5e9667b1ddb87cebb8e958d602ece
cifar100,29114,cifar100-train-29114,3,reserved_not_accessed,train,018199eb8a6840bbf56e97e9cd050d6d0c9c1b844cc7142ee12204793f36295d
cifar100,2913,cifar100-train-2913,44,reserved_not_accessed,train,0267fe2c9d39e308bd1c47c4cf902d737ba931f6649a54f9c3787879e4fdcad7
cifar100,29138,cifar100-train-29138,32,reserved_not_accessed,train,05732ae622cf64b0814455845ba82df7f5f3f4e593d9dbcf04504ddf9f43862e
cifar100,29160,cifar100-train-29160,39,reserved_not_accessed,train,0b9876c0cf4fa445824e671e1a4e70dfc32b6349577e3c71d35840e171381bed
cifar100,29172,cifar100-train-29172,22,reserved_not_accessed,train,0d5ed600230ba6ed9e2586fad6774270756bc75a7b82b79e71b7b6e5a9f78ee0
cifar100,29234,cifar100-train-29234,44,reserved_not_accessed,train,02c49bd5145e59a2c305c75c31042b11c57599d4de2e2cb66fca8ce6fd28724c
cifar100,29280,cifar100-train-29280,38,reserved_not_accessed,train,0619d91402f74fe9e69975c11974f1d11835e84d2a979b00fe76929b63768f10
cifar100,29281,cifar100-train-29281,54,reserved_not_accessed,train,1041124eb4920a6cde668ff2a4c356a79f38fee8482fdcc6fa8ef9c7b5f5890e
cifar100,29294,cifar100-train-29294,29,reserved_not_accessed,train,0ebfd6a0f980eca509a8a44911ae8cd2d5091291cfd441cb508c565901dba9c7
cifar100,29324,cifar100-train-29324,62,reserved_not_accessed,train,053edd5332d9ca0a66bbed170da3f918554c43b977954a16894695de8d22ff48
cifar100,2933,cifar100-train-2933,98,reserved_not_accessed,train,014825d009b49a17718edb38b214765647b1fa0e0242783b093010a323acb532
cifar100,29460,cifar100-train-29460,94,reserved_not_accessed,train,0a64c992c146c323ea714e902da1ebf92ec36650d16b8dad3856d165f75b0348
cifar100,29482,cifar100-train-29482,35,reserved_not_accessed,train,0e360db08f6a197f76b55a47996a4e4121aa9b7c1bfc7afa4673ee726187898e
cifar100,29490,cifar100-train-29490,55,reserved_not_accessed,train,06b492e8436f0219241ed6bd8c1081f12fae54253f4ea7f1355dfabf1e025b1a
cifar100,29492,cifar100-train-29492,62,reserved_not_accessed,train,04275f92886c143e37c0464c57095a816f9d2d1af209eac774262fef619afcb7
cifar100,29552,cifar100-train-29552,84,reserved_not_accessed,train,0ae7886e9e1a464cc84d9b0a200989bfe346f0699013be5f149ad60614b97884
cifar100,29584,cifar100-train-29584,97,reserved_not_accessed,train,050d158643701ed5d5b8728d8ac3eee41f9102df37c7125122bb4a33a2b245ba
cifar100,29586,cifar100-train-29586,48,reserved_not_accessed,train,078465ba3c696631179e1015779b4a7cdb62eeee07b8ef6b0e481258f456b605
cifar100,29595,cifar100-train-29595,72,reserved_not_accessed,train,0a220a834fad0574f98acb6536b573ceae8aed2b676ae55e1ecfd7ea67719eb9
cifar100,29634,cifar100-train-29634,32,reserved_not_accessed,train,07c30e5c5edbf03573aa686ee40e8109c2b4864dcfe7d025adf202fa5ed0f004
cifar100,29638,cifar100-train-29638,65,reserved_not_accessed,train,033d94de720df6d907fe50b2247f6c177e4b4bd16f3a6147b649c36524fcdc08
cifar100,29651,cifar100-train-29651,10,reserved_not_accessed,train,083bb8f3d8293c1be907c4971664093952cbd4eff0e78fcb64b33402371a63da
cifar100,29654,cifar100-train-29654,14,reserved_not_accessed,train,076f0cebf414add5053cca66826a80f5b49ed1914a45b057418ddc5a97402a2a
cifar100,29678,cifar100-train-29678,45,reserved_not_accessed,train,091f04e6c8a16315ea8da64156b11bdd7378a43845880e665850ac9d21a38c3a
cifar100,29704,cifar100-train-29704,90,reserved_not_accessed,train,017b4ff79ef263f4480ecb6cec8011891bb38bf20018b23e6e2d98a0566d9d42
cifar100,29716,cifar100-train-29716,46,reserved_not_accessed,train,08f553b672031445478110be36350a640040439d992ea52781cd17959897e271
cifar100,29730,cifar100-train-29730,73,reserved_not_accessed,train,076a463692f48689adc9745142ebb840b5a3a50ea3d7b885c2f3fb827035aef9
cifar100,29786,cifar100-train-29786,13,reserved_not_accessed,train,0282cbdf262e51768055b3679c6d28f90902152d6bc23b8f774f6525704c2b81
cifar100,29847,cifar100-train-29847,16,reserved_not_accessed,train,07bf80a49878bcb7381d2263a318d14d5588746997ba471db826c58fb7abdef3
cifar100,299,cifar100-train-299,53,reserved_not_accessed,train,059f4c96b1e20f413f84eac3bb3ef4739940121fa30a272529b53be601ce97ab
cifar100,29923,cifar100-train-29923,8,reserved_not_accessed,train,0bea9560f7aeeb145fd1e0f208585030035c7a81889477aefdacb6906ec1f0a7
cifar100,29949,cifar100-train-29949,30,reserved_not_accessed,train,1171aa43e5a0eec6ee30fdb159fc4cb39e168a65a8fd8c1d1806ab1f1df3e0c3
cifar100,29956,cifar100-train-29956,90,reserved_not_accessed,train,04e113df143ac6b2b1869348880465799d866a99aff81776bf6728bf060ab825
cifar100,30012,cifar100-train-30012,96,reserved_not_accessed,train,0c90802c6485d4b4901baabd89d1838a99680d62885da376a7687df0425622b2
cifar100,30022,cifar100-train-30022,94,reserved_not_accessed,train,00654d1c9f1b6b13a391004451008fd72481965114677569da225974ed33528d
cifar100,30027,cifar100-train-30027,90,reserved_not_accessed,train,0477ad2182672092ee11ffb8be03ce4995673979f10b7b8a1eb7f521ba1d9f54
cifar100,30071,cifar100-train-30071,76,reserved_not_accessed,train,03e52a55919338da313bb6eecc3520d9ac22d169f5d88fc6107ca3461acfc4ed
cifar100,3009,cifar100-train-3009,81,reserved_not_accessed,train,0ab9acad1d8cb8e6c1a2356bc6399820edd583c66ebf2127f068b671942d1c8b
cifar100,30096,cifar100-train-30096,24,reserved_not_accessed,train,08568f5f22f458aa17c4f31cd77f23e96566cb3dae0d3763e815b486642c223c
cifar100,30132,cifar100-train-30132,21,reserved_not_accessed,train,0179d1c9f9ac3e06ded13e765f27004a05c9e3ffb2a7c1f7370399a27759e62d
cifar100,30148,cifar100-train-30148,80,reserved_not_accessed,train,031ea35c3764dd84496c87fef704023967759cb859544aae163b2d5697f86d5f
cifar100,30190,cifar100-train-30190,58,reserved_not_accessed,train,02067bf212390d4f7c6f2ae4cb66ae95b3adebcd2eeaaad97424ab1b6e8f84c8
cifar100,30202,cifar100-train-30202,39,reserved_not_accessed,train,04c374cc0634402d65337c84f5df6446be2f754d63d6b60981a4a97fc8c32b57
cifar100,30219,cifar100-train-30219,91,reserved_not_accessed,train,09c8d5d23d9d4840e1f90d0c5629c2a522edfc04cea5dfcb34568b72d1a58a5b
cifar100,30225,cifar100-train-30225,10,reserved_not_accessed,train,073a354e371a25cf003aa87c2524ca7f42d825e56da5f70b388338ded6305f8e
cifar100,30233,cifar100-train-30233,47,reserved_not_accessed,train,057db4455e3308b36efda8b171a7fa9e8fddd3926d86f6fb57a8254fa97e74ca
cifar100,30284,cifar100-train-30284,44,reserved_not_accessed,train,04ee52e4588560b9d8a778df38686e26f25c8fdc6cb8a51ae02a959d8083aa03
cifar100,30321,cifar100-train-30321,99,reserved_not_accessed,train,04fde938b4ee7078d6c27291306ec030b957220b58772bff226aff810a8efcfe
cifar100,30327,cifar100-train-30327,55,reserved_not_accessed,train,03130ce8fc7f22f70a90387e82dcefad36e10c0c909336ff74b8eb71d829e61a
cifar100,30398,cifar100-train-30398,6,reserved_not_accessed,train,00579e3b2d32148afe608a3b2421a566816db7e06fe01a16ff4bd8919e97a7f2
cifar100,30420,cifar100-train-30420,34,reserved_not_accessed,train,06e932b2eaf5fd483ddfa1cee9e5a73de5635d7e786f3c5f9340f3abc70f7390
cifar100,30428,cifar100-train-30428,33,reserved_not_accessed,train,0a3e8d73efccb6fc9087d86a009f1c93a1f414b8276a477045841f519a196aa1
cifar100,30475,cifar100-train-30475,46,reserved_not_accessed,train,0484ca277cf1d54670eca22c56584e8a76f9c5251a538d3c1119ce5d752f2b91
cifar100,30479,cifar100-train-30479,99,reserved_not_accessed,train,03035426359617095deac92a2f2c827980602b3efeb0f6fcb626ec2602a74ef5
cifar100,30491,cifar100-train-30491,63,reserved_not_accessed,train,09a0d9715ba16eade1d33c876d1e571279a0d691bcf5ac628273355228459d82
cifar100,30513,cifar100-train-30513,64,reserved_not_accessed,train,0dcbccc90572728b59dde99176de80b0fe17f4a30ca9989b0a191d8becf0ecc1
cifar100,30520,cifar100-train-30520,17,reserved_not_accessed,train,033d8d4d28d2eb3d3f22d5230970cd6678da87c5d5241b890d4b6dd91fcf5a78
cifar100,30525,cifar100-train-30525,93,reserved_not_accessed,train,071027a46ff68f595922d6df8a82d51dd3348f0a6e8058a606db8dfd566be362
cifar100,30527,cifar100-train-30527,94,reserved_not_accessed,train,08ee06e6da5feb2edc5143b6ecfa742be387e4b77059eb66e8706dfc55b9631e
cifar100,30529,cifar100-train-30529,89,reserved_not_accessed,train,02c9cce542a84f5f957cd8782b78c2cc599554ec54eeb85803ad0cd337c396f9
cifar100,30530,cifar100-train-30530,25,reserved_not_accessed,train,026bede2b87c842be2fdf90b79f32f6c32e9dafce94ebc3d8b2ba3669b4d3471
cifar100,30536,cifar100-train-30536,30,reserved_not_accessed,train,068f896901a8af5707b08a058d4fcce8ce89eac3dbe2558421d3d337bb50cb80
cifar100,30543,cifar100-train-30543,15,reserved_not_accessed,train,0127aa47b3c8218aaad7a8ff1d6bec2ed138b5a8c5b51116128d818789812be3
cifar100,30602,cifar100-train-30602,55,reserved_not_accessed,train,0472b78fb5df35830c79b5a3e9b38d4054f3053fd308ba360d97b49367120132
cifar100,30612,cifar100-train-30612,52,reserved_not_accessed,train,0dd77cdfd5ea64f07fcb338677e8ec039fea393cdbd6292489bb504a1482fd38
cifar100,30636,cifar100-train-30636,87,reserved_not_accessed,train,080c3d760aecf27997492b9a05a8c025c6cf55e4648a3de3798e3531df11338d
cifar100,30640,cifar100-train-30640,14,reserved_not_accessed,train,057cffce9d4e119c2e13ec5a51ab35c740bfee20e223bd64d14e1315516b5be7
cifar100,3066,cifar100-train-3066,84,reserved_not_accessed,train,0a1c005b38d7aace57b770e62163b9ac26fcdad9a70440a1e0ec1c846d4bfd9f
cifar100,30661,cifar100-train-30661,65,reserved_not_accessed,train,00b3592173b6108a0f2b40dbfa16e653a6e7efed96f3f6eb92451a8fbfed1e71
cifar100,30662,cifar100-train-30662,55,reserved_not_accessed,train,0470d3206523d0b137c0244e6a15e58ee569ee03d7d20cd1e95e02d158de5246
cifar100,30672,cifar100-train-30672,78,reserved_not_accessed,train,01dc1a3261ace09e47e48110882bdd029a0e3d638705eca09eadf7dd9e6ebfdf
cifar100,30686,cifar100-train-30686,39,reserved_not_accessed,train,0a75d7463b8811ebd12090ba8f5e764376edc9ed62573260cbc3775b1e305495
cifar100,30729,cifar100-train-30729,19,reserved_not_accessed,train,0acb59f8f01437a18431002e08ef7bc364da7ccdd2f19e08e5c0e7ffd8e60ace
cifar100,30732,cifar100-train-30732,44,reserved_not_accessed,train,069df96c500c5ead29f001f8709b052c329265ffb38fe0d7ec864f5eccbcce0b
cifar100,30777,cifar100-train-30777,64,reserved_not_accessed,train,06eb731c708d3e6b32bba83f61acf5a9706fe987bf8a9bec4f202d69a4194610
cifar100,30841,cifar100-train-30841,64,reserved_not_accessed,train,01df4493af4be1ca291b05b4761919e30fea08da128ee0413eac8894e624660e
cifar100,30844,cifar100-train-30844,63,reserved_not_accessed,train,0bbed95e865ae36c909141de933c51aa829bf45af221aa18bc9c559941a10e26
cifar100,30845,cifar100-train-30845,78,reserved_not_accessed,train,01fef57d88ea72460c0c2b6d0ecef10aca13bab4a2eea95f0555710556902333
cifar100,30882,cifar100-train-30882,50,reserved_not_accessed,train,055e4d55a932b93d33766c59e5d1fce766f6fcfa8f06481df33097289bf4df15
cifar100,30885,cifar100-train-30885,18,reserved_not_accessed,train,09df643f0209a8dfb11167b53397285151fd0a73e1e72ec6e4d263960c18c607
cifar100,30900,cifar100-train-30900,15,reserved_not_accessed,train,05fb2dc4997ad51068ccb09d38be9ff7c9b5b6b712c6ba5d5b58981ee3f9c22d
cifar100,30917,cifar100-train-30917,84,reserved_not_accessed,train,042fcd1d73ddf39f97e88a5d3253a61499bc146b688f06f90b61bd0261b866cd
cifar100,30919,cifar100-train-30919,2,reserved_not_accessed,train,03e39e11771af65a631da205dac24b032a71d36c50d974ca0101b30a73697bd0
cifar100,30929,cifar100-train-30929,67,reserved_not_accessed,train,00fc7e15c59ff8af66ed24f4d7a60bac9fd0b0cd0d337e03adf870f217669b96
cifar100,30940,cifar100-train-30940,39,reserved_not_accessed,train,008e328377ed11d51d49cab539a3877df865f73a23b90d474c10629f43823500
cifar100,30941,cifar100-train-30941,26,reserved_not_accessed,train,04cab0fa91ffd9d380caee799967a3adf56285b09b1453cca26de173c86c2de8
cifar100,3097,cifar100-train-3097,33,reserved_not_accessed,train,08b6e211249b8ef6b917f362f4c5bc724d78b1ef60ee87f24afd4352f830875b
cifar100,31006,cifar100-train-31006,14,reserved_not_accessed,train,07e9982fb3e723a3e629bdfa4c0bf5d71df57c4b1bfa30acbfc6ad63fc4b09ba
cifar100,31062,cifar100-train-31062,76,reserved_not_accessed,train,008ae353f7f8e757edbb364a2319fa4d6b30c41b8f38a4da757f9d0c927922ca
cifar100,31141,cifar100-train-31141,42,reserved_not_accessed,train,00b63ab77f8b9f6c0a3ec270247c85b6abbeb0c012dd22d18f638a12e0c7f441
cifar100,31173,cifar100-train-31173,79,reserved_not_accessed,train,0f51125bc0bf767b3698fe1a0ed3640b2b0d3c8f25ae4fcfdb5a06ac894ee79c
cifar100,31178,cifar100-train-31178,21,reserved_not_accessed,train,0c19e23ddf9bcac6235bc91fb7529f8f5f764ec98700092d215da4cea0d21649
cifar100,31199,cifar100-train-31199,72,reserved_not_accessed,train,074660aa69f87c0f61d5d40bee7606a5bb6ff025dc31893a72bf3fe98284a178
cifar100,31212,cifar100-train-31212,26,reserved_not_accessed,train,07fe265ff1a4d7a032969900a6192ebb50c09217e799765224162de06f039381
cifar100,3124,cifar100-train-3124,3,reserved_not_accessed,train,00f9b9531d9ef5a655f7a077aa3c4bbc35f60ab364b4457ff8a2caf6a581b205
cifar100,31305,cifar100-train-31305,17,reserved_not_accessed,train,001cc008242276517406e199fb42b166ccff13e5906952570252b80419f69270
cifar100,31330,cifar100-train-31330,20,reserved_not_accessed,train,04ed698017488b0769e5e49245b3bddf2f650a1de00a3d5c9e412ca73ca1a8ad
cifar100,31356,cifar100-train-31356,6,reserved_not_accessed,train,07c792518204d5cb462760940343d452714a312f9c69b25eea9f5750aa0da588
cifar100,31400,cifar100-train-31400,3,reserved_not_accessed,train,03ba7330d9dcce8b03b13f27fd6cbcc3d2c8fc040ad2fac5e2379237a0c74556
cifar100,3146,cifar100-train-3146,55,reserved_not_accessed,train,0713ef5c40a45406748de52f8dde060b3d3d231cb1c7272aa3edbb3b2a7215f3
cifar100,31461,cifar100-train-31461,14,reserved_not_accessed,train,01a729854e6dceaa9f7c8ee1b60bdf7c8bfa16b8dab3bffa3b59acdb4cc15f6e
cifar100,31470,cifar100-train-31470,90,reserved_not_accessed,train,0259cfeb308944f5f1bf28992ca9003ed97572be76f84a985a7b290e6e6ba76c
cifar100,31491,cifar100-train-31491,58,reserved_not_accessed,train,090294d847b94b80e9322ce7b4edd435cd3379fbef7691eb901fe1a2644f80ff
cifar100,31494,cifar100-train-31494,93,reserved_not_accessed,train,0a8d62d26b12d23a5eba364047f672074d92973f235b0895af0d4bdb181bb5d1
cifar100,31545,cifar100-train-31545,50,reserved_not_accessed,train,0009219583160fe0638e1477cf4d6093dd97c80912db6c123f690755da66522a
cifar100,31569,cifar100-train-31569,11,reserved_not_accessed,train,01b1a828319071f74337cbcd2e36bafb3e144be70a2ac46cf36da9891a2ab971
cifar100,31576,cifar100-train-31576,37,reserved_not_accessed,train,0a3febbf6f0fdd84f6b095a3d2d44f8d45ec74017ec95e184c67f4db24765d39
cifar100,31595,cifar100-train-31595,90,reserved_not_accessed,train,0685d3975f9f8ef3d441766a0eda3d4feb2b4b85ba12e2198fa9d8e36ba09dd2
cifar100,31608,cifar100-train-31608,88,reserved_not_accessed,train,03a55832e888ed47ca95b164cdb8e4b5f0f196b9bbaaff3f40f59371c58cd0a4
cifar100,317,cifar100-train-317,0,reserved_not_accessed,train,010ea8a23a1ae3744033c7845c16a7e587f87879ae1db8ddf31d8ed96f8e9ce8
cifar100,31700,cifar100-train-31700,63,reserved_not_accessed,train,08cc44a0545d9bd0f634dc868badf69a40c11707c52cdb7475c5a7bcd96193e6
cifar100,31716,cifar100-train-31716,1,reserved_not_accessed,train,0c011b5b37b0cb1bfd21f54fec7a018e39ad7988a61341475a008a0a3623fe3a
cifar100,31725,cifar100-train-31725,54,reserved_not_accessed,train,087dd5047c3912613a7d530d54edd0875421d5a80a71a0c4e22012ba7d81ae92
cifar100,31727,cifar100-train-31727,81,reserved_not_accessed,train,03c10536d78bed941429b060606208f6bbc251acfd98ee11a9027ee23fa20f97
cifar100,3179,cifar100-train-3179,80,reserved_not_accessed,train,01ec24f1dff58c5c602baadd0510090cf6777c4c75a12f1252f2b6fcd6359d61
cifar100,31873,cifar100-train-31873,2,reserved_not_accessed,train,0a70938c3ec62793449a1715d0a2a2e78b53c6ad4a176b3cc9eec6efa58805ab
cifar100,31877,cifar100-train-31877,6,reserved_not_accessed,train,08391418ca4f613f64131bdf2f189b758a2ea66715a08784e9724c9ec2685c6d
cifar100,31880,cifar100-train-31880,83,reserved_not_accessed,train,0ab1cc506d7f160329f66d40747b3f575e60c30027d56e1cf1219c63cce406b7
cifar100,31923,cifar100-train-31923,23,reserved_not_accessed,train,08225e22ae7d80e5b1c397d26859a68ca819ce8129e18fd7d5713c1fc47497ce
cifar100,31929,cifar100-train-31929,80,reserved_not_accessed,train,018814e2251ce38fb1cbc7a7b3c10da4da5c00f38577e311d53f47dc2c17b0c3
cifar100,31964,cifar100-train-31964,39,reserved_not_accessed,train,07f6ccd639fdbaea9a755433a37eec383cad97166eb423dbbcd2dd3609bdb128
cifar100,31998,cifar100-train-31998,11,reserved_not_accessed,train,02b0cf3ad277a46c6451e1823dcec4a4857d1fa9445c6691ecab179953f8ef9f
cifar100,32,cifar100-train-32,47,reserved_not_accessed,train,058a83967b082b4b494796aca1350e1ffc1c00446a3ce5f4e150717926bef0b6
cifar100,32020,cifar100-train-32020,67,reserved_not_accessed,train,03a349f2d555bd43b47d0b311e18830fe3937b87da02bf291be1c8ba162d01b8
cifar100,32040,cifar100-train-32040,23,reserved_not_accessed,train,040bb8f000586c3cdd4fcdd7f8e647db33862b1fe0a09fcceb53dc38ddb8f2b1
cifar100,32082,cifar100-train-32082,67,reserved_not_accessed,train,00234d3843d3e15ef87f97b039b88f6a2e5ecd05f9159272607ac0082603d703
cifar100,32084,cifar100-train-32084,87,reserved_not_accessed,train,003e2944b211f3e3e86214c8a83ec82fd3834d4133a9831e53e16c7e7b4e73cb
cifar100,32099,cifar100-train-32099,42,reserved_not_accessed,train,0a247f55292550017639c3cd819bbbf678cc04ad91ac440f9118ac9971eb52e7
cifar100,32140,cifar100-train-32140,81,reserved_not_accessed,train,0bcb682c77483dff68b8a76d5f67dd9aae43cb043cef2612a89b715c73823c9d
cifar100,32165,cifar100-train-32165,77,reserved_not_accessed,train,012a8c99259adbdbb0a5b59e357a4e2101ba536dd4343dd5cbaf55c05295aada
cifar100,32190,cifar100-train-32190,87,reserved_not_accessed,train,05af3959d8510770ec85f8ab1e4d87ab343803a831372a46a3de8c1fe9b6baa9
cifar100,32192,cifar100-train-32192,59,reserved_not_accessed,train,04cc7261d3e3bac695bbf23c9b200cf8388092bef3924a57eb364a90018b2427
cifar100,32233,cifar100-train-32233,0,reserved_not_accessed,train,09a7fbeeef529c3269d37bc9dd20d035d20468a6612879e907ef88a9f1aef71f
cifar100,32245,cifar100-train-32245,61,reserved_not_accessed,train,08cb530de2123a07314a98e9f1adc33da9c4b6cfdcac0738cc77041adaccead0
cifar100,32276,cifar100-train-32276,14,reserved_not_accessed,train,0557ae271bb79b7c7398f46739dd59cacea589a48028e446b8cea81b1e548b27
cifar100,32328,cifar100-train-32328,67,reserved_not_accessed,train,08803873516b2c57f79dcd6bca56262d3b3e64de1e0f383d382d69cf04f19b0e
cifar100,32344,cifar100-train-32344,21,reserved_not_accessed,train,04769c6a544288efae3b34bedc56319b7dcfcc9267154e52d51b51ff51ac886d
cifar100,32354,cifar100-train-32354,93,reserved_not_accessed,train,084a9db72b0ce81df9ab287eadb42a60620d04cd9725488a06a59cc0612c51ae
cifar100,32370,cifar100-train-32370,70,reserved_not_accessed,train,09e5ece494e1400ef132f212dc85d4e01a8aef1121ad4d15fd4aaf0ed8d78623
cifar100,32378,cifar100-train-32378,75,reserved_not_accessed,train,0ab0e801e6fb58b55c3704c7f872d68fcc2384fe3c43987cc10e8af39acc119a
cifar100,32399,cifar100-train-32399,55,reserved_not_accessed,train,0313f62692e7402e384fd6fb600b3f18f7e0143d1ec0422aff45fa7bf2f990f6
cifar100,32459,cifar100-train-32459,35,reserved_not_accessed,train,04e0b776907670278d3a7ae62b7bb2b8bd52a5143e2ec8911eaf8b379d82b2cb
cifar100,32464,cifar100-train-32464,57,reserved_not_accessed,train,049797bcf27dec2470fbe952a3728a85d5753e1300774664b6ce6b7fb7ba234a
cifar100,32468,cifar100-train-32468,19,reserved_not_accessed,train,090f92b4cbea283b99723a15d007d7a5ee68ac54526cab1658cd0e7212f9c761
cifar100,32499,cifar100-train-32499,88,reserved_not_accessed,train,096e67a5d6a53e53805280dc73115da7b0bba5fd7c50207678b5013f0ebfb2e6
cifar100,32502,cifar100-train-32502,37,reserved_not_accessed,train,007383519655823c8b993b276bb21089157e7a2ec712c4c7d4fcdd9b521a00ef
cifar100,3253,cifar100-train-3253,11,reserved_not_accessed,train,0697f7d7b7c591d506a067d0122679dad966421c6e1f657066a9e3f0d5d1b601
cifar100,32562,cifar100-train-32562,88,reserved_not_accessed,train,094dbf75350433fe09949ac53c0c76f9d1a2f0fe7fa1e6a9d77572832c6337a3
cifar100,32583,cifar100-train-32583,65,reserved_not_accessed,train,06d23b2c39aae68d9009beaf74f40864b838f01ff6b3c4eeaf9f7bdfea1362c8
cifar100,32602,cifar100-train-32602,82,reserved_not_accessed,train,0aeee6ecfcd6d2c3e173d8261072b56ca0606ea97d6272ed590a7116085b508c
cifar100,32617,cifar100-train-32617,58,reserved_not_accessed,train,069371e38d390a07cd024d4d7b838b5db9bacba611baed0a8f481cc3d72cefd4
cifar100,32620,cifar100-train-32620,39,reserved_not_accessed,train,05a1e67b4422eb1fb8949a7897654f779b2c683d2217fd63e0f55c8e3434437a
cifar100,32621,cifar100-train-32621,28,reserved_not_accessed,train,0719d0c2f5fdca255e68a3fa3f23b8a73e9fcec3bcac2840094fed66b1f15e56
cifar100,32629,cifar100-train-32629,61,reserved_not_accessed,train,0484582a41eb389dbadd92e7df26485a080ce3ebcee6f71095aeddfd9020f3c3
cifar100,32645,cifar100-train-32645,47,reserved_not_accessed,train,04025a6b237c3cd2cdc8ab743b4d52f80e10d31a2fd5ee6bbe8d8eb9df2123b2
cifar100,32649,cifar100-train-32649,13,reserved_not_accessed,train,0d328bfccee98ddf8ff9269724143945168e2b598939f99dd20cdbe4f29718ba
cifar100,32654,cifar100-train-32654,83,reserved_not_accessed,train,04edffa165f42fed38f6bafb3e7649c692bf74beb7ff0bcfb0cf3414aa42bd08
cifar100,32673,cifar100-train-32673,89,reserved_not_accessed,train,08517009333eeee7e83b7a72c508f20321634562f796b91ddfdcdca8da2b6070
cifar100,32684,cifar100-train-32684,30,reserved_not_accessed,train,142a7e798e125b9029950ce93b57f1ff4e1588b14ccbf7d03b1d7865c792ca77
cifar100,32692,cifar100-train-32692,37,reserved_not_accessed,train,05ced47b9be80524a2a5bbbda3ad022f7d4b870aa104a289140623469bc0e109
cifar100,3272,cifar100-train-3272,98,reserved_not_accessed,train,0ef8c9ed1912568e2a71a1a1b37ff8fdbf2858e6856317183e552ac83a9ffb90
cifar100,32773,cifar100-train-32773,72,reserved_not_accessed,train,00fb848d43fa1bac85e1a0f14c710615f8507e6152daf280125c16e056e73fdc
cifar100,32834,cifar100-train-32834,65,reserved_not_accessed,train,01c4e8f20d3abe0bf2d6c423513e6847b79942215df5406c05519b6d8e94d96c
cifar100,32878,cifar100-train-32878,24,reserved_not_accessed,train,05ad448bcc96c1f789d7009c763bc5099f107d7a294088cef8317fbc91692e5a
cifar100,32883,cifar100-train-32883,54,reserved_not_accessed,train,0a20ea496f95cb665eed528bd01398669c25da0cd981c66cb2a5ee5936c3b198
cifar100,32886,cifar100-train-32886,90,reserved_not_accessed,train,0a7f85489d9f1895704763eeb781455d69abe576d5ed40e47d84b11cf325fdf6
cifar100,32894,cifar100-train-32894,91,reserved_not_accessed,train,02766f88e643b74ad87a0dd4a0dce69fdb9d285f97a32f5225a7a8f748a1f3b7
cifar100,32899,cifar100-train-32899,43,reserved_not_accessed,train,02cade340932f86363accb9418f0a608fbe184a99bea67631f7f7a61e75865ec
cifar100,3291,cifar100-train-3291,99,reserved_not_accessed,train,0cd9c01069d3175d589229b777cfdbe59e3ffba9883f88f0993ed706c61d1f6b
cifar100,32918,cifar100-train-32918,68,reserved_not_accessed,train,02ca208dc4588cf03ace5d3b3d8efe07c890cf285a13ca4681a2e8da244d801c
cifar100,32933,cifar100-train-32933,96,reserved_not_accessed,train,0c1afdf60862f13df6d70e889f1d4bad008c17ee7fc5cfba5bd5b1da7216a6b9
cifar100,3295,cifar100-train-3295,89,reserved_not_accessed,train,01003f33ba4533ee543d82db17b20964209be93471ae1874d9c98bf6cb285ca3
cifar100,32970,cifar100-train-32970,51,reserved_not_accessed,train,0342675302ec3633e80d87be2feaa1d212a1c6795c5de6d6ca1d0faba7f1342f
cifar100,32988,cifar100-train-32988,58,reserved_not_accessed,train,0acc65e31b66b7aa599a0e107c4bbf8af9ca0aa6f2679f26968c1c586aff54b5
cifar100,32999,cifar100-train-32999,8,reserved_not_accessed,train,0ad78b15335df2c4513e197f6a207420a7b83836d0d32a3d07b7e57b0fae25f9
cifar100,33035,cifar100-train-33035,3,reserved_not_accessed,train,0a00caf6540855c8da351bcf973a635d60bdaf3b92cd3ad4ff0f0e34f21d27b3
cifar100,33055,cifar100-train-33055,93,reserved_not_accessed,train,0474674552d7dd62cc3176605d415db4c03abf58564d2b5b7e7c1cfbe1b89786
cifar100,33067,cifar100-train-33067,98,reserved_not_accessed,train,0471f0049a8e21a816505e97d5be65024b086b6415753771c210ffb2d1d5fae0
cifar100,33224,cifar100-train-33224,17,reserved_not_accessed,train,01ea83d839a1fb8c0e531a87ea2d38b92a101260da7999ccb48f8cdff262dec0
cifar100,33250,cifar100-train-33250,99,reserved_not_accessed,train,036346ff33941a5f4a569e988543e63a5df89a96c55bd380da9d6145c354904b
cifar100,3327,cifar100-train-3327,47,reserved_not_accessed,train,0353628c5ffc3f7b8dcc088a2505a6b30fb77cf5d61165aedadfc0f65d64697b
cifar100,33278,cifar100-train-33278,6,reserved_not_accessed,train,01e501725ba57e5ff9f2391dfdb823e04e62c2777fdbbc1701b3b029ba0185f8
cifar100,33306,cifar100-train-33306,61,reserved_not_accessed,train,0a201b7d036a654578aec34c87bbd7c546bd82282c1344e18e352668da16a0ea
cifar100,33319,cifar100-train-33319,41,reserved_not_accessed,train,03cd6a1d3cc57100b7b05e8659b13b4f0748b2c70dfd017fcbaae07eb01f78f4
cifar100,33351,cifar100-train-33351,78,reserved_not_accessed,train,06e7f62a90b0c2c53e5bbc5f8f49904495fa62524488990fef33d2be224e9a7b
cifar100,334,cifar100-train-334,66,reserved_not_accessed,train,02da844e35debc7df61c0304b35c7abab3265099539291d12d14fa7f71f93fa8
cifar100,3340,cifar100-train-3340,82,reserved_not_accessed,train,0723e64152a7dbcf1579a84a3934215b4a70cdd167e23eef9a26513217d96f8e
cifar100,33400,cifar100-train-33400,15,reserved_not_accessed,train,0a6340af2aa937df19e5f6578983b57107af5e4645c150084ab869ad3d136db4
cifar100,33407,cifar100-train-33407,99,reserved_not_accessed,train,02c758ee7a6322010479d91d5355dd705353ef7b93a3bd153848ab8b5f984f65
cifar100,33468,cifar100-train-33468,63,reserved_not_accessed,train,0b83d772a4877de740fff47b5ad66835fdce1a3a288171e26f6b0eec201b74c7
cifar100,33475,cifar100-train-33475,71,reserved_not_accessed,train,01bdeffcce7481024ae42a3391401facbdb95956551c4519391ca2aceef3bc6d
cifar100,33507,cifar100-train-33507,32,reserved_not_accessed,train,0b39505ddc16d0d21a6f906da2a21ebfdbb9eaa73227642497fbe5d788b57580
cifar100,33511,cifar100-train-33511,15,reserved_not_accessed,train,05f50285543a771554a4ace5d07bd86740a37f3ae9acca8a4adcf08f8adfcbe6
cifar100,33522,cifar100-train-33522,82,reserved_not_accessed,train,0218332cacbec6d4e2574d0a94216596597b552f9b2bb55f1d6c5bb15448da5f
cifar100,33563,cifar100-train-33563,0,reserved_not_accessed,train,099530695bba216fcc6278b63b357f280140767b2360548dd64a7e6f67583fce
cifar100,33613,cifar100-train-33613,93,reserved_not_accessed,train,0253e45caad7626836fffb6a71cfa51ed9eecf8877aac708792ccc2ddd0a173b
cifar100,33622,cifar100-train-33622,73,reserved_not_accessed,train,022592784b863ff63b2384c0b970d2fae775de7e0360c51f0ac496c23b7ed0a5
cifar100,33654,cifar100-train-33654,66,reserved_not_accessed,train,07fb184f6d2c2243b55ac1c530d2b6f198bc70b2fd798e25230ec232981c1681
cifar100,33672,cifar100-train-33672,83,reserved_not_accessed,train,0190e2c2378b60412b0a43980fa632ee1ed880a57d8a32c6290949668a5d2206
cifar100,33681,cifar100-train-33681,42,reserved_not_accessed,train,046689a0e6c82d782cdb8006e5e81c0fad687e121c7d0ba9bf35a528419f1e02
cifar100,3369,cifar100-train-3369,81,reserved_not_accessed,train,0083481dd4f2960de15e16f488a2c550f9717a170da9131d12e563252672158d
cifar100,33703,cifar100-train-33703,25,reserved_not_accessed,train,0616e337d334af3471138ce2b6974fe916659dc4a98abb1c0a9cd736fb649add
cifar100,33733,cifar100-train-33733,47,reserved_not_accessed,train,00fc9d250ab281c2ed20381e7c8d72850025f4a85180e5576869c3a1b499b354
cifar100,33736,cifar100-train-33736,54,reserved_not_accessed,train,0cb8b03587631f0cfb20f68ffd09800ee2b32337d581828cfead23db270a0184
cifar100,33741,cifar100-train-33741,89,reserved_not_accessed,train,04375ff2e3b1aba80f6531ac6a8ba066321a63871f3bb1ffd3739e2ee885896d
cifar100,3377,cifar100-train-3377,68,reserved_not_accessed,train,013dbd254b49fae4776a305edb1e14e1a7bdfa58dd260e42d582f5c7af6f379f
cifar100,33791,cifar100-train-33791,4,reserved_not_accessed,train,0332a446fd179e4ada83214351838169365b18919384f196f31a53f8a61fd8c9
cifar100,338,cifar100-train-338,42,reserved_not_accessed,train,059036f5e8a01b65f3e3800b530cff3e1cf2c58b49a6df0693e3b9e7bbb0ab17
cifar100,33837,cifar100-train-33837,20,reserved_not_accessed,train,0adca299af0d2b93858437c5b77b455a1629b27868ac3c02ce8d9aebc7451edd
cifar100,33839,cifar100-train-33839,17,reserved_not_accessed,train,04ba46bc6c9d05b08542687928c77a9dac5bb5c5e6c822e81dc2e7ad836fe715
cifar100,33840,cifar100-train-33840,33,reserved_not_accessed,train,07ef0b59a52a940b87d931f0d15f47525db16afee8b85e14a17c76a57c32d045
cifar100,33846,cifar100-train-33846,51,reserved_not_accessed,train,0730714e5bf5793e71d145b36b7d45f0499d4a9fc4a5935a38753fec787d0b88
cifar100,33851,cifar100-train-33851,51,reserved_not_accessed,train,0836b7a3f04f491639e53cc101434e67bd024d982d6d56e06e2a29d9d9bb0a52
cifar100,33898,cifar100-train-33898,66,reserved_not_accessed,train,0964b470d625a3445c65028a9feac762221f68ff83478b1dcd02f19b2be5ea42
cifar100,33953,cifar100-train-33953,91,reserved_not_accessed,train,0a56832c2616ac8e1f5e7782873e2988410f67f182f7b0a20290b886a5e7c105
cifar100,33968,cifar100-train-33968,60,reserved_not_accessed,train,0622985f0c37e58a49a7cd3515b5e85996f8b1744884cb5ae82a1eef33e1cd51
cifar100,33977,cifar100-train-33977,2,reserved_not_accessed,train,04933f0664acfb81c6c8e49093cec01b67338298470ec4755cdcbdfc39af63c6
cifar100,34011,cifar100-train-34011,39,reserved_not_accessed,train,08c28a03f36bec14447de4e2c84bc77520ee369b909ea5552aec35f10cd75925
cifar100,34014,cifar100-train-34014,43,reserved_not_accessed,train,05b1f1f3e4b328069fa865f2ed9d7cc2878b20a6cf29dabb70a46d2c600966d8
cifar100,34047,cifar100-train-34047,25,reserved_not_accessed,train,043d27e9a521b064a15a92c76dc8982e47dec9696a75a1fbe7dd20cdd547bf17
cifar100,34062,cifar100-train-34062,61,reserved_not_accessed,train,06e79092793f61d73ceb26ff7ac2cbb7a473d4975df1b321c87f397d11b201e0
cifar100,341,cifar100-train-341,87,reserved_not_accessed,train,0481e05a5f54df0925ea0ecd22f88d63aece48791edd5ac663e4cb7bb02cd3f2
cifar100,34100,cifar100-train-34100,60,reserved_not_accessed,train,008dc15fdb92c4dae13ebc13d9ed4810947e12fa0b55136b2319a11725398942
cifar100,34105,cifar100-train-34105,65,reserved_not_accessed,train,012a7c63bc5ebe7b9fee6b9c366d71cc061373a616a22c0c90d24cc94a379568
cifar100,34120,cifar100-train-34120,53,reserved_not_accessed,train,0aaa7c121284448fc8c0b8925a26c023225216813da440ba6d334d867e01daaf
cifar100,34149,cifar100-train-34149,9,reserved_not_accessed,train,0a1bb4fd1cdcb69a5c733056f390e55d74b7d599d987f0b7ca175b8a2c859e30
cifar100,34174,cifar100-train-34174,74,reserved_not_accessed,train,05fdd0a3aa0c1e1a38d2ed7d7187c7aec88fce41402a0c74b9c08704892ae5d9
cifar100,34175,cifar100-train-34175,18,reserved_not_accessed,train,033255ce1a00de59119c72c6d14fae223514f32743d77f847ca4a1ef2015cf96
cifar100,34197,cifar100-train-34197,28,reserved_not_accessed,train,09faf620c72bed758727f7076a9c0c5e2c678f66c7000bd4c3fc3ced121f9eb1
cifar100,34203,cifar100-train-34203,97,reserved_not_accessed,train,0706d863c82891584d382ff0bda75811532c9ab8b28ba95d2f788f968ff53706
cifar100,34219,cifar100-train-34219,61,reserved_not_accessed,train,041bd2aa68cb830657fcf8cee12c78f50e8a48c8906d8617fe3b92c33352cc83
cifar100,34230,cifar100-train-34230,92,reserved_not_accessed,train,07d3b494f5d0a5b5d5361068e7a1578a98c6b683d3d7e7973d310e313a7d5680
cifar100,34251,cifar100-train-34251,71,reserved_not_accessed,train,0473e656c17aebf83aaf6a71da02d464d5d7f5db8d9bcc582df65d6965b57d1d
cifar100,34271,cifar100-train-34271,35,reserved_not_accessed,train,032c8baf291bb1efbe93fd094d0f6e857aaaaa894d608f1ebb95929edd0a9904
cifar100,34308,cifar100-train-34308,10,reserved_not_accessed,train,05f515e2b4ddf34c0a3dbbabca85b6987f4e6217d41b28e68b064ac7bde42744
cifar100,3432,cifar100-train-3432,94,reserved_not_accessed,train,076fd0bf4a8a1ad3d3d6ec1c1c246bb874f13cdd5a100a048c46480300475a56
cifar100,34322,cifar100-train-34322,75,reserved_not_accessed,train,09bcab1fc4f5d7236ca03d02e9189bb2f721ee562dc9e01234b9801c7c946443
cifar100,34343,cifar100-train-34343,69,reserved_not_accessed,train,024260092f4449a6e7481df9ae0cd4a6c0991126cdbf0d4c0fd8460bd0d9e3f7
cifar100,34344,cifar100-train-34344,94,reserved_not_accessed,train,061791cb755c7867a8b5027f54bf06435de00e6e2196abffc0aff42c7ef854d8
cifar100,34415,cifar100-train-34415,54,reserved_not_accessed,train,10b7800efe9f59db112e440bdb7d02e7b39620796872b1444a9bf03c25e5abb0
cifar100,34423,cifar100-train-34423,13,reserved_not_accessed,train,036f3ba2a7b31804311d6187bfeaefa3cd00eb862c999486adda42f3cd227946
cifar100,34426,cifar100-train-34426,4,reserved_not_accessed,train,00a02b76e50372a741b0284750961df648aedf28f9006a7e413ffe5eb09ac2e3
cifar100,3443,cifar100-train-3443,45,reserved_not_accessed,train,01e996916eafe3c153bffa5ec281cd41d4dffa4386d8886a451e569c40794443
cifar100,34436,cifar100-train-34436,31,reserved_not_accessed,train,0284d7895303be5986c91f5863a6fe27c9ff4ab06af0e01fee41d0391d910193
cifar100,34478,cifar100-train-34478,33,reserved_not_accessed,train,0777cf16d1a449d49aa166d56b267fdb654a01ac32bb2da58aba26d3749c4c18
cifar100,3451,cifar100-train-3451,28,reserved_not_accessed,train,02c766e5f0612da86c7666c7b4d6c429a48f02cce72192a0f91732a4b7506f6d
cifar100,34516,cifar100-train-34516,89,reserved_not_accessed,train,04c55d34deec359cba046df474b390f55fabaae6bba425653deeed5ec4a17905
cifar100,34526,cifar100-train-34526,17,reserved_not_accessed,train,00c41b24218197d1adac914fd6710447d1345bc2fefe9038317a73e6b3b4fa76
cifar100,34533,cifar100-train-34533,42,reserved_not_accessed,train,06ff46d60d897597e76a71c780bb10d8de331085bc9ec13ba1ceb0ad0b0048fe
cifar100,34574,cifar100-train-34574,52,reserved_not_accessed,train,001d69eb94e631d08123323d2770359505bccff7297e5038bef8212ef3b6d93b
cifar100,34642,cifar100-train-34642,35,reserved_not_accessed,train,0ab2eeff1b8fb389a8f26a477ce405424103abedacc5c7d3380b7fc3524538e0
cifar100,34649,cifar100-train-34649,70,reserved_not_accessed,train,0274241148428602fad0a583b38215a3c1de73af94ae70f95c4f75ce5280f6bb
cifar100,34658,cifar100-train-34658,9,reserved_not_accessed,train,09cc865c21220915ec7b4a7f7b3c6eba90c56d67d2b8fbdfe90825931f41d6a4
cifar100,3467,cifar100-train-3467,70,reserved_not_accessed,train,024f9f8cb2f04f0da714413a3a289d113eff5b64100f52b8e30180b327fa86c5
cifar100,34723,cifar100-train-34723,22,reserved_not_accessed,train,079d3d0fc650bb2ff40f2d1ec9e97445111e9197fea4657c116e6af6e16e1cf6
cifar100,34749,cifar100-train-34749,3,reserved_not_accessed,train,04a0b9f44478e3a5c01f794dfda825585c1f511a9b07ac93074ceffbcdd91928
cifar100,34760,cifar100-train-34760,42,reserved_not_accessed,train,069ca8904db061c6236ea2f0226fc2abe4d8d60ef1256c5e663f1c177eca064c
cifar100,34779,cifar100-train-34779,59,reserved_not_accessed,train,03951982da6627508b7ee1784451981e9fee000e0426a3596832e04c7792f193
cifar100,34791,cifar100-train-34791,36,reserved_not_accessed,train,04e52fc0ae7e7536de0e3b0af59ae5e1ccf2fa549c9a0dd0b2723331adc4e5a4
cifar100,34793,cifar100-train-34793,69,reserved_not_accessed,train,0aab04a856b15c2702bbd950483397bba348922e3f945e29abf33ebb753de05a
cifar100,34821,cifar100-train-34821,29,reserved_not_accessed,train,0892b5d899b5e35c954c7a2395e9c350f4826045bd3cd1fa0088628a2a9044d0
cifar100,34840,cifar100-train-34840,70,reserved_not_accessed,train,0a4a96e3d828718567eb66cf563814d7efc155d0419623bccd48c8f7765dea69
cifar100,3485,cifar100-train-3485,90,reserved_not_accessed,train,0c68195ea6955d8249988ab0826dfdf2568452be891b7402edf68ea5722876eb
cifar100,34880,cifar100-train-34880,19,reserved_not_accessed,train,0010723548d3e2f4cbdde812c24b1be6318a274f711a161ccc45c0ddb911d830
cifar100,34923,cifar100-train-34923,78,reserved_not_accessed,train,08a7765c60748318440d3e319864bcd408d5e8abe1e8e2966f0de30c02de31b3
cifar100,34929,cifar100-train-34929,69,reserved_not_accessed,train,05cb5a7b676f9f214379dcb72e503f39a6e3e3bcdbc4ee91cb619c36acf7adae
cifar100,34930,cifar100-train-34930,71,reserved_not_accessed,train,0c3fbe41a9e791984ec296638926495c0778b59d246177d0ed754f61a80e8517
cifar100,34949,cifar100-train-34949,59,reserved_not_accessed,train,0e49fe12625d17a3d72578821234327642b736e7285d5ec18a9d44a948ec63ea
cifar100,34963,cifar100-train-34963,49,reserved_not_accessed,train,01310fcd2ee3800e6d56fec7263a856696adfebb1b1a4dbf2ef8886137ed12cd
cifar100,34974,cifar100-train-34974,4,reserved_not_accessed,train,0169c65ec6d3e90a735096e4911a126baf977855cdfd20440bcd793fae6d6c6c
cifar100,34978,cifar100-train-34978,25,reserved_not_accessed,train,01b5a7d585245f1b597267cda2cf2470699eecce930b7863f6c6b23a0406d31e
cifar100,35015,cifar100-train-35015,15,reserved_not_accessed,train,0ee27d6de6ac795c2ffe70d6c130e206e6417cc3c78f8407637f6a268087b899
cifar100,35023,cifar100-train-35023,13,reserved_not_accessed,train,035256d663a572fa5375c1bc6a097c73f691c119bee679e3ed1ec7b0ec771b17
cifar100,3505,cifar100-train-3505,65,reserved_not_accessed,train,06d42feec6925dcc1b87ce805d93b48d2ca4803c71b6eefeb845ce509acbd4d3
cifar100,3511,cifar100-train-3511,45,reserved_not_accessed,train,00dee050502dcd74d2cac09a5de0fa2c3cb11cb0f89d755262a034d0901eca8a
cifar100,35130,cifar100-train-35130,11,reserved_not_accessed,train,0b21ce5225f99b5ea630c2f2b37543f3570357383da677fbc6b4c96bcc282c2c
cifar100,35141,cifar100-train-35141,6,reserved_not_accessed,train,05e8f6b870c845bf79e97b16f248d470ac0891dccbb640c7afec8f0436d7d6a5
cifar100,35183,cifar100-train-35183,13,reserved_not_accessed,train,0322da09fc924a8e0131d53725df37571c333695724d3840b7431077781f2857
cifar100,35192,cifar100-train-35192,27,reserved_not_accessed,train,08a1ff8cdde4fca1bc0ec63bcef15817cda63164d8cf75c04b3e6dda096fb6fb
cifar100,35199,cifar100-train-35199,67,reserved_not_accessed,train,00ea8d626f34e075c74a3426d25b4bff245b6098a2231e1c98242c3621574c62
cifar100,35238,cifar100-train-35238,8,reserved_not_accessed,train,02b618b8698f519415c2108357640770122d185c4b753daafaef135f9751ea62
cifar100,35308,cifar100-train-35308,99,reserved_not_accessed,train,083d5fa46bbb20ec1f6b0bea8244dcadba25ac09e0fd80aa4890f3dca39c6a0c
cifar100,35310,cifar100-train-35310,99,reserved_not_accessed,train,0acb3548f00a667a0ef9e8bbfe7c2fdd7287b51569ab5fb2c5c43ff60691c7cc
cifar100,35314,cifar100-train-35314,25,reserved_not_accessed,train,01549903ed245eecf9a636d1dd435d1f8f35200418879bd2e3cd1fcd8723b413
cifar100,35322,cifar100-train-35322,63,reserved_not_accessed,train,0918eb9ac4130ef5443ff28ff051e19fd7acacd7942f3ba4ca45d2984bca4280
cifar100,35348,cifar100-train-35348,61,reserved_not_accessed,train,08e5d34a1e82bc48a9f8b839346740825d6200bcdfa7a53b532657a5716c5fed
cifar100,35360,cifar100-train-35360,35,reserved_not_accessed,train,0a4948b6c92da3bd7dbc353ea621d7276ddc4e5e2885b0e04dea820006f78709
cifar100,35366,cifar100-train-35366,77,reserved_not_accessed,train,0a89d779d7602577349edf8db207f554e3f1ada4c34caba1497fbce3a4866e1c
cifar100,3537,cifar100-train-3537,89,reserved_not_accessed,train,00b817b5d5487088b887abb169d42cdb5fe39dac75130304fe29d644ec9ca7b1
cifar100,35399,cifar100-train-35399,7,reserved_not_accessed,train,05573d47d3f5e4d908a6454a6701787a8a9cee0dc6304ee192427dcb541d3fe5
cifar100,35403,cifar100-train-35403,21,reserved_not_accessed,train,0594d19c919160acb403df12c54c3b87ec2024029af7d62bd4b69ebc0f194dab
cifar100,35424,cifar100-train-35424,86,reserved_not_accessed,train,0b9e282cc7ed4011d9e8e54b49a709c38c018aeebe0ad8e6e65cb4ebda5b3fcb
cifar100,35434,cifar100-train-35434,10,reserved_not_accessed,train,032865cb0ffb7270148c7fe16c78fcd3058866fcd187d86d054a9e21d5a6063a
cifar100,35466,cifar100-train-35466,43,reserved_not_accessed,train,0859d566a4d8bce9b4642f48a1aa9b80a00aa04d1b2aa30b2cbdf54c17976f53
cifar100,35467,cifar100-train-35467,53,reserved_not_accessed,train,0b75fea3fdd1c001b3dc306c6f7ee6947d197c9e2aa978c2fe2262191d0f7f9a
cifar100,35470,cifar100-train-35470,51,reserved_not_accessed,train,0cff2e29d80dedcb7bb9637bdd61552053cc7323e2c63a8acaa913d5cb6878ec
cifar100,35523,cifar100-train-35523,60,reserved_not_accessed,train,0724457d81b9b1ccc65d6371d3663f20ea565cd3fbe8caa9c85283bdf32c9daf
cifar100,35528,cifar100-train-35528,37,reserved_not_accessed,train,019c0de42ecba2a760ba4982276bcd11d9ccb0419db34f3f53e837fc74912ea8
cifar100,35554,cifar100-train-35554,47,reserved_not_accessed,train,05d29428c075401a3babce9666353bc2721ba20b45048e40b5461afe2a639335
cifar100,35571,cifar100-train-35571,24,reserved_not_accessed,train,0671d2c30a2b1315da63967492f012cd26baa6ce12c50f9dd9aa1fd9c586f4fb
cifar100,35595,cifar100-train-35595,13,reserved_not_accessed,train,05dbbec0bc727a92e5aa812108f42c8cc6b940cceabdf3c25584cabd8890c707
cifar100,35606,cifar100-train-35606,42,reserved_not_accessed,train,007218ddd6187981315339cec831e0b929d42dbb8f45bd7f07370d0d245eeca4
cifar100,35638,cifar100-train-35638,22,reserved_not_accessed,train,04842bfb4f7a9c45afb5703c74ed2ef8d6e9b819bdc783369a07870993a8f6a6
cifar100,35667,cifar100-train-35667,5,reserved_not_accessed,train,08b235bbac609fb66aaee8fe80e81ddc6696096a573002e85da4950ba40e29f2
cifar100,35680,cifar100-train-35680,95,reserved_not_accessed,train,02cd8cf36765dbccebf4b27d961fb39525a6852aa75da7d3cb62ba352fc5d116
cifar100,35715,cifar100-train-35715,55,reserved_not_accessed,train,011d6541871965accc8e14521fe6452cdbc99cba8fb83c26b41438cf35c92a9f
cifar100,35758,cifar100-train-35758,19,reserved_not_accessed,train,09c8571ca6947882b39fd8f526febf6484f7abfb91c2fa213d3ce9d3cc0b724a
cifar100,35771,cifar100-train-35771,66,reserved_not_accessed,train,05b10e7e910d0429bbca3456e9649472de76d99abee052c9081d2f7813a4a9cc
cifar100,35832,cifar100-train-35832,72,reserved_not_accessed,train,02a12f5763a48a7865dac17266288551c6e2eda387da89431b53856e923de972
cifar100,35890,cifar100-train-35890,45,reserved_not_accessed,train,0472fb5570aacff65954d41689a1178b91dc177fb58ed9182caf2d92b0320639
cifar100,35901,cifar100-train-35901,52,reserved_not_accessed,train,03cdb765b8ace78fdde20ba96fa89ae890f7fdec537fd210a72c8175a0825f63
cifar100,35937,cifar100-train-35937,38,reserved_not_accessed,train,016aebafda57773990c7478d7f3807eaff4f9cef4dfbc5b7f69656ee7239c5d1
cifar100,35939,cifar100-train-35939,30,reserved_not_accessed,train,0f0f79f5c132079193156b1aa301345cb492b9ddf32f8d4440b111e4739f13da
cifar100,3595,cifar100-train-3595,25,reserved_not_accessed,train,07e50ae95353899ffa6b8e475b11e34e4302bf8e685c66e86d90788403ffe4bf
cifar100,35965,cifar100-train-35965,31,reserved_not_accessed,train,02c0695e538c100ccfe28fb3b83dc240210424715ba488d876c3ee88c8e75ee6
cifar100,36018,cifar100-train-36018,13,reserved_not_accessed,train,08eb7af618cedd4a199b9b9b6a2743a53dabe43b6c974d4621bb39668551b3a0
cifar100,36034,cifar100-train-36034,36,reserved_not_accessed,train,0850e8b3a785dfe537b8ed63e7931c6c9d61bab0a03ea74911fcc29f848f55e1
cifar100,36084,cifar100-train-36084,71,reserved_not_accessed,train,03c9efc9ef86fe87d130d2adb37b6cda891a48726243e91130ceeb88a660fe7d
cifar100,36157,cifar100-train-36157,78,reserved_not_accessed,train,033672419b97b9e75d70b05768a4a7822285c25c8a3d6931325e54492b1be030
cifar100,36182,cifar100-train-36182,51,reserved_not_accessed,train,09bec35edb337d9f4119a4b9d455e91c4fab9b8e663358452c9633ed3d1f86b4
cifar100,36190,cifar100-train-36190,92,reserved_not_accessed,train,074db96e717f7989d3e85e99b90d6cec887124ed27f95817defbc08cbc4043f1
cifar100,36200,cifar100-train-36200,48,reserved_not_accessed,train,014cf141553cd7cbed9d1753f70779647011ae652f64f9c42be7a7c8f4d76a2d
cifar100,36202,cifar100-train-36202,42,reserved_not_accessed,train,09f1dfa2118c02134d70a96280d239f2c9e8a611b1b52121abea0c2868c72561
cifar100,36274,cifar100-train-36274,87,reserved_not_accessed,train,04a21c470a2d6a3f38ec554ac9979638a717496e5ab9aac49079ad914cc890b6
cifar100,36309,cifar100-train-36309,16,reserved_not_accessed,train,054c724e7763c0a67786e94ba2ffd9947b05b1c0ca27c7e9722a1b68d7b738ca
cifar100,36315,cifar100-train-36315,95,reserved_not_accessed,train,017177404cb798bd51c6a74d932100b46773e5712ed3a84d77536ea0b27865ae
cifar100,36318,cifar100-train-36318,94,reserved_not_accessed,train,0934f9c74b9041636148fe391d36186ec9e41acfdfc79b6463d0167799b1c6cd
cifar100,36323,cifar100-train-36323,0,reserved_not_accessed,train,05f0c41c38951a76f134a5c31cd3a9bc2a6285d8a5fd2a22237f33c184981c16
cifar100,36368,cifar100-train-36368,87,reserved_not_accessed,train,07c34c3e219bce47b9a4faad212b82f27447eb2b34a157684619577c643450cc
cifar100,36380,cifar100-train-36380,85,reserved_not_accessed,train,092d7cae3fdb551850cc403da800eaccc8e5f1a99b3132a57148c808cf55cbef
cifar100,36381,cifar100-train-36381,28,reserved_not_accessed,train,0410b17407e89309032f210374e06932977f1d5a938592345fcb718f1099b221
cifar100,36432,cifar100-train-36432,42,reserved_not_accessed,train,03a3cd21bde46aef439eddc4c4fd75f95c033768cbd658360e219c271bad96a2
cifar100,36488,cifar100-train-36488,11,reserved_not_accessed,train,0247e728da67d4224a256b0b253e6d8ec44285c3ea513e4a2ba92c8ac1020292
cifar100,3649,cifar100-train-3649,79,reserved_not_accessed,train,0a1fb33128cef06c4cb789d4d3ad5eda28e04176f1074513cd10b7cf6471d887
cifar100,36531,cifar100-train-36531,35,reserved_not_accessed,train,0c945eb9423846cb665b0d6ad0c8ee3506ffe077adda4fdb7e41b2b08f35c670
cifar100,36556,cifar100-train-36556,3,reserved_not_accessed,train,0c643b381cbd9cfd299a4c49bada26dbbe74d73ef7d571890a5350e5be4c72d9
cifar100,36557,cifar100-train-36557,20,reserved_not_accessed,train,0c7e3ccd9827dc62691160d9f2618171be6be0a8e6261494fc4667bb693046e2
cifar100,36587,cifar100-train-36587,30,reserved_not_accessed,train,0f27e81c3e556b08a6ac9034f6e925960365e41e0dea545a92f95f3705365c38
cifar100,3660,cifar100-train-3660,68,reserved_not_accessed,train,04674f38a8c31aab0451dc5c602d779729a896eb8d74046a1c28179252fdb4d0
cifar100,36625,cifar100-train-36625,69,reserved_not_accessed,train,0b9c95a3019f9ae6001f6f9ab75878b66c64066c9d77f554fd8b015f11e3fac1
cifar100,36631,cifar100-train-36631,82,reserved_not_accessed,train,099d9aafaef96133851e53e471f23f01df8a2c7dab7b10cac1b2505c6e0de372
cifar100,36692,cifar100-train-36692,92,reserved_not_accessed,train,056fc276ad3dbc4ce74938815f4ae320bbe116934aacff4d60d3675188ad8e0c
cifar100,36694,cifar100-train-36694,55,reserved_not_accessed,train,03b9f64a43b123660c090c08da3d42b9b99adee90b21e9ac1bc915e0a3201629
cifar100,36721,cifar100-train-36721,83,reserved_not_accessed,train,07f33f11ed1ba28d27597ca34111be0774fcbe5e805d69cb31352325e29a63ad
cifar100,36737,cifar100-train-36737,6,reserved_not_accessed,train,03840028017f22c18fdc97f00c8faf70224092ddebfbaa5c5b401e2ee1be6078
cifar100,3674,cifar100-train-3674,60,reserved_not_accessed,train,0260229ddcb4d50e98530f65736bca98c3f82b4deb353e2738835868ab9297cc
cifar100,36792,cifar100-train-36792,86,reserved_not_accessed,train,019145482e5589f1c7b70d41046b5ba35f3d177e8e2e73bbacdff6a7cbe59c5f
cifar100,36811,cifar100-train-36811,15,reserved_not_accessed,train,09b2ae4d11895eb147e3ed40542f8975d66f3582fd3c6d19cf9721c80502a83e
cifar100,3689,cifar100-train-3689,12,reserved_not_accessed,train,019cc756189a29dd1e88c31f375b3264bac1c7cfee18509f0c1a47709e704efa
cifar100,36905,cifar100-train-36905,35,reserved_not_accessed,train,0cde207661285c14b3fd4210421a50d34de32b299476525e67bb5e31553ee8e5
cifar100,36914,cifar100-train-36914,71,reserved_not_accessed,train,07727de9bc2ebc628b1e9240b189a6499cf1a9e1d0267e442e6d1e7f2cd0fce8
cifar100,36924,cifar100-train-36924,58,reserved_not_accessed,train,06802abfaef84d154e0552c5ce0671486088918383b897bb60b8d83463ca900d
cifar100,36925,cifar100-train-36925,64,reserved_not_accessed,train,0cb80215977da531ec4c5a9fd93fe0663a4f40e24076828848fb35d5530e6a98
cifar100,36934,cifar100-train-36934,7,reserved_not_accessed,train,0328a4b15e1ce5ba8f0d59813fcda4c6e89aff8ed7dab120dd4c19287808b456
cifar100,36961,cifar100-train-36961,34,reserved_not_accessed,train,0459b50800b6d79a542c55370ea22575e90a4678a819412b8d8d826f5528fba0
cifar100,36963,cifar100-train-36963,27,reserved_not_accessed,train,024fe5ec0ec421b2bdfedc9cec7ee2154d50fb42e4370da9b5944135a97e0d1c
cifar100,36966,cifar100-train-36966,7,reserved_not_accessed,train,09e0aebb8cee97da1db6f10ae75a74f15f6ca52838d66d9f986cb665b3027dba
cifar100,36984,cifar100-train-36984,79,reserved_not_accessed,train,0efff33ac9160d939bdf924797e09a82004d9f902df3aba9fc593543f6a45b04
cifar100,36985,cifar100-train-36985,24,reserved_not_accessed,train,03b55eeb2813f465c93154ad4b6598ebdb65e73f798a53f318eb0febc8e6b99e
cifar100,36986,cifar100-train-36986,20,reserved_not_accessed,train,07771afa4d48ad964ec723985b7b6e9fc19369898a24b0cdb54d45b596e9c593
cifar100,36989,cifar100-train-36989,55,reserved_not_accessed,train,05ff1d1bf082e5faec5a9be62a76b13e21ab0b1ed79b2a1fe719effd3aac1f77
cifar100,36990,cifar100-train-36990,10,reserved_not_accessed,train,06372609626c3963c7a4e42057d8939198e953dc96c2e2fe43d90966bb67cf79
cifar100,37028,cifar100-train-37028,3,reserved_not_accessed,train,0260da001b83e8df1f2ac50c13e82cfa6a6d51923ce028862876c7a7a0083dc8
cifar100,37057,cifar100-train-37057,4,reserved_not_accessed,train,0210fac84c9e746117e88f88375bf44a1e63cf878c2e2382d8f2f3021fe3c35f
cifar100,371,cifar100-train-371,12,reserved_not_accessed,train,0929b3933e8b18d3bb0f35c55503fb46b9b91731f4d000e5144898eca28d2b87
cifar100,37103,cifar100-train-37103,12,reserved_not_accessed,train,08e045c34aeec42b47d221ba7603acbdea5c391c33a822bb0b03a23849006eb7
cifar100,37114,cifar100-train-37114,64,reserved_not_accessed,train,0696a731ddbfe58024416558cf739f62d3c34d847a493d3bd57738fe05159ab7
cifar100,37116,cifar100-train-37116,30,reserved_not_accessed,train,0154783fac512f6930040a6db8e13aa78b4a4a646cb9e0ac7399ae96415a8a51
cifar100,37124,cifar100-train-37124,18,reserved_not_accessed,train,0f4d73140624b74191616bbc3fc6a9feaf143fb8a113c1800dffa82de41c4fa1
cifar100,37132,cifar100-train-37132,5,reserved_not_accessed,train,0c09450e6ab809c0a6af761d8d5b777f5315335947f891d21a27ce9c03677a92
cifar100,37147,cifar100-train-37147,98,reserved_not_accessed,train,010b1df554b57e0c24fa7ad4d9fb232f7ad63fc0427f3fae165fdb51759a5382
cifar100,37149,cifar100-train-37149,20,reserved_not_accessed,train,020e1813726cc1c133641b5f4bc6d0d88e8442a2e5a04b4c9b3ecde372dd1c66
cifar100,37163,cifar100-train-37163,2,reserved_not_accessed,train,0eb46f987d7ac77d01c315234b610fbc34add595019d6afdbf4cdbb00fc7cd3c
cifar100,37188,cifar100-train-37188,67,reserved_not_accessed,train,0331ca9f51ec021df142914b020a2b7651bd4acaabe19cd8525018f557b82836
cifar100,37210,cifar100-train-37210,13,reserved_not_accessed,train,049918ec30dd45cb48cdf9a53a4765450876862a3dd0c902b14d0bfb828e25da
cifar100,37211,cifar100-train-37211,10,reserved_not_accessed,train,021c01972ec877e5a9851c462cfa758be29cf0710c9a6f22c2be8d4192a0d95d
cifar100,37226,cifar100-train-37226,6,reserved_not_accessed,train,01a06de0b80d3d159e9022a683f540e450c15267c26c2392f9b2fa907f53825c
cifar100,37307,cifar100-train-37307,63,reserved_not_accessed,train,09918f8ca138b1e5061c05a4e48cc8e64bb6cfa06e82127a4c3ba7663424fd37
cifar100,37308,cifar100-train-37308,19,reserved_not_accessed,train,048ff02da5e1e6b576ae422cf1c8e5fddcaa468c9369dcccecb0bbe029eaf046
cifar100,3733,cifar100-train-3733,26,reserved_not_accessed,train,08efb0ff06ef835c63738730f8eb406d2995cea121b0f1da924a960057689e67
cifar100,37330,cifar100-train-37330,72,reserved_not_accessed,train,0b84201d4c054fb1113663e7a9018ddb90c624cc4fb1fa3223fc61f1b1cfa2a2
cifar100,37332,cifar100-train-37332,20,reserved_not_accessed,train,01e185e2439b6ff8d5d481fce6951c056438cb6e2dd6babdeb746496525f5ba1
cifar100,37379,cifar100-train-37379,35,reserved_not_accessed,train,0d3904d63a5ad41c5d865f874f69b42b6cdb3c87ceea62a5ebf826555351dce0
cifar100,37394,cifar100-train-37394,76,reserved_not_accessed,train,0ac90f2f1989248b5bdd7f6056d626e2d3212b4123bf3a40d18b33684758bd1b
cifar100,37395,cifar100-train-37395,75,reserved_not_accessed,train,0bf22caad834464e7668601688be72ea6efe0bf221b035cab3e10c59fd4d0988
cifar100,37414,cifar100-train-37414,70,reserved_not_accessed,train,04f144102b7b3006b5cf777b3a33d4597cb360117a1d0e2e379696476ef9d31b
cifar100,37434,cifar100-train-37434,4,reserved_not_accessed,train,01c293f1da723f75a45416260697054a24ecf8dff76221a6d77e1d41935889e7
cifar100,37447,cifar100-train-37447,72,reserved_not_accessed,train,0c20a6d2857ffbcc033fc2c1c9c674ed2e4fd0163e0610b903740158f3fd5f53
cifar100,37483,cifar100-train-37483,61,reserved_not_accessed,train,02274621e611e1901761da257a7af0fb8c1341252a567258c0c8a9af027f1b41
cifar100,37572,cifar100-train-37572,77,reserved_not_accessed,train,03c853532facda109d1e4efa8b7e4f2c96aaae47524c614caeca90ec52d2d6cf
cifar100,37580,cifar100-train-37580,61,reserved_not_accessed,train,04bdaa8cd592f7de41b85d4e13f72b3723ecc007082ae32c4da30e520141ad8a
cifar100,37593,cifar100-train-37593,31,reserved_not_accessed,train,0430e278457647f2bbc0dba619318bba51845c40b0778c21458bceb9e5fe5b7d
cifar100,37603,cifar100-train-37603,76,reserved_not_accessed,train,0b43295b7525d0ecfdd5f86bfb0f05837fbff830946d596c04f343251f36371a
cifar100,37649,cifar100-train-37649,95,reserved_not_accessed,train,05dd85feca71b08e6e4f6f5fbdc8044f92c1ceef683e811ee3c49f39cd0769d4
cifar100,3766,cifar100-train-3766,98,reserved_not_accessed,train,06f04a9c4bd3f88e6005a87ff6ee2816f75920e1ced0dddd3e29a67c1a3acbd7
cifar100,37695,cifar100-train-37695,29,reserved_not_accessed,train,000aeb275e4def00b8338cba41dcaa4dedd0558381e30855d5f8f2ab01c9269c
cifar100,3771,cifar100-train-3771,87,reserved_not_accessed,train,0309b1e33947596c709a0e7d1b7a34fcb4563598d0a6a7da5ba656b8d561238b
cifar100,37725,cifar100-train-37725,49,reserved_not_accessed,train,067edc16f59fbd7c21aac81460504b452e8303db5355c5213234e5c28478fd0c
cifar100,37757,cifar100-train-37757,16,reserved_not_accessed,train,00a1fd79c7a665f76e345b337b06e434e65cf826d2f74777342c19e37f113348
cifar100,37786,cifar100-train-37786,62,reserved_not_accessed,train,05b5e10a3792ea879b6bcea2d928a5a3e3b2b8554a66275c58b94c4dc26b6d3b
cifar100,37799,cifar100-train-37799,73,reserved_not_accessed,train,08776c40b163f341dec00b28a2988e160a3f958badac76c77438e6f233ea5416
cifar100,37809,cifar100-train-37809,56,reserved_not_accessed,train,03e9ac2a513dabd2e30b8439c2f94f3256a69d6363305f72aef59cb2ca419ab5
cifar100,37810,cifar100-train-37810,79,reserved_not_accessed,train,118dbabfdf0260c1a424448fa9fea4f26dce9788b3a8ff2ad1d58fb83d1c166f
cifar100,37824,cifar100-train-37824,58,reserved_not_accessed,train,02c1e07ce5b4e0d08c4249608ebc91ec62bc90bebbc6b72cbab362f60c51015e
cifar100,37840,cifar100-train-37840,45,reserved_not_accessed,train,04606bac43eceaa73d4a2ce5778302b9d8926e5597f6a92a4b3b88c0d97f80bc
cifar100,3786,cifar100-train-3786,71,reserved_not_accessed,train,0909512f408a4b2d6589c508cd674a199252b53948da17b291e5eb1791cf2dd9
cifar100,37861,cifar100-train-37861,22,reserved_not_accessed,train,033cc7182c8b05909444e6cbec497e641e78e9aa9d72e02ba1db35dc8cbd5ef8
cifar100,37889,cifar100-train-37889,28,reserved_not_accessed,train,05164876e67a161e10bc194ac54bef2a5bd5162d31661ceb76a0b3e877e06ad7
cifar100,37910,cifar100-train-37910,56,reserved_not_accessed,train,09d33fcc9a758f2d3d6543101db0067649e798223920de70b8564cb0a2e81cfa
cifar100,37913,cifar100-train-37913,2,reserved_not_accessed,train,0c3ce7919a3595d21deed70d3fef3580190b45483ccc88e35a68b9f4ec33620f
cifar100,37948,cifar100-train-37948,70,reserved_not_accessed,train,09388967914c359a8d401be9ff355a591c009750c610bb6070d21c6e97bd84ee
cifar100,37978,cifar100-train-37978,84,reserved_not_accessed,train,0a5459a5725e765c91ca3b474169c0e67ae1c1252509338c4a9a483f765239bd
cifar100,37981,cifar100-train-37981,63,reserved_not_accessed,train,01938f8b514afc6382ed588042dedd9587d016a3be4202fcba84390ab6cd6700
cifar100,38003,cifar100-train-38003,98,reserved_not_accessed,train,0f9d0feca3baa8d66ca3d11067f137ca425d663f393986d46d104ae508b29075
cifar100,38023,cifar100-train-38023,95,reserved_not_accessed,train,05fc0867b21c84892420bec4d42f992d69fae90196bc50fe45b5d0f899c09595
cifar100,38041,cifar100-train-38041,39,reserved_not_accessed,train,0bbb12e9fcd437805c74040cdeca5f3fe6d2a8702e2402d6533d326aaea986e1
cifar100,38046,cifar100-train-38046,29,reserved_not_accessed,train,0f7226cded2a69ff07b96278829fdf7ea99b770f0ec0e60224f5771b0974a3a7
cifar100,38083,cifar100-train-38083,31,reserved_not_accessed,train,0a9e85883f12fe03f657a3df144f53182b569d94f40f0d91a4fe5aa143f36ee1
cifar100,38092,cifar100-train-38092,18,reserved_not_accessed,train,0357e0aa2b9431162bd9e2abc498194fd277c185a3eb562c3b4c972414221bd5
cifar100,38096,cifar100-train-38096,74,reserved_not_accessed,train,060f8ae6313c263d77296ab694e5a12435fc55428fdd3bba7ad2985da43d72f8
cifar100,38170,cifar100-train-38170,18,reserved_not_accessed,train,009e3c1d99b9e2030b2917f01e9e452f5c4de93ffa09d9af63e4e4d5c2711560
cifar100,38178,cifar100-train-38178,45,reserved_not_accessed,train,02b2fc94842256e89b97c86b92e400683d368af5ef24b1ebabb4a1bda28cf1e4
cifar100,38224,cifar100-train-38224,43,reserved_not_accessed,train,079ae2f080a4849be53a1be7406a2e81efa74ab722efbb32b85733fe00f871af
cifar100,38272,cifar100-train-38272,4,reserved_not_accessed,train,034972e748fd1abbb5947c504f1a011214d3cdc791fe2527bd25c8e441b37d75
cifar100,38295,cifar100-train-38295,37,reserved_not_accessed,train,05cd0a936d0029bbc9e9bd8cfef49602b11a31f6e406484da3320db7e995664d
cifar100,38302,cifar100-train-38302,64,reserved_not_accessed,train,0ba19d96c5db07be2896fdd327071cf2f50b232d3ae79a0f6db3581cce7d9910
cifar100,38304,cifar100-train-38304,6,reserved_not_accessed,train,01079eac7332ef94404282ee8965b8d1be8ca30f8ec7d730af92b6c48e5c7f08
cifar100,38324,cifar100-train-38324,93,reserved_not_accessed,train,003913d09f4deba1bb678e68aa05222432fc3acb85e0ad1719a1ef0b8f1417fa
cifar100,38331,cifar100-train-38331,76,reserved_not_accessed,train,04412683e296cabf5699fa1643d0d7708c3a765e00f78b0299751f7102b16367
cifar100,3835,cifar100-train-3835,3,reserved_not_accessed,train,038756c4b1aa958f84625a0b73b62fe6c202a856fbce3617f139668195735468
cifar100,38358,cifar100-train-38358,72,reserved_not_accessed,train,0c3f09d0a27d77ed828dcaf5194b93cd7f0d26e45e44526c6ba3c137a8e3b57a
cifar100,38423,cifar100-train-38423,55,reserved_not_accessed,train,05c7a95be14b8c0b256bec6bffe835d95e1308a017bd2eb66475d126a6762b9e
cifar100,38438,cifar100-train-38438,7,reserved_not_accessed,train,03ed1e666df50215f407ffa4eb0b0caaa5e1853fe493f6c66ce1aebfb82e3238
cifar100,38459,cifar100-train-38459,56,reserved_not_accessed,train,028eb291e3d1a9b226af6392710d209c63b24ee43042044219fb67a9f4a75129
cifar100,38463,cifar100-train-38463,85,reserved_not_accessed,train,03df19defc398b19e2aefe4dbce69c760913ebdcd0d5f995bdbd0944ae1442d7
cifar100,3848,cifar100-train-3848,56,reserved_not_accessed,train,0c49a2cc731eb6ba2a3ac68e8b0714cab9bd6238eb1c3496f5c667fbf7f7cec8
cifar100,38482,cifar100-train-38482,0,reserved_not_accessed,train,05c4fa1eb065dd04a7a89b4efd4b3faf62fcbc7579c8abaf52161b03caf50423
cifar100,38483,cifar100-train-38483,26,reserved_not_accessed,train,09d6642aabafab8fcfb5ffa1ce3a74cdd7ce0083aee8ecf4672b22f49bb315e3
cifar100,38498,cifar100-train-38498,18,reserved_not_accessed,train,07d5d1f6e8fd725bae811bbc32d1fbe5354864f028587e062a01b35d8cbf38bd
cifar100,38516,cifar100-train-38516,50,reserved_not_accessed,train,04f788a2c9bd9f52256c3201b6750640d4a75a7e738cfd89f346f32e517cde62
cifar100,38522,cifar100-train-38522,92,reserved_not_accessed,train,08ed9ae4de970e45be46248acecfe8bea72f34df2b8b41adae82a109a879e839
cifar100,38533,cifar100-train-38533,43,reserved_not_accessed,train,0dfbff11f68bbd6407522fd40502e3f8b50ab55296d78f6b3c7b6d39b18992b5
cifar100,38566,cifar100-train-38566,93,reserved_not_accessed,train,046029678abb5b86169516d93b59fc812e5c51939b377ce11400ffc6ab216101
cifar100,38721,cifar100-train-38721,89,reserved_not_accessed,train,01342ede73c5953f82e373bc225583330751cf08aa97356629722002867bc9cb
cifar100,38751,cifar100-train-38751,51,reserved_not_accessed,train,063e86491a47b264d8208de5e40bd8448ee2ffafd395815a4d0b553a7fb74cf6
cifar100,38755,cifar100-train-38755,92,reserved_not_accessed,train,09b6aa9d9fe8853f1fd7c1f0e776c99be68422809ba95e0f0cfa32f54e405430
cifar100,38760,cifar100-train-38760,61,reserved_not_accessed,train,05bb964d0bdd2d350358cbf6fbe7bf98c8233ef784fcc822523d8ac5acbed76a
cifar100,38804,cifar100-train-38804,7,reserved_not_accessed,train,0b4cfd13668ca96fb892c059792915ba4c9d0d7041f0e25b7214ae22829115b1
cifar100,38810,cifar100-train-38810,24,reserved_not_accessed,train,0662e54b00e36d252f8716bca25222de2a269e89cd3882ce422ba2887e20ff28
cifar100,38815,cifar100-train-38815,26,reserved_not_accessed,train,023d6b11f7579e3679d130993120432163bfaeffc5c13db2d32476aa0c9ca97b
cifar100,38846,cifar100-train-38846,19,reserved_not_accessed,train,00fc93561b512301dc5d5de95702fecef2eedc570030e789fd17d31860e92f10
cifar100,38853,cifar100-train-38853,26,reserved_not_accessed,train,07496631def4cde371175ae30c6082f3eee7c6a5f8806b005c6dddfcb9b9ced0
cifar100,38860,cifar100-train-38860,33,reserved_not_accessed,train,075a0be4cca6810b1039230b5f0cdb14407fa725fbad7ddb05ecb7464d705a0e
cifar100,38899,cifar100-train-38899,73,reserved_not_accessed,train,0879ac8616f7aa4c370771e52aa8f2f73cdf4dbd552c25875d27c5ade20b1ed9
cifar100,38908,cifar100-train-38908,0,reserved_not_accessed,train,0085a5857651fc628e622f8824bfb5b4dde054e1fbb28e1bee828d5d06d2a081
cifar100,38920,cifar100-train-38920,95,reserved_not_accessed,train,07035d9d30c834b745aff85f642da43ee4838863bc13e18ef46a10dd8a6d3b26
cifar100,38995,cifar100-train-38995,87,reserved_not_accessed,train,063b50d98c936e8162d6befc7679fa279d20647793cec7e6a7e8be4775c936c5
cifar100,39022,cifar100-train-39022,20,reserved_not_accessed,train,02438b8b65fbd6ba7622dfc45174635f232cb6d5eadf49a598a493c6ca89feb2
cifar100,39023,cifar100-train-39023,5,reserved_not_accessed,train,042eedd05d97103707dd8e9d379de2f67a8c7c7a5a97865136a6558cf64644ba
cifar100,39122,cifar100-train-39122,5,reserved_not_accessed,train,0be0fef0c3c140972172b44207a41898398d6f74365fffd1b7853b6d6039e6d6
cifar100,39131,cifar100-train-39131,48,reserved_not_accessed,train,051d865a95885e63478b4dd6529debce7f3ac1d4419c3160edcce0b055a298eb
cifar100,3918,cifar100-train-3918,68,reserved_not_accessed,train,0085e98b95ab62deb8165722f0272b415279f0af840c7016446147c444bca825
cifar100,39189,cifar100-train-39189,15,reserved_not_accessed,train,0b8e15d23fb3f3387ae34016ef34d467424ee63d694207f06b66390f91f6602e
cifar100,39243,cifar100-train-39243,67,reserved_not_accessed,train,044f13d331ae880c60448eb0fed8350aa6872cf1e071b9391866b7141d68267f
cifar100,39254,cifar100-train-39254,64,reserved_not_accessed,train,014f3309c4dc88a3d8cb31e7568a4c40528383c3e53d572d4d013ddd457a0457
cifar100,39269,cifar100-train-39269,74,reserved_not_accessed,train,0670131952ba684759d05fa4d0e8f4ee555038b4d98a39f3ec5047c2c0635136
cifar100,39334,cifar100-train-39334,95,reserved_not_accessed,train,056e951a097a1bb611223fb8f70985a9ba1e2de5631d5b3de3c0ef84487c9615
cifar100,39367,cifar100-train-39367,38,reserved_not_accessed,train,06b71dbcba874abd8d9855f877253bb677cae3dae8c845b1347cf1dab566b016
cifar100,39404,cifar100-train-39404,0,reserved_not_accessed,train,0010222434f559887c36cd7d4f98817e86045c29500294b68209a339e02202cd
cifar100,39424,cifar100-train-39424,1,reserved_not_accessed,train,0ee14b0bc5094306f5c58cb2f46aa0f076c01c396ee96be44de4daa8c2438d3d
cifar100,39429,cifar100-train-39429,46,reserved_not_accessed,train,06e429f645bbe72a07cc2fc25b204ac1f9e60bd5488eaf490bc07446f37df339
cifar100,39431,cifar100-train-39431,88,reserved_not_accessed,train,015acac7c41d8320aeac73083f2e3afe529bdfaa220c7eeb71e7bbb442f88be6
cifar100,39432,cifar100-train-39432,33,reserved_not_accessed,train,0b530a26afa10816099b1b898d3e09f3de3590005b46773b11298f06083a3126
cifar100,39434,cifar100-train-39434,10,reserved_not_accessed,train,00305c0319663b54b73c8967937813389760efff5bddbb03ec683351a2187e01
cifar100,39439,cifar100-train-39439,27,reserved_not_accessed,train,0742eeb2344f36391a62e2c46815e9257d12df5cc68bb2a5c24b59d680eba053
cifar100,39452,cifar100-train-39452,98,reserved_not_accessed,train,032fd536b9d9e7f97ac7e81a3e44182ab0b776ddeb8efc997d46d4d579c790cc
cifar100,39480,cifar100-train-39480,80,reserved_not_accessed,train,063b1959442ee151ddc789e9fea5ef1af7a8d6aff3ec465ccb2b9afe681d2320
cifar100,39518,cifar100-train-39518,12,reserved_not_accessed,train,06ad52b63480d5565933ad82dd8c75e2193d714fcf22f2469fec30162d4063af
cifar100,39545,cifar100-train-39545,11,reserved_not_accessed,train,02f0ec029cbc2747c35abdbafb5d42f0f994ca8f04b12f0acc71f21fa913dd92
cifar100,39603,cifar100-train-39603,97,reserved_not_accessed,train,04ae21ca9ea4be21582da83bbc4fa7264c72793039dc30b4b92cde6dd3d5dfe4
cifar100,39645,cifar100-train-39645,69,reserved_not_accessed,train,07f3f236d9c91d550719fcef44ba2f42f8fe612bbf0a70e4e474b5df81e4e3b0
cifar100,39670,cifar100-train-39670,64,reserved_not_accessed,train,008b62285b21cefa2640613ce149653272265d6f46eb5b2179afd9506016562a
cifar100,39678,cifar100-train-39678,64,reserved_not_accessed,train,0a128a8920ddde830e308db867ab24334532b3c641d3e697aabd1e4b774822c5
cifar100,39722,cifar100-train-39722,57,reserved_not_accessed,train,0a1fd4c76338a434f81bc5a5f69e0d6069287b89de8cfd2b4082f5f12aac18d5
cifar100,39727,cifar100-train-39727,46,reserved_not_accessed,train,0223bcf601e6de528b25b177548c3e79144590d7ba5588d2ba8b53bd0d874e59
cifar100,39738,cifar100-train-39738,40,reserved_not_accessed,train,00b9ef80b899aa1b911bbb6a22762e3c0c98a59b56cdb11b9ce7a2f079f32cc2
cifar100,3975,cifar100-train-3975,22,reserved_not_accessed,train,075c383bf9d9d6c36a71981f4fc169596212cb41672cc07745ec6fa536b287e8
cifar100,39764,cifar100-train-39764,64,reserved_not_accessed,train,0c628669228056032d8149cca86dec23e14b6b4cd82261e34ce387c9aa3ebc8b
cifar100,39769,cifar100-train-39769,17,reserved_not_accessed,train,0495d529cdf6d02fc7d45382f8cb7b880f41a8303aeda8c1552e75dd6ff85686
cifar100,39771,cifar100-train-39771,9,reserved_not_accessed,train,03ecae586ed9966baf12cdba1c08f8f944d3da67bf700cc25f20a09c0f11c1c2
cifar100,39789,cifar100-train-39789,95,reserved_not_accessed,train,003e6f30d53a98c760f6dbc3d07ae32bb9ea5d0bb6207152f60aaccacba2134c
cifar100,39850,cifar100-train-39850,63,reserved_not_accessed,train,0115bff74890d6d19236fa932b8fcc21037fa4e81c16110fdd7b69bfc228177a
cifar100,39859,cifar100-train-39859,38,reserved_not_accessed,train,057a890801aea22f100f6af9ed3fcb10c5ad7d66941471233cd6618c554d02da
cifar100,39899,cifar100-train-39899,11,reserved_not_accessed,train,07f9a60d27268af2570ca7934d8b9e514778b3741c708dd5ad23516889babb61
cifar100,39906,cifar100-train-39906,80,reserved_not_accessed,train,0844cdd11aa3572a16e1db6e92c7b4c93c97647dae72ebcc33a0ef5382540abc
cifar100,39920,cifar100-train-39920,78,reserved_not_accessed,train,0c96c2d77d2ae7349ea711d3d79bfcd6769b41fb4eb9e62fc2175d85c1d700ba
cifar100,39983,cifar100-train-39983,24,reserved_not_accessed,train,0e1f964dbca9094abe38e17c0fd95bfa4eac04cfd6cd8cb1b72f05b60f38223c
cifar100,39988,cifar100-train-39988,1,reserved_not_accessed,train,02ea1280775a954e981e527e83ffddb81748b069becee8d2d201f558a912e574
cifar100,40050,cifar100-train-40050,48,reserved_not_accessed,train,037c985ba61bb5ef7f5b2fa2eed8defdf7ffd15a1c57e1ccdefb602cfadd9661
cifar100,40070,cifar100-train-40070,81,reserved_not_accessed,train,069b51ec6da4ecd1c9296f4a88bb4539978c28d058d5426bfbba96037f70fbbf
cifar100,40074,cifar100-train-40074,40,reserved_not_accessed,train,03fe919fc03af20b2055ff67b978f8118c6edf5156d8c4c0dc11b49329d402b5
cifar100,40094,cifar100-train-40094,59,reserved_not_accessed,train,0c743259b012868cc461c88d050490558cc6bbfb0dce583ab05365996933ab1f
cifar100,401,cifar100-train-401,46,reserved_not_accessed,train,027a39187ca1442d0f62ec5402f6a57e1050d7a576aa36b2ee7fc30c10d0d08c
cifar100,40124,cifar100-train-40124,91,reserved_not_accessed,train,060504a0c82d8adcaedebe6f4484c43edfc2335ddd5144189fed172c730aaaca
cifar100,4013,cifar100-train-4013,75,reserved_not_accessed,train,0073c2750f3fff3dc7336540597b1d7aea508b3a11dfda974a95b204f73373b3
cifar100,40141,cifar100-train-40141,28,reserved_not_accessed,train,020aea8d576a0306a8fa4ad1176b0660b5d9680c3853ac5dd5df43b1eeda5de2
cifar100,40155,cifar100-train-40155,26,reserved_not_accessed,train,02cbc8d448413bef2f7a1df18e7f1cc54d57a9aafdda8beed10e4a44b6c2d8c9
cifar100,40247,cifar100-train-40247,25,reserved_not_accessed,train,062bdda3cf35362405eed27406004a8535aa0e47432ff724377e5fe1d257e251
cifar100,4026,cifar100-train-4026,10,reserved_not_accessed,train,06da6ebe19429d272ee740db6d2fd78ad965468aae47a7499ec7b006e6cc8941
cifar100,40276,cifar100-train-40276,15,reserved_not_accessed,train,0e29cca2d82793918b94a7f9f46e127d559f1e29874494fb4bf277d8353229a7
cifar100,40289,cifar100-train-40289,49,reserved_not_accessed,train,01df84abca45fc4365856a33202d68b2329e73289e1dab615ef3aacebe6ff8f4
cifar100,40314,cifar100-train-40314,3,reserved_not_accessed,train,0877092e5b42f52b09416117a91c1c8c9f33f134f113782170a6847a4be4e0ce
cifar100,40334,cifar100-train-40334,86,reserved_not_accessed,train,00f1b283eea41f3f34aa50e192475d1092990e350095da4dcd6e3fbf7d6da6a9
cifar100,40372,cifar100-train-40372,1,reserved_not_accessed,train,0410fa7223c3d130bd6e1a9ec8292955f3a77a0059c0a757f4c81ffcebf293df
cifar100,40398,cifar100-train-40398,40,reserved_not_accessed,train,0764e3950fe00ae9d690e156c556d0ac486fe3213f623d96360317f9a9dab951
cifar100,40419,cifar100-train-40419,0,reserved_not_accessed,train,022c7cf59e623de65c9bb821178bf9a88ff79dc5200fa95d2de4ceb23fd09a33
cifar100,40433,cifar100-train-40433,66,reserved_not_accessed,train,048ebb082157857074865795f51348a2239b9dffde1cd42da80b7e246810ad2b
cifar100,40469,cifar100-train-40469,69,reserved_not_accessed,train,07301e6e54c7c795f38211275a071285aa81a598a076820270b884d6a0f485e1
cifar100,40480,cifar100-train-40480,19,reserved_not_accessed,train,07831bff035a15c61994725b85daf0ef375047bf7c41efc23375e4fa59f37d7f
cifar100,40483,cifar100-train-40483,77,reserved_not_accessed,train,0af2565bc5ed092966c24913b6a977c13de96a33486dbcda8f166879f3397d62
cifar100,40484,cifar100-train-40484,89,reserved_not_accessed,train,073f7c5f307cdab4d3007afa9f55be944777a6ca220e2dfbd4c02bebdd611a20
cifar100,40519,cifar100-train-40519,36,reserved_not_accessed,train,0602bbdf4e378e0b0b3c48250bb9c83992c86381a23161817087d38df33e00f8
cifar100,40532,cifar100-train-40532,1,reserved_not_accessed,train,0cdf1d3170b6d1c9259a4c3054b8e123726ed4c7bf735f04d219e3f803f54412
cifar100,40534,cifar100-train-40534,96,reserved_not_accessed,train,0b3d83047baf8965d8a6a4c4b4337a36aa583ce058619c2d9663547860d381ad
cifar100,40538,cifar100-train-40538,69,reserved_not_accessed,train,009a4bdeaab215a091a2feb700e69902ecb3b9c989799a9f3a43a1c1789aeebd
cifar100,40544,cifar100-train-40544,10,reserved_not_accessed,train,04f1c09f14ddc84c7c86dc9b64104269659caee1a9cf9f8de0a4541a611f9462
cifar100,40586,cifar100-train-40586,40,reserved_not_accessed,train,0bd8058efe0ccd445dcfdc0ed4d71c9100e6ed8d5bd3bac9661e503c8ad1b84d
cifar100,40587,cifar100-train-40587,44,reserved_not_accessed,train,069ba7c56876ad8238c4a3e4894557c0f491ecfcb231953139b1cecb46cf9fe1
cifar100,40595,cifar100-train-40595,13,reserved_not_accessed,train,0b69eb42d19fa5b39f05d38800e0309c2cc8e01ba6644b21614e35fce21f1ecb
cifar100,40607,cifar100-train-40607,0,reserved_not_accessed,train,068ded2786b97542ebe864ddfe86f52378916592a2999768ae33236e25bb9a87
cifar100,40617,cifar100-train-40617,54,reserved_not_accessed,train,0aaeb78c805208da9ff9e3a9efa806a6171ae883c7e11786c488d7138c4be0dc
cifar100,40623,cifar100-train-40623,76,reserved_not_accessed,train,03e9c04cbe5a32423edcb58527763a885474058771f7b19ec63e0ee7168347de
cifar100,40668,cifar100-train-40668,64,reserved_not_accessed,train,0349db93925f08bd6d6227898470ed77cafc750c5aafde74754f86df25b12e1d
cifar100,40702,cifar100-train-40702,14,reserved_not_accessed,train,054749601f238cbc2c4ebf79e265fc095dfa46c0026281806bd62a256223b0d5
cifar100,40703,cifar100-train-40703,9,reserved_not_accessed,train,053a4294b7c3c0e6f227c858c305683668b827e4938eb9a4c034ceeabe5e8289
cifar100,40734,cifar100-train-40734,7,reserved_not_accessed,train,08da6263309b1b5c4d3252cc87c6c77118a300e8be14b8e12f3521c007f073bb
cifar100,40771,cifar100-train-40771,42,reserved_not_accessed,train,0b950f730daa7cca58a3ced1f1ebd4437661a8eb4817a6dec24ca4469794aec4
cifar100,40803,cifar100-train-40803,89,reserved_not_accessed,train,04f893ba08a0672a8c1543f9dca4ae6c22997b227c6f6b7a0fc561268a07c3bf
cifar100,40831,cifar100-train-40831,30,reserved_not_accessed,train,06eed35a1e34e22d01b9694764369d086e299f3ab06a36497359aaee1152005f
cifar100,40889,cifar100-train-40889,73,reserved_not_accessed,train,0189720f4bfc030e80d50033d16ecb2193edaebe8423e09aa1050eb72e20761a
cifar100,40950,cifar100-train-40950,57,reserved_not_accessed,train,082b649cc1d361f7fbce1365ef2dfcf7fea8b94ef36b9d682f48a2e72ddc2bbd
cifar100,40965,cifar100-train-40965,81,reserved_not_accessed,train,02c1fd606bc2d3b21ffdc11bb8d3e22973169bb3183a7cc8529fdd564ba387a7
cifar100,40973,cifar100-train-40973,65,reserved_not_accessed,train,005dbe4d7cd9492ced45627a6ad12c337607451ff2e48a74da613053c197ef61
cifar100,41022,cifar100-train-41022,51,reserved_not_accessed,train,08a2e644f7e08b070002841cdcfcb89e7c7e7cd56973c134704e849592c82e4b
cifar100,41037,cifar100-train-41037,49,reserved_not_accessed,train,068e7f6d824917029d9c6c5c56f2aeec33035d4bba8c28c910534417e018a83b
cifar100,41038,cifar100-train-41038,99,reserved_not_accessed,train,0c0f33bf9f62a5099db9030ba3b742ac6ebad3f86e49b853a813641b993e1e1c
cifar100,41040,cifar100-train-41040,63,reserved_not_accessed,train,071a4d0bdacce802195bc87c5c43357587d087eabe538f57bb28eb24be2beb0f
cifar100,41086,cifar100-train-41086,48,reserved_not_accessed,train,009afb689f2737165d8ecdb3e4210af4f324912417f4ad2f7bd9f9089abfd891
cifar100,4109,cifar100-train-4109,1,reserved_not_accessed,train,06887acf2e0859c2d09fd37312e475974ac21115c734858d97ea65ea9e9edb2a
cifar100,41093,cifar100-train-41093,34,reserved_not_accessed,train,0743989450fe3f6c2f7ee848bc800ec0778d7ffac3de3d9300a641d1d976d44e
cifar100,41165,cifar100-train-41165,18,reserved_not_accessed,train,0b93adf9f885ceb83ddae469cc6e124f940c102ffcf0799b8b078db3179706ad
cifar100,41174,cifar100-train-41174,89,reserved_not_accessed,train,022ea4d630d76d008b58b5646aef5034c98735bed6155a6f4ce4448fb5b35488
cifar100,41177,cifar100-train-41177,24,reserved_not_accessed,train,0d8deadcdd178e2b83ab21948f1243cbfc8c6bbbf3ddcbaa5c4e271b714330bb
cifar100,41224,cifar100-train-41224,75,reserved_not_accessed,train,0cfeba1fca842c52f95cae2155f0bf92b3b2669b60a0ede1cf5c5bcc98a45469
cifar100,4123,cifar100-train-4123,65,reserved_not_accessed,train,031bee5fa29dabf6129fefa50e27d5c11c077ee82e80b9974eb45343d18e9c35
cifar100,41238,cifar100-train-41238,72,reserved_not_accessed,train,04ef74842515405f9860525ceee8934540df0e4e4eeb7464235d82cd363c0e93
cifar100,41273,cifar100-train-41273,24,reserved_not_accessed,train,018a2d416202484a29959d75d44a52d48765017d4c669635be7a69c4a0adea2f
cifar100,41308,cifar100-train-41308,1,reserved_not_accessed,train,0ee948e230d998489a6cd682717fc246ef18d31a3bd3d6aabed019903df0afa8
cifar100,41327,cifar100-train-41327,29,reserved_not_accessed,train,07bb2c234724996faac555bba620146d8e1248b807e31275f3a29730a5859c46
cifar100,41328,cifar100-train-41328,71,reserved_not_accessed,train,01a792d4076ce60d02f3051c85b254aa56eee408472b36715aa57ca95d05b3ea
cifar100,41362,cifar100-train-41362,32,reserved_not_accessed,train,08bb63684d11ffcef5b9b92ee026cd5a34071e75de2a57bd0f015e5daa8e0e5f
cifar100,41411,cifar100-train-41411,45,reserved_not_accessed,train,03fb5d72e2addc7fc39ebd261d6bab2f4f32ced811a3420a95d7b666d01c1a23
cifar100,41429,cifar100-train-41429,45,reserved_not_accessed,train,0827f1418e94ca866794be6ceb2192c7588a81affa0423b5ca4eff96371c23bc
cifar100,41495,cifar100-train-41495,31,reserved_not_accessed,train,011e34068acba2c7994403f4dde6d0188c82d90d5c6d3efc7a5bbbc29c6903d0
cifar100,41497,cifar100-train-41497,79,reserved_not_accessed,train,0799ac3e6aa415d095fad6f5f165489ee76016e398c288b16f2421f9cdc38f39
cifar100,41509,cifar100-train-41509,9,reserved_not_accessed,train,0c77f67603666de1dc51def1d23b18e9482f6d35ad39f62f099888ec6b4f6ea0
cifar100,41514,cifar100-train-41514,51,reserved_not_accessed,train,0aaa403e6fb98f29275157ce615e783b2a76fb6f9001894d9092857dcc28c5e6
cifar100,41524,cifar100-train-41524,55,reserved_not_accessed,train,058a1c4eb63b347934c9a8b28d38d3ccfc6a53d05fef9979e55c4a239754f568
cifar100,41532,cifar100-train-41532,18,reserved_not_accessed,train,00050461cecbdfcc7c4ad16530af6305d535ed8c8d85974c7400c5d43689005e
cifar100,41542,cifar100-train-41542,4,reserved_not_accessed,train,0624ace37f9f86f3a637e4b9cf41800e991c68c1404eefbf2327fb40164dfeaa
cifar100,41592,cifar100-train-41592,84,reserved_not_accessed,train,0428126992d5420fb65f56e60d923dbdd975b00efbc9dc880ca9dbc1d8043432
cifar100,41604,cifar100-train-41604,91,reserved_not_accessed,train,03172494d1a8c929b005e4c4efb0ddb252308986ef499c2c68fa5a9f35e69242
cifar100,41638,cifar100-train-41638,97,reserved_not_accessed,train,00afd86ba19a74d94d884f32f305b7032cbf72efd13f3c7e7d21ed3afc5d80fb
cifar100,41645,cifar100-train-41645,33,reserved_not_accessed,train,03c4d78e359b6e19f6d97d849bb89f6cfe17ad26b57a30f54db7dae12cef71f1
cifar100,4165,cifar100-train-4165,1,reserved_not_accessed,train,01a1357e3b5508e7f6d2a28b3c59c99929e58af38c068f14e4f30d7a88a64d65
cifar100,4166,cifar100-train-4166,95,reserved_not_accessed,train,072d44eebc0ac111dec985a1fadbccad42db745494f4fc9103c2070dea33e7ec
cifar100,41665,cifar100-train-41665,4,reserved_not_accessed,train,05a4e7ef07619d4f5ed14bb02d99696b9f83b43f1d314a64d1ce9c9598494db5
cifar100,41677,cifar100-train-41677,30,reserved_not_accessed,train,0c225f8aaff35efed6f1e2d92ca922e4c28f9d6cfd90afd3c949e5050b4bc91f
cifar100,41710,cifar100-train-41710,87,reserved_not_accessed,train,03a5e5ea25b20bc71b61321a9ab4d1c319677d1a42f1c721a4e01f6cd4b228cb
cifar100,41722,cifar100-train-41722,41,reserved_not_accessed,train,05ac4b1592fb3cc16cb832148610fe4c216f86f7ca26f6567d63a7e05b47343f
cifar100,41779,cifar100-train-41779,89,reserved_not_accessed,train,00648e88aa364ab5474b49af29921727ad8a86f79f91f676df3aabb816c1bbde
cifar100,4179,cifar100-train-4179,98,reserved_not_accessed,train,111531fcd6b453fcf7ec790fef9ac34302ff9d7280b87028db5a8e337875338f
cifar100,41791,cifar100-train-41791,22,reserved_not_accessed,train,0d7da0e4c85a0f64cc852f5f7fcc3e79a3a3df18c5e9dfeec92b34c3934375ba
cifar100,41804,cifar100-train-41804,36,reserved_not_accessed,train,05f979068c6a25c1fb7fc6973f01c6d7acd9441dfa33bf5c5d22c9d15bad922d
cifar100,41858,cifar100-train-41858,37,reserved_not_accessed,train,01e9b3831300a615a9ccd7cc2df5a95d98dc283c75fa79379712949d78fe040d
cifar100,41866,cifar100-train-41866,23,reserved_not_accessed,train,000533c120d709c49bef4ea57ffdbd4701e325155f533b225f9da23771ce409f
cifar100,41867,cifar100-train-41867,2,reserved_not_accessed,train,08cdbbd215df41da4fece9d6c05789f26278b1ff43423f0888eef03fbba88f7c
cifar100,41877,cifar100-train-41877,42,reserved_not_accessed,train,0a101381ae71ac75d68177dd71ec8a9fd08acc1624299b2b3c2bc0189a7d3857
cifar100,4189,cifar100-train-4189,64,reserved_not_accessed,train,01bdf206f449844364c0971db1bf8bd2b736f22049dcf6afb8a155417aaa3139
cifar100,41947,cifar100-train-41947,0,reserved_not_accessed,train,090c338f491b146ecb2389497dc0cd937900cac745417cc142c918e72aec5f18
cifar100,42067,cifar100-train-42067,97,reserved_not_accessed,train,070f61a0263f1a435401c5772034acdf920c2ef436d94284845b0730495d8811
cifar100,42069,cifar100-train-42069,96,reserved_not_accessed,train,02d3d469cf54afdcd8f6195f72344aef0f42bc16a5b5c0616dd43bec7e26120c
cifar100,42088,cifar100-train-42088,37,reserved_not_accessed,train,0376a370f9f6e94e64f6b54727b21ae929b1e90103b4658ee1011b51f0755cce
cifar100,42095,cifar100-train-42095,99,reserved_not_accessed,train,0a20cef367d915166524718ec19147557a5ee7d2ba7e06ec274eaa3dde6e6018
cifar100,42159,cifar100-train-42159,39,reserved_not_accessed,train,038f040271449a4f6a5a6eab5205b7f3894b7d5bc7b7c1fdc71a1eead98fb3e3
cifar100,42167,cifar100-train-42167,24,reserved_not_accessed,train,0d638c1c49f1f7115a2a642ca8b8c0741c571d57962e9ae826117b41f6eff570
cifar100,42288,cifar100-train-42288,7,reserved_not_accessed,train,04123ecab37943335d7e9650dd24485e2ce48298fc4ecbee95eabfb0873dc97d
cifar100,42289,cifar100-train-42289,95,reserved_not_accessed,train,072e1edc4f1bc456940324cf0f5b7a0df4ec87d2d9dac8100e3962384c7bcd38
cifar100,42291,cifar100-train-42291,31,reserved_not_accessed,train,0591c59e4be2fc78a503098958aee82a740f95da185f5cb2ba90eecdc2eede34
cifar100,42336,cifar100-train-42336,59,reserved_not_accessed,train,02cde49c2dde364c56e258d2af8be6a01b09599572fda6237f8c8adf7a1bb9f2
cifar100,42360,cifar100-train-42360,5,reserved_not_accessed,train,0119def82320c9c676429b80e51c7e109fe41e95b598a941bb6599ec2213f2d4
cifar100,42407,cifar100-train-42407,34,reserved_not_accessed,train,0395fdc30b147504e5a7f0eb4389b5c78ed0edc17d7b8ddf9da92147bd75147d
cifar100,42409,cifar100-train-42409,40,reserved_not_accessed,train,0043abf31b8cd627718fd497612f5738aa95789d397936dd0ff9eb52205102dd
cifar100,42412,cifar100-train-42412,47,reserved_not_accessed,train,06b61ec9e90e52202440bcfa7aadb13f00e994af886b0691319df662b6420b20
cifar100,42425,cifar100-train-42425,90,reserved_not_accessed,train,0b1c7982c6aa14e2b3f41b2c07ab49e93bad4db6bd7e8eb25858d985e0157def
cifar100,42427,cifar100-train-42427,87,reserved_not_accessed,train,017262f42006e3010a8d8906821015ac161e5b04b6d5b787ae404d47a1f310c3
cifar100,42450,cifar100-train-42450,66,reserved_not_accessed,train,07fdd9b886ee4879f53f55a8dbc7f647cd9c8511c0f2dd5bb34e696fc2e2007a
cifar100,42451,cifar100-train-42451,3,reserved_not_accessed,train,06b3bb0fb32ec2bc3195a0e707ff4595a44a059df0c2e55e0faa585a226cc7dd
cifar100,42454,cifar100-train-42454,32,reserved_not_accessed,train,0b9ab780ffc9c6cb8c44f1fc8e214df1d3c0b8e64e02da4bf61929df74a6c54a
cifar100,42477,cifar100-train-42477,70,reserved_not_accessed,train,04ddb257b92c215d1f102099beed7670df647e731fea3d548f9821441378c89f
cifar100,4252,cifar100-train-4252,93,reserved_not_accessed,train,053ed15b0f8be09fa7d7485f6882738049f701dfbf81efa686d0a9ccacb83569
cifar100,42524,cifar100-train-42524,81,reserved_not_accessed,train,09dfe67db66935094a0192a60a576915cb9a2af7a5436441bc332b8fcac5acf2
cifar100,42525,cifar100-train-42525,47,reserved_not_accessed,train,0239b1453cea257f84c40b64e6ed17f80d6246e0a5242c675795f39f1e6cc12c
cifar100,4256,cifar100-train-4256,40,reserved_not_accessed,train,0afdc7a7bdcb426ad66f856b617f81c1c60b3cee10db248c010f468f7be4b3ff
cifar100,4261,cifar100-train-4261,77,reserved_not_accessed,train,01a2e85dc875dadb6c86bc03512031bfbae83aa7465d07456f3e6556e0115a56
cifar100,42636,cifar100-train-42636,78,reserved_not_accessed,train,0274d8074a563aaac8884e55558022d5c58c317c8607e310eb4a4a432782d114
cifar100,42638,cifar100-train-42638,24,reserved_not_accessed,train,04819dd282dcbbe2f4c9215fbd1f658b43e2c37251a0ebc65942c6f1f6efabdb
cifar100,42684,cifar100-train-42684,6,reserved_not_accessed,train,05e01e3393aef398fb4fddb2af49b0eb37fb0957bb5a3944067c6e18afeb88d4
cifar100,4276,cifar100-train-4276,11,reserved_not_accessed,train,07dbba4f645c584e161415e9253b803fc6122b44cad0b09ce62cdd7b1a7908b3
cifar100,42769,cifar100-train-42769,74,reserved_not_accessed,train,08cbe1c9666aa3d5313f0fd2d994d28ff97e3d783900f33e4c2db8014e2e9957
cifar100,42811,cifar100-train-42811,33,reserved_not_accessed,train,028f5d8b99f7aec1efb2a97310311d02f5b1135d8eaeffb33b6c8899a0523018
cifar100,42830,cifar100-train-42830,29,reserved_not_accessed,train,08542b127c95430e1d1c5b0f433add44ca8d6ab6a5b5cd6d0f480c66317621a3
cifar100,42913,cifar100-train-42913,86,reserved_not_accessed,train,060f89d15cb0853761447835a79255355dc8d2686e8f7850331101ed5c990562
cifar100,42923,cifar100-train-42923,76,reserved_not_accessed,train,0540eeca6201f45682240214795b51889044dae9fe36c3142cbb86745031c003
cifar100,42927,cifar100-train-42927,41,reserved_not_accessed,train,05330cd17bf3ac2cd4f7d6686431d3e98c7450267a4fba473373eccdb9c7fe4d
cifar100,42973,cifar100-train-42973,82,reserved_not_accessed,train,0a095bb3d6c8d87e4c9908f8364c805ec55a7a9781dd41487b17d9eeb8549122
cifar100,42991,cifar100-train-42991,20,reserved_not_accessed,train,00ad402db5bd34ef6c4f459a420d27ec50642398a7686f94a2c6525c59fd49cc
cifar100,43061,cifar100-train-43061,47,reserved_not_accessed,train,079047f5b7e40646687cf2a15bf650b62b8def25a9cef3dfd1a0048b2092c562
cifar100,43069,cifar100-train-43069,84,reserved_not_accessed,train,04be459cd400aa3047ec362edb5e1f57eb69986d33127ad566f60f48087ed5ff
cifar100,43070,cifar100-train-43070,12,reserved_not_accessed,train,00c310a7d03de032765dad002e70e9ceb3f87a4b4f97f0f24c1c737d1e284665
cifar100,43100,cifar100-train-43100,35,reserved_not_accessed,train,0c6f62b7dd9f30bf12af256de49401b7e844be9a431745802abddabc8606b560
cifar100,43161,cifar100-train-43161,76,reserved_not_accessed,train,04c0e77614dd6aba8e9ba7b9d8ce95e0f83ea014f84125917e995dffc8f68a80
cifar100,43166,cifar100-train-43166,46,reserved_not_accessed,train,03cddd15bb03af4b178e654ea67d70f292475c92fb4a6ac7a68b761f59dc07dd
cifar100,43188,cifar100-train-43188,6,reserved_not_accessed,train,0546ffa0eec7269f2d1597e508344f14dbf90972510ddece444bb4277f237bf7
cifar100,43192,cifar100-train-43192,92,reserved_not_accessed,train,02e5de6a641efcb17696c51559c6285cde03f079690359fba21c68e35db75245
cifar100,43293,cifar100-train-43293,82,reserved_not_accessed,train,0adf0dd86ce92c86970d287cb322f45b62c34675c65a8bbc9054691f91f409b2
cifar100,43385,cifar100-train-43385,28,reserved_not_accessed,train,07a06324ff95ad8b5be75358df3cff890b07d05ec79de047373a3dddf9cb21f4
cifar100,43389,cifar100-train-43389,12,reserved_not_accessed,train,0b55cb009634abf763381dda130d6f97ae4ebee12a559c24850b1b18b1d9d5fd
cifar100,43467,cifar100-train-43467,12,reserved_not_accessed,train,005c1012e71af4a98ee274a2453c117972a1857642aa87e74f5330ea4afcc63f
cifar100,43469,cifar100-train-43469,43,reserved_not_accessed,train,02210861714c0be258504c17a0655b511e72565a551d15f57b626a4440b5893b
cifar100,43479,cifar100-train-43479,32,reserved_not_accessed,train,02f08e4c3af101d190124535262882d618890703d0c9b7a28e1beb7635b6de39
cifar100,43485,cifar100-train-43485,96,reserved_not_accessed,train,0cae3c1e88de54a4afae894e19ea79bb86d313e80336f9fed4bd65fd2c6340b9
cifar100,43510,cifar100-train-43510,77,reserved_not_accessed,train,09280d9fafd33c9b58782fef3c882354960dc034b6b3e042f1b798d451e9d80e
cifar100,43520,cifar100-train-43520,13,reserved_not_accessed,train,0773e1db35f95b17f1ee38ad0b71dc1e27e477b3500dd42977e475a45d03a8a9
cifar100,43524,cifar100-train-43524,49,reserved_not_accessed,train,0064ed7e570911497fc6c511da4454d499691422dc9364fba3be910e99f6b7fa
cifar100,4360,cifar100-train-4360,80,reserved_not_accessed,train,046f5da4094e43eaccb0b142c0d1ef679ae26ad5223ad4ca70515ad0de91d425
cifar100,43607,cifar100-train-43607,77,reserved_not_accessed,train,0194d16faad157478b2360474d82127836cd703893c53d7044c1a4b907c69e47
cifar100,43645,cifar100-train-43645,55,reserved_not_accessed,train,0668a8fcae3b8f7722a15943a29584df5c09866d53bdd8dd398dc88020928201
cifar100,43767,cifar100-train-43767,97,reserved_not_accessed,train,07f5768785008495026cc606c98593e632c9f44bf5618d77bf3376e19afcd021
cifar100,4377,cifar100-train-4377,50,reserved_not_accessed,train,058b6ad0c2343e22cabea9d4c52f3a770c577376127b1a9e4e7d7e7e5f7f6976
cifar100,43775,cifar100-train-43775,34,reserved_not_accessed,train,04a0ac44e004b39ff3d3331ff1dcf2d515b60d848c97460b1b54e23c8f03c4e0
cifar100,4379,cifar100-train-4379,85,reserved_not_accessed,train,007b15d083705088365a8c6d0fca1079fa4474f21ab00452da6f8368f73eb8a8
cifar100,4380,cifar100-train-4380,80,reserved_not_accessed,train,087d954d2422e969b9f90fbb439746997879083cbc1aadc846ba97ba678fcdc4
cifar100,43815,cifar100-train-43815,56,reserved_not_accessed,train,070b574d224b708c5fc6d54fdd965a50e7f02021653b8109d7fd08880c9f5f06
cifar100,43825,cifar100-train-43825,90,reserved_not_accessed,train,083347de4a20b02daf5c565e90eaa0d51404a96c1265ea9f81d2131cfc734eb5
cifar100,43855,cifar100-train-43855,36,reserved_not_accessed,train,07001f1b0fc3fb6185142b2af8aa98d89a175b493e948a9effb4265e5b6fe033
cifar100,4390,cifar100-train-4390,54,reserved_not_accessed,train,0aed916d4e42e2304ca547181259fa17a97bf664535aacc28d5f496ed221e250
cifar100,43904,cifar100-train-43904,26,reserved_not_accessed,train,0b6ebd4eaf8bf678e726920953f1dd8f256d1a0f9800b501a01e2f91b694b395
cifar100,43923,cifar100-train-43923,79,reserved_not_accessed,train,006e25af018e1678a3e05557d813ff2c252763687b2683a0f8a68bb9c60810d5
cifar100,43964,cifar100-train-43964,62,reserved_not_accessed,train,01a4ac20414c1516da3b14685c2c40bc1bd77cfba709c7c8d41a3314d76dc936
cifar100,43968,cifar100-train-43968,40,reserved_not_accessed,train,04e3b9f8a3ee4fd47d2fde64226431f57929df686b6a629baf4350ff682a044e
cifar100,43978,cifar100-train-43978,36,reserved_not_accessed,train,0611dc3c6fdca3b0a577295159bd5c9eb784991348ef7cb541f0479989d2cd32
cifar100,43986,cifar100-train-43986,21,reserved_not_accessed,train,0cebfaa3e86a895b5ebea974d6dc5f17a34c82f7e2841d51c098db6fc2e0973c
cifar100,4399,cifar100-train-4399,79,reserved_not_accessed,train,05f6fc9b9950e375c476ebd92f056a056fea4fca592471c5ff51a334df76a4cd
cifar100,4400,cifar100-train-4400,93,reserved_not_accessed,train,04c9da9cb5e7caddfc73c891b080bb24260546b5454b1f9bb433c11ba2b5ae0a
cifar100,44019,cifar100-train-44019,37,reserved_not_accessed,train,06bb366b89ea30548a27fb1cff07128274171cf2724669e13a6edd8a195ef55f
cifar100,44020,cifar100-train-44020,34,reserved_not_accessed,train,0343b1bba6abffd78ae0bd9a96124e94d6de1d83c504fcdcee76020c19fdfd4f
cifar100,44024,cifar100-train-44024,75,reserved_not_accessed,train,00b6b09d303585425c6688c2f3e8f1639180529587140c81d3bd4becba2ed10f
cifar100,44039,cifar100-train-44039,9,reserved_not_accessed,train,01072934fededc27aeacefdb3094b29e955438692a3893a2276beae64e7d7ae9
cifar100,44047,cifar100-train-44047,58,reserved_not_accessed,train,05136b67f500844bab2f3a89db935177eed0a64cc4e3d3961f51d863ff35506f
cifar100,44100,cifar100-train-44100,26,reserved_not_accessed,train,05e48a6a634563f4914cfe4e27113cca78a63572a365b77fea7c574906d79122
cifar100,44104,cifar100-train-44104,4,reserved_not_accessed,train,03f2aea8aeb7ec710e8a4821e5636712035ce0d0b4d78626ba5ef1ea2e1b4d6d
cifar100,44129,cifar100-train-44129,97,reserved_not_accessed,train,06751e1f462d81c9adffa2abacb4642fafb6279a6f871899f9f51e5fd9ad03f4
cifar100,44140,cifar100-train-44140,15,reserved_not_accessed,train,01dae20aa36f10f8c8ad772a97075166d02ee2fecba0d38625bcd9483ca55479
cifar100,44151,cifar100-train-44151,83,reserved_not_accessed,train,014cf65e79aa282c97f39591115141607485ff7d5f1a3b2ef1af87a636caae91
cifar100,44160,cifar100-train-44160,30,reserved_not_accessed,train,0cadd96c33ea327788d3349e6d560ee6317539e0bf35601bf92b7c5964365794
cifar100,44168,cifar100-train-44168,76,reserved_not_accessed,train,0805fcef6ef8fa9c82103757b0866880c3619854bf31fce174dcec25c8cc1e3a
cifar100,44178,cifar100-train-44178,11,reserved_not_accessed,train,00b8d0c90685530ca9e574e1bfad73e4d1f95756e69ca2acddb5ac82e3f0fb7e
cifar100,44183,cifar100-train-44183,26,reserved_not_accessed,train,0a9d4eca127f3e57b580a9551f1fd126c5bfdd760cfd06823c454df0249d6279
cifar100,4420,cifar100-train-4420,28,reserved_not_accessed,train,02af1e3db63e32346ff2772e50d573994f46f49aa552cf59ae07dcc8c674a955
cifar100,4421,cifar100-train-4421,52,reserved_not_accessed,train,07b8c0963f0edea44e5a7e15b87aaf3757a58e2ce6524c2908a8911644d27da7
cifar100,44235,cifar100-train-44235,75,reserved_not_accessed,train,065d1a41b33bddab4863e862207f3a63386c70743cbd30d6d2b553e55caa225b
cifar100,44238,cifar100-train-44238,91,reserved_not_accessed,train,079548d776f47d7d167078e89cdbe9608ea1f710fe3225ee4bcdb6e1955a0431
cifar100,44245,cifar100-train-44245,11,reserved_not_accessed,train,0a12b8ddfe22a58908e9dd194bcb7ea9d9ef944c6111fcb89558698755888d4a
cifar100,4425,cifar100-train-4425,9,reserved_not_accessed,train,053354a6785c4a44eea59b263fe78a0d092cd04888b0117e45b2ab1d16f4a437
cifar100,44276,cifar100-train-44276,41,reserved_not_accessed,train,07ff58df7c98887d4d845368392db60b9a5ea85241ce9efa979610409617c1ed
cifar100,44277,cifar100-train-44277,23,reserved_not_accessed,train,05ab13502beafc0cc3b7ef78f3d1979adb1c3832505a6c0f2273b3adabb0bacb
cifar100,44345,cifar100-train-44345,88,reserved_not_accessed,train,05bf142514925d97c243f092cca3490b3fde4695c8f0283d969a0da8cbf0f9cd
cifar100,44357,cifar100-train-44357,34,reserved_not_accessed,train,091a7b7464e26caf73ec789bb1a31cee4e7443ca31e7448c0b190089ea936c8b
cifar100,4437,cifar100-train-4437,8,reserved_not_accessed,train,022286903fa50df7b0ac3cecee691cca7ad3951ebaffad380f215a696cb4c8f8
cifar100,44413,cifar100-train-44413,4,reserved_not_accessed,train,047ec5f172e1bc37dbf930d98a95934e9f5a27358faee6db26067ef37c9f5742
cifar100,44417,cifar100-train-44417,82,reserved_not_accessed,train,0040d89bfcc8994f47401a82547ffc04f5bcc5181fc3ebf14fc8dabb1e2fc731
cifar100,44446,cifar100-train-44446,90,reserved_not_accessed,train,0b34da6381f8b9dd8390ed48a7e29e4f28d5d9d1f3c8bc3ac933c0c0d73d7860
cifar100,44470,cifar100-train-44470,55,reserved_not_accessed,train,02b857e039baad3a70e1be0b773950f38a2c6de41f045ab95918d1cad460e65e
cifar100,44472,cifar100-train-44472,22,reserved_not_accessed,train,05efc155a9c77efe31f84d245b5e7eb09c52b40706c60432008b6709fa791e41
cifar100,4449,cifar100-train-4449,4,reserved_not_accessed,train,016be1f844aa7a0c878143ad3564c9055fd4a5091709bcdd0eee5ae4cd2dc24a
cifar100,44533,cifar100-train-44533,46,reserved_not_accessed,train,038617a43904b0b77f61a9d3a373852a37fc8b73fbfe898d39fb4eb4b76e836e
cifar100,44547,cifar100-train-44547,31,reserved_not_accessed,train,04658e5359731b4f9d8db76fd6cc0479ba1c7b3d36c603f7f6076a970f51c212
cifar100,44571,cifar100-train-44571,27,reserved_not_accessed,train,07abbeb43d0be2e8ca3597dece315a50eb7f8527d740795d49ee05ae9de9cef6
cifar100,44589,cifar100-train-44589,62,reserved_not_accessed,train,079a2ee79ef41824615a68ee2fc8135c1c5ad2c54847e1551ceece6a46a2e667
cifar100,44596,cifar100-train-44596,39,reserved_not_accessed,train,0a4ec0b295094eea5975ecdd7b5bb2fe6f5489a3b7d1c9cf40ed1bea653c3ef2
cifar100,44611,cifar100-train-44611,1,reserved_not_accessed,train,0402087eba0a0d38aa24fa124ce665e764e812ed1081e76a493fb44f428a0a0c
cifar100,44620,cifar100-train-44620,45,reserved_not_accessed,train,03cfd5b2c01196ba05ef4b1347d29db967980c20d298f6abb8619f72e74f2e02
cifar100,44639,cifar100-train-44639,68,reserved_not_accessed,train,03894275bd333801ca8fcdff425010cf729c2f13b71f1e9dd5767b6a4c459d65
cifar100,44640,cifar100-train-44640,19,reserved_not_accessed,train,09a3c941face24941a91ae61f90a28f16b138c6383e054c2e62f0172a19aea37
cifar100,44714,cifar100-train-44714,22,reserved_not_accessed,train,09dc95b4c535baad0e41295ff083423e09dccb090f4d675558d0437d0cb2aae0
cifar100,44719,cifar100-train-44719,95,reserved_not_accessed,train,0639495e9f7ff72d20e6004f336c691a26f366e16ac0dfd533e70bc73bc45f4a
cifar100,44727,cifar100-train-44727,83,reserved_not_accessed,train,0d0a5bb91c3cc39879e6ce79fa436ed82f018c2acd03e353259660d7ffdd5a3b
cifar100,44807,cifar100-train-44807,87,reserved_not_accessed,train,0621e1edf492f62069c904e0b30b546b418a0d115d66aad96ecd2280fb781571
cifar100,44813,cifar100-train-44813,84,reserved_not_accessed,train,055c053071ab507991cdcc120eb78b650528b982ce3d846184b45b4804c0c152
cifar100,44892,cifar100-train-44892,90,reserved_not_accessed,train,03445421ec0ac7d07a14456dc5b58e5102a3203a53fa23dd00c594cd7aa8d516
cifar100,44917,cifar100-train-44917,52,reserved_not_accessed,train,0c9bb14e5beef3fb22750b0761ee9acd04b996eb55edd73c81266f2a5faa1df8
cifar100,44955,cifar100-train-44955,21,reserved_not_accessed,train,0c1d959a363960cd03b1b9587a893c514e40b168fc5f4aa390f28812ea72577d
cifar100,44992,cifar100-train-44992,84,reserved_not_accessed,train,0ba091cb9c60e6d5a332dd751917a31109b63e753f748d3e2280dcf1058f128e
cifar100,4500,cifar100-train-4500,46,reserved_not_accessed,train,04247e21dd8b3c96363dde00e9324d72358b75819cbbe8895f020a5724bb0a02
cifar100,45072,cifar100-train-45072,39,reserved_not_accessed,train,071d5b5bb3927d8a6d27de3b1aa420afcadcd4fe8de618db9092d96923678520
cifar100,45092,cifar100-train-45092,92,reserved_not_accessed,train,021f029e089402e5e291c35480add0d2ef1ff4b98f9f299a19af5c5f74d04a63
cifar100,4511,cifar100-train-4511,16,reserved_not_accessed,train,0663395b3f20ae1bb75dbc199fa4ef8bd41f0c5319217d0339117d4eb01f9477
cifar100,45134,cifar100-train-45134,64,reserved_not_accessed,train,0b2921e0abeb89df11bf8e33dc59d535cd1ab6471c0b268d34ee45e037dd2e9a
cifar100,45139,cifar100-train-45139,64,reserved_not_accessed,train,0a2da4dc975f377d58928813e7fb203863d4facdd83fede62ba9dc3d5db7e98b
cifar100,45162,cifar100-train-45162,18,reserved_not_accessed,train,00b5a9eaefb3524731d9724ee3a4b9507cbea7054060f2ebb986fd3a87f34268
cifar100,45173,cifar100-train-45173,66,reserved_not_accessed,train,09266fcdb159919fd4f2f163dfef5234b6177909bf7a2dcee09ba95bd3d41871
cifar100,45192,cifar100-train-45192,44,reserved_not_accessed,train,00251e3cfc4bd8704cacb3b593c8acbeb91f29d4f13398b21212306b6133c250
cifar100,45208,cifar100-train-45208,62,reserved_not_accessed,train,01c4c1ca4580083d7d0bc20ce7191ffea3fa738a64901a91f6bde7844fd838e0
cifar100,45242,cifar100-train-45242,9,reserved_not_accessed,train,05266951d5f4658cd04f49faf0f212b25cfe61d7ffe68a9de83084e415d017d7
cifar100,45274,cifar100-train-45274,46,reserved_not_accessed,train,00124abbefea5689ccf344213213f3813369c553db1656db2433a8ea54d81511
cifar100,45279,cifar100-train-45279,15,reserved_not_accessed,train,105a7f1fda37c226a55963d2c14e4281f3228cbbe720a552b884d52d961d9895
cifar100,45295,cifar100-train-45295,74,reserved_not_accessed,train,0a22cbaeb6d302f6c53bda2f5703e1384b7a0889cba88b3a8db8050f5e4a0f10
cifar100,45304,cifar100-train-45304,98,reserved_not_accessed,train,0aeb84f3815ea8734c3b80d2afbc05befa7d7528ed1bebd5b3a052eb230742ff
cifar100,45307,cifar100-train-45307,90,reserved_not_accessed,train,03b7a48228afbba1cc803dbda5ffcd298a0df9de9dd8aac1a426ab75df4c8c3f
cifar100,45308,cifar100-train-45308,52,reserved_not_accessed,train,04952a2e60b8ecc18f14bb7a43276889953e4b8500caa07571c82694372728d8
cifar100,45325,cifar100-train-45325,38,reserved_not_accessed,train,08216e39f2bbe31e1c01944a8f596a98301306e8e503715d8aa8eabd9477ca6b
cifar100,45377,cifar100-train-45377,61,reserved_not_accessed,train,07819fbfc6d3c0fc8d0eeef5a87fc458653ef822c56aeb3d4128060b2d2bf7ce
cifar100,4538,cifar100-train-4538,81,reserved_not_accessed,train,0481999f732cdbbc0936d1f306ce56182e70435eb9070b2be26ed38a2cbb1eec
cifar100,45419,cifar100-train-45419,31,reserved_not_accessed,train,02cc912c7b84bcedd257f96292402130fe0ed75ce3bc1b9a6fe134c893af516b
cifar100,45456,cifar100-train-45456,25,reserved_not_accessed,train,056f686a1ac41310c2a7b0068b2d8b8e7723b1eac0c2d9a1734d5153c7b30064
cifar100,45497,cifar100-train-45497,25,reserved_not_accessed,train,000b49fe59de16f7d00a9f04bf375fa3e7a8b7e3ece184e20abacfa662568d50
cifar100,45529,cifar100-train-45529,48,reserved_not_accessed,train,0a9635dcf21ad73dbabd6b4f86d32a139e5bbe090dc1383e46406ba9f07b7e0c
cifar100,45540,cifar100-train-45540,54,reserved_not_accessed,train,081b199e4b998a13c97616b8e08b93efa6eb9ae906428637d32bae13afb8e2ba
cifar100,4556,cifar100-train-4556,34,reserved_not_accessed,train,05277facf7be54e4f7908e65185eb273704428c6e918ebfe46fdda7f02ab47a9
cifar100,45622,cifar100-train-45622,25,reserved_not_accessed,train,0a9afb32f8cc06af9b39db92a5b5ec7a32b367c4f993f5154e621c232337793a
cifar100,45643,cifar100-train-45643,1,reserved_not_accessed,train,00b287ff7458676707fb6505f42b60eeeaf65fd9d323e2f3b0d71f9c71f3edd6
cifar100,45650,cifar100-train-45650,49,reserved_not_accessed,train,0850701112cfb6a4fe9a57b55c2751c89375123e87920cafaa0ad06b64b2c608
cifar100,4566,cifar100-train-4566,45,reserved_not_accessed,train,032e6dd1abd0f225e615574b10a797997d18b283fff0e9ad49046ff753793b4c
cifar100,45667,cifar100-train-45667,86,reserved_not_accessed,train,06d77c2ca6801ba7499d88332c60a2d672f5446eb3bc7ab91d63a42fbf18267c
cifar100,45683,cifar100-train-45683,94,reserved_not_accessed,train,07530929c06601d251fffd111d7d6e01f2d1484db85cecfb9fecbdf194cdc425
cifar100,45689,cifar100-train-45689,88,reserved_not_accessed,train,05f2fda8e411b2b7997491aafe0c8583a43801c80147608d02908b6344ea5981
cifar100,45725,cifar100-train-45725,83,reserved_not_accessed,train,01d9c21e84f303e0c79c5aebd2e312b81a13525b010a6e0afe1d7c3f527b583d
cifar100,45791,cifar100-train-45791,71,reserved_not_accessed,train,01f8341f3f68ea13c0f01b842030754346a3bb6ad739bacdbde99787cbd86b37
cifar100,45825,cifar100-train-45825,7,reserved_not_accessed,train,0874d38edca1b0c57baba413775c2bf1f50ce7467467964f06f39143681c8120
cifar100,45877,cifar100-train-45877,28,reserved_not_accessed,train,05b2cd2d62ca2147ddb5fce15ec85206ebcf9f5005577ea45fa1a121fe9cf816
cifar100,4588,cifar100-train-4588,4,reserved_not_accessed,train,07a193e1a789d8c4c3e9857bf39941f71f15055979ad261f64666f2e38f8f59c
cifar100,4591,cifar100-train-4591,41,reserved_not_accessed,train,06722f34e1ad3a728d117764999149c3e9c08bc9e8370d1038e10581c2b09464
cifar100,45912,cifar100-train-45912,63,reserved_not_accessed,train,01bd6cc8d0ac9f07018b38ae7d8445cab5478a23cf86b0bad53253d292868f47
cifar100,45919,cifar100-train-45919,31,reserved_not_accessed,train,0ab9b15240586f52ad061125e03360913f7b6907d0809434317eb7cc85e2bd28
cifar100,45922,cifar100-train-45922,31,reserved_not_accessed,train,064dc274f4cd76d5ce3c0a0fda37e0c64cd7420e26874191a7a61682dd8178cf
cifar100,45971,cifar100-train-45971,44,reserved_not_accessed,train,09ec67dfd837e73f1b3ee4d84266da21bf79ca8913232d5e65b26db7a6cc8ce9
cifar100,45975,cifar100-train-45975,54,reserved_not_accessed,train,080d60691bba928067e7d6ec0b866e26c33b9998e8f53570061f897058c269d1
cifar100,45981,cifar100-train-45981,62,reserved_not_accessed,train,01deea694f4eff824d716ae17f2c60c7ad725b1f0f56f02a4f457735986cda83
cifar100,45998,cifar100-train-45998,80,reserved_not_accessed,train,0261c858693a64bde367b409c6316637707898bad74bed9a02c8dc4478c45176
cifar100,46019,cifar100-train-46019,29,reserved_not_accessed,train,001cf01d8a8a72a382fe149dbf57ac64349385369bef1defef1ad8953e65743c
cifar100,46051,cifar100-train-46051,7,reserved_not_accessed,train,03ddf9447c19e913a9ac3268711f2181fba82b2ee69cc4bb4d1a74bd7a63b13c
cifar100,46067,cifar100-train-46067,35,reserved_not_accessed,train,04b5a095513d34cd92ff717d9dff3a2ca782509aaccf79aa14e9ae77c5236b76
cifar100,46112,cifar100-train-46112,44,reserved_not_accessed,train,07e0ebfd15c1b6f21d825683a0ad57dc8f48f29c62384534fb3d60b06c996779
cifar100,46113,cifar100-train-46113,25,reserved_not_accessed,train,03ef1d879c5ff7bf8a8256cd24129072f6166c3c374e6ca8614f2706e017da28
cifar100,46133,cifar100-train-46133,40,reserved_not_accessed,train,11948532d1956cfea5faeba5acf8ac62b69ebed7000859c6ac17ea1ac750ff66
cifar100,46137,cifar100-train-46137,64,reserved_not_accessed,train,0d55f3dc9d9cb5e523a5105dfc50ea5920bf38041b60aacd95c595cd57d4e3f8
cifar100,46139,cifar100-train-46139,87,reserved_not_accessed,train,057cca6a10db3ebc547f2eaf564b05f15ff3b2677107092e32f1cd093c486832
cifar100,46154,cifar100-train-46154,97,reserved_not_accessed,train,02d9a4cc7564c6737b26a759868186ca7db3d6133dc0c27856df782ce8de4bea
cifar100,46161,cifar100-train-46161,8,reserved_not_accessed,train,0914aca6fdc195e242fd89dfb4bafcad22d24093a58684244afd4bffddfcf7cd
cifar100,46223,cifar100-train-46223,13,reserved_not_accessed,train,0ec05fc4437311ebdf84a46bf0ccff4f8076ad7dcb58fe73de54aa51dbefe4b8
cifar100,46242,cifar100-train-46242,85,reserved_not_accessed,train,0a19d78d5bb0350bea2f485d6324e7b6a731c61a51f3872ed38b1601e69cf5a5
cifar100,46243,cifar100-train-46243,91,reserved_not_accessed,train,097468615d5b22eb363f90f2b58240719166a00b387c23cb8dd62ab5012dc4c2
cifar100,46291,cifar100-train-46291,73,reserved_not_accessed,train,0861318e442474c046fd20c7883a1ed8a8e593af6ade3700e554f9e153800179
cifar100,46326,cifar100-train-46326,95,reserved_not_accessed,train,038421b42668c982131206318b694c626d03ad41abef370ec28f7edf041841a5
cifar100,46331,cifar100-train-46331,85,reserved_not_accessed,train,07de04d9b8fba7e53a5af499123b407dd7baa1a8e6db3d00020d9a4733fdcb4c
cifar100,46359,cifar100-train-46359,24,reserved_not_accessed,train,0a6f9ccbd1cee9c6aaa0b37f84c9099a2e965b6c0c71ad2632a1494435ed1292
cifar100,46401,cifar100-train-46401,68,reserved_not_accessed,train,01e723ee23e6ec2f118da597d4e0930f6c3cbff864f32793e5c583c508a4c7dd
cifar100,46411,cifar100-train-46411,61,reserved_not_accessed,train,0442597dddbc33caf2da358d94fb729e47b5c97ceb9c25fa0a6d169ff408114a
cifar100,46437,cifar100-train-46437,54,reserved_not_accessed,train,0b1b2d0c61c11976e6fc449430092af015a52842936a8857a88ef37576060555
cifar100,46443,cifar100-train-46443,67,reserved_not_accessed,train,0442ae2151c908390bdcea2da22c2902478ee4eeab1870ae3a0bc745f73f9150
cifar100,46446,cifar100-train-46446,46,reserved_not_accessed,train,06783ee500f91dca5ceabfaf6c552df9c5c504f4bf275be42a267567e75742ae
cifar100,46504,cifar100-train-46504,28,reserved_not_accessed,train,045d2b8ef7dde1a29589d038eda0d139c490082300d463fa7c27461f1468684d
cifar100,46508,cifar100-train-46508,49,reserved_not_accessed,train,02b5d51f255a32bca1e1dc94dd89ad496021376897cb56f77c0d36528c5bc81c
cifar100,4652,cifar100-train-4652,53,reserved_not_accessed,train,03aacb37c23beac8006b380af38aa6a1aba6a44c91e720921ed326b18b5c4060
cifar100,46520,cifar100-train-46520,38,reserved_not_accessed,train,046079a8b87de63125c815866af3529dae85933ee968d031cea8239843c0ced9
cifar100,4655,cifar100-train-4655,78,reserved_not_accessed,train,09a1301f4090367ca377aae6e916c348e961c09fb6ef48d9b4d7e747ef66a117
cifar100,46574,cifar100-train-46574,67,reserved_not_accessed,train,02dd7ef8132606910cc2670addede6eb07bbcaaca73cfcc14e4a847a3d6691eb
cifar100,46590,cifar100-train-46590,37,reserved_not_accessed,train,0714a45698b55515fa4c32cca4fd4dbe633f8dcd5ba8bd9eb3ea809112a927c4
cifar100,46663,cifar100-train-46663,29,reserved_not_accessed,train,0056d6503f7b53e57fe5b89602366668062e898e88bac0f09142d6f7496c3c33
cifar100,46687,cifar100-train-46687,54,reserved_not_accessed,train,0befa70fe98a9382049a74d96fb2cc303a8c4977315759af3c0557dc4df2ce3f
cifar100,46694,cifar100-train-46694,5,reserved_not_accessed,train,0b8def24b9f1eea40d90d0269915408e55699e102a6ba43637f798cf86f4c296
cifar100,46761,cifar100-train-46761,55,reserved_not_accessed,train,0256ebc4f429cf1eaa12ef6f74c7907cdb2390304b403da9e11b7e4af7ce192b
cifar100,4680,cifar100-train-4680,67,reserved_not_accessed,train,0221397f9b9ab3c8eb1d328968798b0ff8178c55f89fe52aee0c401374844d0e
cifar100,46827,cifar100-train-46827,32,reserved_not_accessed,train,08c1272b88c21bf3a1f361e8a29b9110e68a94817dd6ea21617fad75e4fe3359
cifar100,46869,cifar100-train-46869,10,reserved_not_accessed,train,052722f9992b1de931516e34ea89e171727ada0a8bfaa877700f8f85dd27a022
cifar100,46885,cifar100-train-46885,71,reserved_not_accessed,train,0bdfefc875256049e5fd7cd457e7c8d7e41c63a164f8f8378b5afd93fdbaa1ee
cifar100,46889,cifar100-train-46889,38,reserved_not_accessed,train,01b933cc5643abffd13a75fa6663618c1ca28ba054cd9d1d507e7dcf8bd2425d
cifar100,46955,cifar100-train-46955,48,reserved_not_accessed,train,014f8d79306a0730a039099e86f1fe5e45133d8f6730f24383cf9b79c544f945
cifar100,4696,cifar100-train-4696,38,reserved_not_accessed,train,05e0f0058cab30de58cf0c2b88f5e5cb1650891b89cbfed5d0fde96b7af328a2
cifar100,46969,cifar100-train-46969,79,reserved_not_accessed,train,11746e69ae887ef8d43cb0a139c1e080fbac57c297231bcf582673fe2df30ad6
cifar100,46985,cifar100-train-46985,41,reserved_not_accessed,train,07caa76bead791f9527c1af54046bcaa4f7bc37ddc4a4b90b9a8324b4e565c49
cifar100,47068,cifar100-train-47068,79,reserved_not_accessed,train,0e2a3fa8c524c6ee870c50a572fe08645d17938e23f349da17befa9404845204
cifar100,4708,cifar100-train-4708,59,reserved_not_accessed,train,0e03d1c72bb12c0a4490a110d6fc97121179fe388f1088d015e7de5e0dd4b299
cifar100,47108,cifar100-train-47108,20,reserved_not_accessed,train,05f00feef9d6509823b635c362967f51a58f344dd2c9ec8abfdfec77d77df63b
cifar100,47113,cifar100-train-47113,35,reserved_not_accessed,train,0e0cbb3d70cd849fb1122e0b44a1a649ae66596b40764a479b11e1da15d9f855
cifar100,47119,cifar100-train-47119,28,reserved_not_accessed,train,049e917b36ba0b05c035d081831b35e9fa65d5ff430ac538408b694fd5b62cd8
cifar100,47154,cifar100-train-47154,81,reserved_not_accessed,train,0531a9fce2a3846c3f99cb4766d1dd346b7c61936618f3ee8121f4ded9cc938a
cifar100,47175,cifar100-train-47175,8,reserved_not_accessed,train,0b512494c1c4e8cf1b3a1b774a7114697bc4258fe8debd3ce671f83ab424178f
cifar100,47202,cifar100-train-47202,73,reserved_not_accessed,train,0629aa50ab3baaf6de89a54e35df95384ee5c66c5d1130d97216d61dede1f4c7
cifar100,47228,cifar100-train-47228,66,reserved_not_accessed,train,03aa3f0475a02b5c4c0aa04510e6cb90751874cf0d54008b7aaba25f3e522532
cifar100,47245,cifar100-train-47245,87,reserved_not_accessed,train,0310f95017a24c9760f77c12ca5cad910b896a4e8fe0ad57cee60bf4a9b500f0
cifar100,47259,cifar100-train-47259,88,reserved_not_accessed,train,04c16a6c63567cca349684b0c2a626b1f77942d1116f15b9eda2c937d56bb4b4
cifar100,47279,cifar100-train-47279,51,reserved_not_accessed,train,0544c08b3322ccc2d7ae23e88665db466a79609b5c7cee17b6066e35dfaeac2d
cifar100,4730,cifar100-train-4730,51,reserved_not_accessed,train,0d794e849fa26a5e17502677885d605914d1c685022b10b7f09403211de20848
cifar100,47312,cifar100-train-47312,15,reserved_not_accessed,train,0e272e9aa03d986b201ac20c33481fb4f12eb2b3f092bd2546f1ac92e7010820
cifar100,47377,cifar100-train-47377,50,reserved_not_accessed,train,0b457def8c016476dfa02bc36e2537e000c8c6dc8608147dc34265fa9baee6c5
cifar100,47383,cifar100-train-47383,57,reserved_not_accessed,train,016a444315341fd0ea439fe08afb8e40d2dd74cf7020af1c5c990f42b1beb184
cifar100,47399,cifar100-train-47399,99,reserved_not_accessed,train,0d19b95b006a46b23fcf32014b99dff56afd5d8abf6c98a6868bf26b36e0dbed
cifar100,47413,cifar100-train-47413,74,reserved_not_accessed,train,00a9d64616bfa0e5e67c3c60b8c613c93dbad5df535c62f2e94608b0c324302a
cifar100,47436,cifar100-train-47436,46,reserved_not_accessed,train,075b1c33e9c9f2141ab61b1ef7b386313ec03082afa12ae3a745e30f250100a6
cifar100,47468,cifar100-train-47468,84,reserved_not_accessed,train,045f0fbff41334476fe3c70ee402c754e61c24aee0decc0cddcf732eba111954
cifar100,47496,cifar100-train-47496,85,reserved_not_accessed,train,0b09dfdf9837122c8592061e83083f5eddfa0c59c7e1601c27192417d8066974
cifar100,47519,cifar100-train-47519,8,reserved_not_accessed,train,02200528abedf5c4c7b42f77c149dcbb800683f31744ed62d6fb82104de71fc2
cifar100,47536,cifar100-train-47536,33,reserved_not_accessed,train,03c4736160b2714f375a6d8fb80da2701a0cb4568c160c3a9c523d85550cc4b0
cifar100,4757,cifar100-train-4757,0,reserved_not_accessed,train,050c8e792d3787bae6fbbeee95f6aaa58599072edc26b9e6bb28084bd747ee14
cifar100,47576,cifar100-train-47576,84,reserved_not_accessed,train,01b6f7c9811ded45828815ff05e75dee6c66f101b09d9ddb5c1dca31e123aae0
cifar100,47661,cifar100-train-47661,75,reserved_not_accessed,train,0c1d59927bff9f764eae51facf248a931faf262abead015028b30e8d50fa3872
cifar100,47666,cifar100-train-47666,83,reserved_not_accessed,train,02cb62c9265732a962fe4282789b4e9aec26beafa0aada0c8ce40aa1941a0cde
cifar100,47667,cifar100-train-47667,47,reserved_not_accessed,train,002ef431f08b4ba4952f5fb963d004dda4cb8b79fb10b73cc6dd128f6d43074b
cifar100,47676,cifar100-train-47676,0,reserved_not_accessed,train,0809ddb299b72a34f06ce413a04715be1cbbeb679dc56c803eb72ea5bedabb2c
cifar100,47679,cifar100-train-47679,30,reserved_not_accessed,train,1303c912066b15725987193a4a224a646eeb960a7a3b6858e13e7380f51d8569
cifar100,47692,cifar100-train-47692,72,reserved_not_accessed,train,014daf7e604aee346d479364ff42a522e75cb72bb79c485986f68095025aa992
cifar100,47796,cifar100-train-47796,12,reserved_not_accessed,train,06f264d54431b7dbb203b9f5e1f371245c00dd13e1bf3dae9bd9efd3cc836a65
cifar100,47797,cifar100-train-47797,80,reserved_not_accessed,train,01fa9ca7c137a096831e8ed6f9f7fd1f9da40eec13ca3de0df6af3889c1021cc
cifar100,47810,cifar100-train-47810,21,reserved_not_accessed,train,00ef14fb3e75fae4c036c36848cbb67867952f8fd69211b7eb30bb88fafa27e4
cifar100,47855,cifar100-train-47855,86,reserved_not_accessed,train,06d7615d3f86b8fb3ef5f1291bc6a2575aff134e9c4218a2d4ac0e60d4558f2d
cifar100,4786,cifar100-train-4786,18,reserved_not_accessed,train,0b9b5de17a734df87359ffd787834d533896e1de1cdf61b03fb51ce1f4ece546
cifar100,47877,cifar100-train-47877,96,reserved_not_accessed,train,01827c8328259adc7c4bf880ee000efa361b70507528be3ab9c1ef8df07d6c0f
cifar100,47904,cifar100-train-47904,98,reserved_not_accessed,train,113e4e8888fbad88822d2e3992967f35a965458d0db98802d7a85bb5b7b4e257
cifar100,47909,cifar100-train-47909,41,reserved_not_accessed,train,0984ec43f2c5cd82e051af6d4ca7366ef0370b0aa05320bc2c203923f93e47c5
cifar100,47913,cifar100-train-47913,85,reserved_not_accessed,train,01cad3fc510e2f06642c26c961ad32289db69cea95c37c1a204a1a21a8484d5e
cifar100,47932,cifar100-train-47932,23,reserved_not_accessed,train,037a4dbd8b1b4debbea9d2d33aea9d4660fab93176e46e87a1fa093fdcc25652
cifar100,4799,cifar100-train-4799,70,reserved_not_accessed,train,03efdc367c337d1dca72dd27927ddce0b436a38cedb7e4408463a02eef85b481
cifar100,480,cifar100-train-480,85,reserved_not_accessed,train,01e5a1ee958a49d0a8ea4d8553d4451781348c0e81d9146e4650490baf8fea01
cifar100,48008,cifar100-train-48008,37,reserved_not_accessed,train,08e1ca3f03d658fbe3bc43ed4511d98035ee70253ee5a56f6982574acda98138
cifar100,48041,cifar100-train-48041,1,reserved_not_accessed,train,084c558a6424e02249f899bf10ac3a878743f4eda1b53462557edf1e1d0234f8
cifar100,4808,cifar100-train-4808,92,reserved_not_accessed,train,05a01693117109fcfbb4e381468a00de69efc7b34e201407251474220e3d5ecd
cifar100,48089,cifar100-train-48089,48,reserved_not_accessed,train,0672ebebf98539702f6d80bd48c449c2d0e3b4642decbab0271fa5d4c8155a27
cifar100,48090,cifar100-train-48090,16,reserved_not_accessed,train,04e0a32d497a6c980116563de32a98aad47df9eed544165684877e2214ca29a9
cifar100,48104,cifar100-train-48104,41,reserved_not_accessed,train,08ed3882e6c5bc299067b0bedc191e713ee835223479d9cc0a0945332a672fd5
cifar100,48113,cifar100-train-48113,23,reserved_not_accessed,train,0675db5a080daf56bbf556a5ec3175252256667000c5c01c6431ffb3df8ea42f
cifar100,48114,cifar100-train-48114,30,reserved_not_accessed,train,03352d9801d2d1a07cbd3aebf15bfa9c50d26c98f803c853313ff68f4decacf0
cifar100,48119,cifar100-train-48119,55,reserved_not_accessed,train,03f6f64572beb68f4fb9fc65aeece988cd539f76055c1a628341fbe40839d738
cifar100,48168,cifar100-train-48168,9,reserved_not_accessed,train,0cd0953dd984c8a7303c53d58c76fc647ac983ba9f6cb50b6d5ee327fa8496e4
cifar100,48189,cifar100-train-48189,94,reserved_not_accessed,train,0581c6b5ee146c5bc5df38d41a0dae2717bc52042f26bd66515cd63b992afc9a
cifar100,48257,cifar100-train-48257,27,reserved_not_accessed,train,047d381011d3f913bf045ad66c91b8bccd15460bd74185e911291480248a08f2
cifar100,48284,cifar100-train-48284,52,reserved_not_accessed,train,0074ba24beee55f43c9eeff2f637a7adcfa980ca979e03bd84e6ea79a01be485
cifar100,48292,cifar100-train-48292,5,reserved_not_accessed,train,0253ab9672f03768bd1d672626cffab955202096faa24228e1955ea55d54bbdc
cifar100,48302,cifar100-train-48302,86,reserved_not_accessed,train,043706b0ab48253f65ac9db7fdb2b6fae4f0bd2310ce8e2c54768d935afc57d4
cifar100,48390,cifar100-train-48390,68,reserved_not_accessed,train,00719915abe2b091dc8707d944297e5be70d4c39e5803c3ab4d0f7a3923a9a02
cifar100,4844,cifar100-train-4844,77,reserved_not_accessed,train,0600c521368ba56033e3709f3c246128dede598d00f3e1fe14166eb9b0a2ecc9
cifar100,48452,cifar100-train-48452,93,reserved_not_accessed,train,072c533f9dd8ba4047bb1cf4e8afa057164c66891c4d5d3c680a00b7c710253e
cifar100,48458,cifar100-train-48458,29,reserved_not_accessed,train,0b573f6e60c3808012aa0e3721b514be6fe707a1e652f47a314a1b8b5be652b7
cifar100,48468,cifar100-train-48468,34,reserved_not_accessed,train,036b89d62437af4ea161b85ed1251c90d42d9a7812fcaee380d56fd58ed56f7c
cifar100,48479,cifar100-train-48479,73,reserved_not_accessed,train,05ec99d673daa9436b577a49392013de8904236afe7f8a411a88f63e3c7c889c
cifar100,48525,cifar100-train-48525,51,reserved_not_accessed,train,00d8fcc2227af9937986bb116a9102e114c755bbaf1161188c904acf554f5caa
cifar100,48527,cifar100-train-48527,34,reserved_not_accessed,train,039f968eeeec19433f4e440b78ad98332117f8ccb9cc3c53cee0cb252b147a2f
cifar100,48587,cifar100-train-48587,27,reserved_not_accessed,train,050d7fbc30777c7ec3702e871588d092094283d16580f788d9c75095336a5004
cifar100,4862,cifar100-train-4862,80,reserved_not_accessed,train,00a06d64d9fafd2ee91d6984117f3d287d1b20174380046321756c9c8a910828
cifar100,48635,cifar100-train-48635,24,reserved_not_accessed,train,04e95a9a7a9be54f97bf4ff1ee6bd11e6f1f19828d9abf95bb4426e957bc76b5
cifar100,4864,cifar100-train-4864,14,reserved_not_accessed,train,076373f17cf45f5e75ec270960313b280ab69821683734d5f10fd8cc70b0a9b5
cifar100,48676,cifar100-train-48676,22,reserved_not_accessed,train,0c76c2395ae5313ae4e820ed1ca452538510e40c3a2ac859c8618484943b7c91
cifar100,48706,cifar100-train-48706,32,reserved_not_accessed,train,0b0a96f3aa959dc0721a42bf38e21846f42270ecb74eccdc160bf1be7fa79401
cifar100,48721,cifar100-train-48721,94,reserved_not_accessed,train,00b2185c6e25e6e0fd701273190df5785586ffae4957be6a7d3ccf609fc49081
cifar100,48741,cifar100-train-48741,42,reserved_not_accessed,train,000aef593147039301f89c21184fcf6ad051ed48c4902b5e7d48c10b3b972f34
cifar100,48761,cifar100-train-48761,18,reserved_not_accessed,train,096786592d8c8aaca682cf8cf9d39cac50308dee2a8dd15359126d9e0f2f4a2e
cifar100,48774,cifar100-train-48774,14,reserved_not_accessed,train,00febc76c5ff309b554950165e17b8b65e5e4bd43ce0aad9ecf0dff62d5eb488
cifar100,4879,cifar100-train-4879,57,reserved_not_accessed,train,00c31aab85a13038d327f1a2a96961e6d37d539fa17130a6ddbcb954d147eca9
cifar100,48819,cifar100-train-48819,41,reserved_not_accessed,train,0233813300098d2708f183826d326b56cfb46ebcc944da462f1778e660e97811
cifar100,48888,cifar100-train-48888,1,reserved_not_accessed,train,05d089dc95d7805765b27ecf8a265b906cca3eb408ea52451bac109e7c106b95
cifar100,48933,cifar100-train-48933,54,reserved_not_accessed,train,09ac7788e9ff89d7e2d6bdb57bb5b6151c8b700666b3a8ef3052ddbc43551b91
cifar100,48941,cifar100-train-48941,48,reserved_not_accessed,train,0327fcd2f47ffea3735abae27411d5824a30cf7cdb41b04350a2671b3a3a20a8
cifar100,48969,cifar100-train-48969,72,reserved_not_accessed,train,06dc119151d161c4ed255b1956e908a0493652de6159c504c5cdb5266b24951f
cifar100,48974,cifar100-train-48974,76,reserved_not_accessed,train,06a88dc229b2500996a3a2be00767492c19997c967d87d03f1040de5d55e707a
cifar100,48998,cifar100-train-48998,1,reserved_not_accessed,train,0cf3e4edb6f9e974777cd83d77a2f24cdb4263c1bea71e9a74333be7fd07c6a8
cifar100,49051,cifar100-train-49051,15,reserved_not_accessed,train,0d4813833e7f9cb3ad8ba5d609d3e6994b285eafb27584f976e0c245ac4636f1
cifar100,49071,cifar100-train-49071,37,reserved_not_accessed,train,09f7d082727c9bf31c372413f86b509769c5f5763b0d6dbbd3d5faac4a3cc881
cifar100,49086,cifar100-train-49086,66,reserved_not_accessed,train,00e11513ae991cd71c40144f6c4accea9d9692e11039dbe16f79f58c14bdaca5
cifar100,49094,cifar100-train-49094,67,reserved_not_accessed,train,0822fcddc68e022cc941a48a54a1789d9bd2f7515ab7217806e7c8f81c49adc3
cifar100,49119,cifar100-train-49119,7,reserved_not_accessed,train,080643162bd2876d14f8ff69bb6137c17ab3b5a676ff5575d271b2b2b5dd5ebd
cifar100,49197,cifar100-train-49197,58,reserved_not_accessed,train,0a707433f4e6accfd15df10631320aab9650e3b20786b7b9e8cd28e1c13192cc
cifar100,4924,cifar100-train-4924,80,reserved_not_accessed,train,07140591a2c714798656dada2a20374898c979d7854305af662f6eef449b517d
cifar100,49244,cifar100-train-49244,67,reserved_not_accessed,train,0534f030c6d1087c3007ceaee8f6dd5aa2c93a8f970aeca8b684e8abd39c63b3
cifar100,4928,cifar100-train-4928,68,reserved_not_accessed,train,01459ed9bb3ffaa5d7b1d1e176d1d4f0318166b46bd4674dab20d491dc8421c2
cifar100,49309,cifar100-train-49309,81,reserved_not_accessed,train,02fe9e68ed231a1b67d372b4be4bdcab82c91cf393d4b69a50d3fa6f25d32349
cifar100,49329,cifar100-train-49329,6,reserved_not_accessed,train,083d0363611c78d22cd954e929e13fe83064508392af8ceb54f1632fd2b4e89a
cifar100,49335,cifar100-train-49335,74,reserved_not_accessed,train,01fbedc32910f29f797f83032face67150ac0531d6e07425fbc7f27cdd2c79a3
cifar100,49354,cifar100-train-49354,20,reserved_not_accessed,train,0b6287546f6c1407fd65c6bb124f801e2d23c7eecb8c9af9535ef80654daa4c7
cifar100,49367,cifar100-train-49367,73,reserved_not_accessed,train,071c2e7ef23c1c5de7308aa5334081b4bef2d5e37410af4213a7ff8a5faea214
cifar100,49470,cifar100-train-49470,72,reserved_not_accessed,train,063aa58f525d53c0594e23cf5b188a40e8cc6159a053860923dc4f4093e73af8
cifar100,49480,cifar100-train-49480,11,reserved_not_accessed,train,03933416506b6882567fdbb4e3710e63b4445b54fe2d22a0a2799d3f17b3d8b4
cifar100,49532,cifar100-train-49532,32,reserved_not_accessed,train,038d27fc9c8f9375997621e6333b45a40aa9db4fd1b6e4dce2b5e851e0acb8cf
cifar100,49562,cifar100-train-49562,77,reserved_not_accessed,train,07b0fd142406a8b32699a092e37a3ec1e4816834ceba18ca78a82bcfc5a2f0e8
cifar100,4958,cifar100-train-4958,16,reserved_not_accessed,train,07e92f77630facd5e14bdce5c2ffd286ff949eba0402991a70318d166b2abe47
cifar100,49611,cifar100-train-49611,26,reserved_not_accessed,train,03d3049854f8db64cbeade06788ca61922cd5f335159f7b024f0a84ab6e4fcc9
cifar100,49659,cifar100-train-49659,49,reserved_not_accessed,train,02df275ba13ac92f7bb255ad60d3196619fa3c57fd1f19343d0daf425f8463fd
cifar100,49668,cifar100-train-49668,66,reserved_not_accessed,train,01a9c00463df73ac10d33e64ac71655d25e47bf9442162423159e6638c4ff1f0
cifar100,49703,cifar100-train-49703,36,reserved_not_accessed,train,083971e505a5f9821490c402e06706ca5fbba81a527a5a45d5abe48a22649791
cifar100,49811,cifar100-train-49811,93,reserved_not_accessed,train,090ee3c5243fa0d10badd7c36f671d1368caaa81bb31ea801cb0839518570887
cifar100,49818,cifar100-train-49818,94,reserved_not_accessed,train,0b59dfd52f8cdf89bacc6ef49d3fc9efc6a6d1c40d3407fe02132f3e8f00d46f
cifar100,4985,cifar100-train-4985,83,reserved_not_accessed,train,00ec0603ad5a36330f979fa26a46e73380ad43d39ede5246c561a00651159074
cifar100,49857,cifar100-train-49857,10,reserved_not_accessed,train,01562da6f9ccb8e8892e1d434949ac839b4b469d1bd9a1294a9d6dd52ef38b48
cifar100,49858,cifar100-train-49858,82,reserved_not_accessed,train,03bb0e462edbcafa75aede96064a035d5260020334e95bb978302c44683a30c3
cifar100,49906,cifar100-train-49906,82,reserved_not_accessed,train,03e66fd7ef7d255c2074dc0275d3e9090f33fe59b2256fbd401428f8365fe8cb
cifar100,49939,cifar100-train-49939,7,reserved_not_accessed,train,024aee21765dae1ede01d16c1353a0ac3dfdefbd741e71e683f539a3ffac5ca2
cifar100,5001,cifar100-train-5001,8,reserved_not_accessed,train,01bc08bda612deed1fb8f498667be3e671bca9db73ddad0843810e7e27205158
cifar100,5051,cifar100-train-5051,58,reserved_not_accessed,train,02d5a318c788f218f2c7203c9b91a27209d7f61c9371b430faec4b6f2ba2938c
cifar100,5093,cifar100-train-5093,63,reserved_not_accessed,train,021a51ee3fb4b650111db8d05b23eda8178dfd474387c8914aabf2d46ef12e48
cifar100,5100,cifar100-train-5100,72,reserved_not_accessed,train,052ec8634f52389a10da55e5050ca2648e96836ec8d019670e08d52b93904ab8
cifar100,5118,cifar100-train-5118,54,reserved_not_accessed,train,040a3f4d7b069d59592f0534b7192c0e5e2830c630f75d2c9cf5786316776300
cifar100,5180,cifar100-train-5180,2,reserved_not_accessed,train,01d244c372ff3ff855057cd4799eff4d552112aa32446b141610100ff9363a7f
cifar100,5184,cifar100-train-5184,97,reserved_not_accessed,train,04cffc5be2961113bb54ef195ee9214fd7847cb3598e2c553215edd239db4ad4
cifar100,5186,cifar100-train-5186,86,reserved_not_accessed,train,0c41c8781823ec9c576df43a63109466d30785ac891873c8ab63008001284bdc
cifar100,525,cifar100-train-525,26,reserved_not_accessed,train,05e8f6cc7c0411eaa990767560d86f8049a5f0ffb6100ba47b3fcdca2a006e4b
cifar100,5270,cifar100-train-5270,86,reserved_not_accessed,train,091ec5bf6df9944d0cac51bc949ec45841a71bb0a3a5653b1908983abbd66bce
cifar100,5291,cifar100-train-5291,30,reserved_not_accessed,train,0188f9ec0a2c1e071c8eeffd017b1c42a4f21f09c12c6aeea36962ffe7c91ad7
cifar100,53,cifar100-train-53,9,reserved_not_accessed,train,0cd9b9a979b4ad5edba31b78deb1a11012e41b4e0419af87cc418fcddcf39382
cifar100,5328,cifar100-train-5328,78,reserved_not_accessed,train,02efb983db4ee8aa721c6721ac92a5db5a4b7b94fb9397e4d11baa5a5bde99cc
cifar100,5365,cifar100-train-5365,1,reserved_not_accessed,train,012f8719748d1d2276016ca0063c21d8ea5f6d36d8123dfaa00f7407d254a2ac
cifar100,5402,cifar100-train-5402,22,reserved_not_accessed,train,0652523772f85a6c72b28ffb703588d45f073a428035fbcd574e6cdf83e6cd55
cifar100,5414,cifar100-train-5414,39,reserved_not_accessed,train,02475a09a270e21e0d5f7e99cacbd14dc4d35ef0d86f0f3e16eacb153122a4b6
cifar100,5419,cifar100-train-5419,32,reserved_not_accessed,train,0827c0931ce547f3a67e61adbcc925a9fffefd734b978aa355a9601d1a226c44
cifar100,5420,cifar100-train-5420,25,reserved_not_accessed,train,091765095dd44bce482a4172640851b0e96a308fece3088f86eeafb955f60dd3
cifar100,5431,cifar100-train-5431,15,reserved_not_accessed,train,0d4a8e81dd10dbc218fa5293c866841798fedd6c5556cca3caf1fa0cea54e6e6
cifar100,5442,cifar100-train-5442,37,reserved_not_accessed,train,0339b80a7010ab3ae3e524a65d71bef705e008cc5e10417313c719b9fe65e8ee
cifar100,5459,cifar100-train-5459,98,reserved_not_accessed,train,0d573ebed9b4eeac8196af43607b07008ca35744d0a7786f2d99842925f41650
cifar100,5465,cifar100-train-5465,36,reserved_not_accessed,train,026b86718a693f46ea33ea5e00d780788291cc360e51412f57369007d45ebafc
cifar100,5477,cifar100-train-5477,18,reserved_not_accessed,train,0d4e04ff1aafa778eab5be16f5d2f9e56480f9a610a9e7045b505c908554b85d
cifar100,5552,cifar100-train-5552,34,reserved_not_accessed,train,01252222019c716f695c2759f6e4968add424eec05c4c7b7d64812ff2e8d793b
cifar100,5553,cifar100-train-5553,85,reserved_not_accessed,train,00d4a0e40d9e32d6453e19cf802c0b064db1e49bbebfb447f3df367c5056bc0d
cifar100,5554,cifar100-train-5554,41,reserved_not_accessed,train,09e5bbf63beb6faaf76a5c5dc0a435ced04b3e0f64d2e796671c446042b3fc29
cifar100,5560,cifar100-train-5560,20,reserved_not_accessed,train,0d4089e30e60db0299e11cd87189e0385660f785dd969a0346ae36b7c45c55cc
cifar100,5594,cifar100-train-5594,79,reserved_not_accessed,train,0df984e31f803ba7efcc880e7a9c96d51a5523044a569d62865cc349ad19134e
cifar100,5637,cifar100-train-5637,47,reserved_not_accessed,train,00b1fa8604478beaed5d0e4c33e0b3d59986de0c146fdc7303cc01472c6f32f4
cifar100,5639,cifar100-train-5639,52,reserved_not_accessed,train,046280abb6821f5f1a26f37d4128aa214aab2fe13cbf2c3cbe2881e12df5240b
cifar100,5645,cifar100-train-5645,86,reserved_not_accessed,train,0b0f0cad2805b532d73d99b3f868b0d2864e76952c51244cf4073e51a0706756
cifar100,5648,cifar100-train-5648,95,reserved_not_accessed,train,030dae198e619065bbd19190c77a6dea975ea0c6a7e23d97a42f204687553852
cifar100,5649,cifar100-train-5649,0,reserved_not_accessed,train,06412048fbbba2744a57bbfea492482b4eae6accbfb13b23fbd01a61ab8cf785
cifar100,5653,cifar100-train-5653,25,reserved_not_accessed,train,05cee89ce9e79652d9ba2bb011fb4a4ab368938bb7eefd1a0806f48b80552709
cifar100,568,cifar100-train-568,71,reserved_not_accessed,train,0ad3f669c788de97dbc7083d9ea0f764ba14cd621039f12103c8d869acca08ee
cifar100,5727,cifar100-train-5727,20,reserved_not_accessed,train,0b739bb0b8573e881c54472a4f54afa905c2f95966f06722b1611be165dfc9dc
cifar100,5729,cifar100-train-5729,79,reserved_not_accessed,train,0f46e6a2f23315a57f359ab1e43c8214c3eb0db1efd55d504de2bd5b1de7d6ce
cifar100,5747,cifar100-train-5747,41,reserved_not_accessed,train,09efeb9ffedda9980d4f8899f1e869d9c995942fcb8b8e493e2e62a14ff2e771
cifar100,5790,cifar100-train-5790,27,reserved_not_accessed,train,026176026115b0bcf4147b200961d983c8373ca7b31bd3d643009b35f6bea796
cifar100,5823,cifar100-train-5823,11,reserved_not_accessed,train,0b2a253b094954bf74621d797a21e40188d0dd4b409abd17a89166c7a61fc0a2
cifar100,5828,cifar100-train-5828,22,reserved_not_accessed,train,09711218373624c5eae6540bbe467ba99e3aa3b29a7f61e66f7e683403976ed7
cifar100,5879,cifar100-train-5879,64,reserved_not_accessed,train,046febe0be57588340349781771be90e9ca9b72e6f4bbc9cd45cf405adf5a049
cifar100,5925,cifar100-train-5925,90,reserved_not_accessed,train,02033e0e5d892775568acfd3f7ac3f0edef092719e97079050efced87593ad3d
cifar100,5926,cifar100-train-5926,24,reserved_not_accessed,train,076024ec266a948b2567a18d4656fd96abff53e19c21ccd742014f9a798e59da
cifar100,5930,cifar100-train-5930,39,reserved_not_accessed,train,041c2267cdfd63cd583146bdf08973f5de737b71b721945a0b698ad79c80c990
cifar100,5931,cifar100-train-5931,99,reserved_not_accessed,train,06186c4b79a505dab419eae826310ded1cbd5e05d024b0fdc351e02f02569ded
cifar100,5939,cifar100-train-5939,76,reserved_not_accessed,train,088d818eb0e1b75a76814cd470c9e1d6c1f7b100c3783d06dbfb351139fe0f05
cifar100,5952,cifar100-train-5952,37,reserved_not_accessed,train,03f0583cdab1be82a8dc117d5a6bfa70b9540648f089da62e5b1b5f129d112ce
cifar100,5972,cifar100-train-5972,27,reserved_not_accessed,train,04e5a41e72be3c920e30b537c12b63ed60ea247d482e99ef203a4559136314bf
cifar100,5998,cifar100-train-5998,58,reserved_not_accessed,train,02696606ae313d722ff568dcdb41b802fe63c444d816f5f9bd647c44a9e043f3
cifar100,6024,cifar100-train-6024,15,reserved_not_accessed,train,0612b39a1bb590227d5e51d58ec2fa5a8c08afecf4628825da9187ad9c6d1de5
cifar100,603,cifar100-train-603,89,reserved_not_accessed,train,041751564b3836f06b8a417c47d22e0bc03cc4dd323d067ab372ec011f8120ee
cifar100,6047,cifar100-train-6047,80,reserved_not_accessed,train,0224e1d66b399662cfa43d7c81331f1d0deaa750c6c20717a6d9abcab20827c8
cifar100,6056,cifar100-train-6056,3,reserved_not_accessed,train,0149982d941b95ba4fdbe5cf9c0fca09b18c66a1c04196144202986f2e4a6851
cifar100,608,cifar100-train-608,76,reserved_not_accessed,train,03348156ebd2be33f2ef17dce5761121c61ef07b6c728852be057508543d5f28
cifar100,6090,cifar100-train-6090,22,reserved_not_accessed,train,0813860184091c2ff13114b5046e7cbb39f45262c7c3c05a8f36f90ec1f17727
cifar100,6119,cifar100-train-6119,40,reserved_not_accessed,train,0ef20e5a9ed86fdfbac3a1cf8a1a2b1aca0cbf329d0b73555abae027d1954e98
cifar100,612,cifar100-train-612,3,reserved_not_accessed,train,0b43653d4b4f0121849dff17691b11a56c4cdc0d4021371572620cc4d53e5093
cifar100,6128,cifar100-train-6128,33,reserved_not_accessed,train,0a9cf94018b2d4945f6c1dc8db50082560a7cc627f6f2b39302e08281448f72c
cifar100,616,cifar100-train-616,43,reserved_not_accessed,train,0149ffa93311374d805dd7bb9db01d9983982cae3923ea06da7bee6e6d82ccec
cifar100,617,cifar100-train-617,49,reserved_not_accessed,train,07d6d9f623e4f403bbeb966453f40481b10f3cbc621b5804b7795298b118070a
cifar100,6178,cifar100-train-6178,16,reserved_not_accessed,train,02a0c3e34cbb98c773aeab795fcac1d6137419be808c7e836f28fcb0ffb7df8f
cifar100,6184,cifar100-train-6184,38,reserved_not_accessed,train,0519a0f44644e98b4163042727024ca50d9f42a41950008ab418f052629a1fee
cifar100,6189,cifar100-train-6189,12,reserved_not_accessed,train,082ef40c753b4efe28502d858d077c03c8c0c94f536cd6edbadd8fbd6523e950
cifar100,6206,cifar100-train-6206,1,reserved_not_accessed,train,04c736b40c0e7ac3fc40133c59b6782a79356ff80f176903a379e7d28169aca9
cifar100,6219,cifar100-train-6219,78,reserved_not_accessed,train,01231ba74203ed01612d1ceb226930cf84fb74d9fd1f0ba234867a4893bf70e3
cifar100,6228,cifar100-train-6228,73,reserved_not_accessed,train,0867bbf7f35ff9b43b1d237c9428d7dbea1446931ddb7a76001016a3a5297897
cifar100,6239,cifar100-train-6239,70,reserved_not_accessed,train,0280cb79c335e1ecb2b027e5d8185a4bafe0cef08fcb1b84d030e934a69a8586
cifar100,6243,cifar100-train-6243,56,reserved_not_accessed,train,09a7dd54f9c132867c5ab2e660850b3969a42b8556685c2c6c839a2abf5bf016
cifar100,6256,cifar100-train-6256,83,reserved_not_accessed,train,08a45f544e22f0df490ff22c37b5611c7b1c536cdf63558e49c1e72746a8562c
cifar100,627,cifar100-train-627,66,reserved_not_accessed,train,02d72bfdd3b48cc89f39ded46d074d5c45456c6728a7e2642ade96bb8539acb5
cifar100,6287,cifar100-train-6287,49,reserved_not_accessed,train,088517875a4c1f275966f047819c7c9579f5c6cf080edcaaaef8f26ad43f7c58
cifar100,629,cifar100-train-629,56,reserved_not_accessed,train,085baeec571c489ef94c49ad20a92747d37c73c2e461a6808d19e0a4ae8e49e2
cifar100,6292,cifar100-train-6292,60,reserved_not_accessed,train,0622f1f945ca00458d16183d6d220584e245a43acf3cb80f655e6769eba582ae
cifar100,6353,cifar100-train-6353,46,reserved_not_accessed,train,04f24db74c5f125743efdfd37c0bb67230b74f6ea4606ba619fba085576421aa
cifar100,6362,cifar100-train-6362,63,reserved_not_accessed,train,08a91307cee06527f4e6af30dcfadadfa69532ee1539729d2d59bbc1c0695494
cifar100,6394,cifar100-train-6394,44,reserved_not_accessed,train,0559a38164c72cd75719640839cc2b006f0a76a230ee48cf7d4eccaf84988779
cifar100,6469,cifar100-train-6469,44,reserved_not_accessed,train,026563de52df5df63c5013b1024e6b1387c9a2d62447fca255572aa4d9b59a6c
cifar100,6474,cifar100-train-6474,45,reserved_not_accessed,train,0b6d55dc3eeb1eeafc39ba5f24f224a274d268c09c2c7042291a1688012ed14c
cifar100,6525,cifar100-train-6525,54,reserved_not_accessed,train,0a855138801f7c316f253152b71e81ed435b598dd18d4e514dea7633162a548e
cifar100,6541,cifar100-train-6541,66,reserved_not_accessed,train,07e35d6ee77b40f325c530ab51b884710c3bd8587dc1a0971742ce1799f57a10
cifar100,6548,cifar100-train-6548,84,reserved_not_accessed,train,06864faf505d3ea5652817ebe5401efb760384da83b01851aedda2abf797003f
cifar100,6562,cifar100-train-6562,63,reserved_not_accessed,train,095efe0fa5c440acdecf102d4c3484a716ca5dbcffe632723415a7a66455a84c
cifar100,6571,cifar100-train-6571,59,reserved_not_accessed,train,0432d596818cc66619fa940f6fb48af2020307168d147e9820d8a1c5a7b3026f
cifar100,6600,cifar100-train-6600,16,reserved_not_accessed,train,00a97f762cac7aa01325344c75d6e99969c06dce2a0242d5ae4adf31abdaf863
cifar100,6621,cifar100-train-6621,61,reserved_not_accessed,train,04bed56226c6f174373ca17ec95a1107996952b001bda3bf6ab81f09d3165762
cifar100,6631,cifar100-train-6631,93,reserved_not_accessed,train,0a50b4c273564cc505e648219a500e4d3dc06b19cd7af8c8fd09922efb5ec896
cifar100,6640,cifar100-train-6640,27,reserved_not_accessed,train,09f50503231f07b5142e28c8877accf4e7f4cfa77ded33ddcebe21c277add17b
cifar100,6679,cifar100-train-6679,7,reserved_not_accessed,train,09a2677b686e96dece2cd176c05ed56e0030d31defffdbabe108587efe54e387
cifar100,668,cifar100-train-668,86,reserved_not_accessed,train,051ba623b507c3eab8dd9c4b33a1c2e0450433bc20b476f394556804e3ef239a
cifar100,6684,cifar100-train-6684,14,reserved_not_accessed,train,06881fa08ac97e88b03095c3eb3e271d5d103eec1879639931cfa1aaeb93b2a8
cifar100,6687,cifar100-train-6687,48,reserved_not_accessed,train,01d0e6105ba2919106893b69ce36215b4680b9c969d6f369b6c24bb063eb406c
cifar100,6704,cifar100-train-6704,47,reserved_not_accessed,train,027da8b2251aa6eebada64a967061bf87ed2b9c342511b42d7c9f404975a62d3
cifar100,6709,cifar100-train-6709,3,reserved_not_accessed,train,0c7a4d3a926be443bc2eb297f4a6840045c2f130b6961d32d95c6f75cdc2d83f
cifar100,6718,cifar100-train-6718,48,reserved_not_accessed,train,02029ed3158c93fa17b4350796d79a8b80af5c1997273d9ad89fb8ff2a84748a
cifar100,675,cifar100-train-675,81,reserved_not_accessed,train,03809473e9c52aedf912b159531ca37c9bd2ebdb3726975644bf497de2af59c4
cifar100,6785,cifar100-train-6785,5,reserved_not_accessed,train,09f06662b727952445decdac16cd28e39a084eef2a35ba8f8f7a0d1ab72792c9
cifar100,6791,cifar100-train-6791,45,reserved_not_accessed,train,055a1ce5a2134a68144ffc3142f775ddd668b49731eb12843c37b4b0ab857985
cifar100,68,cifar100-train-68,27,reserved_not_accessed,train,07c8f5e7e9a1a217863adb6d4caa8671035e4749f5b6ac830f1da9b2e7ce06e6
cifar100,6816,cifar100-train-6816,6,reserved_not_accessed,train,03587419a29a3d56f087c6d67c0c6c7b399e11d40d82c46757f549e1931484c7
cifar100,6834,cifar100-train-6834,4,reserved_not_accessed,train,06d95ab33bb0dbcb5c77e6da9292ed4448d1724519b79c660885f3240759645c
cifar100,6857,cifar100-train-6857,40,reserved_not_accessed,train,0dcb3334277675e71375568521941ea2ad0d2155365c543e7b2ff25b92be9f7b
cifar100,6881,cifar100-train-6881,22,reserved_not_accessed,train,0cd6621cea3351b419aebaec761139631b031a8ccd8a0890da93ceff608ce129
cifar100,690,cifar100-train-690,74,reserved_not_accessed,train,018e9bcadc9c22b5cc067dcd2dc4d66dd14aa07eeaf2f27c7689bd1d4c1a17c4
cifar100,6927,cifar100-train-6927,38,reserved_not_accessed,train,0567d918ec646da866390a2e94a52f2092df6e54352997daa98a4a0461a5fa46
cifar100,6934,cifar100-train-6934,53,reserved_not_accessed,train,066b42fd0e8470f6bc7bd93811b8748dab8a7c1d3fe86bab3cb88ee99593cbb4
cifar100,6978,cifar100-train-6978,67,reserved_not_accessed,train,01a4b2c8ddea0bf046c9aad3cf8e0497f71151f06fbed2f1e1442bc972bf7da5
cifar100,6997,cifar100-train-6997,81,reserved_not_accessed,train,0a427662bd9f3253651259ac58b00cd6b6de2ab788598e39faad13f1e84b518f
cifar100,7011,cifar100-train-7011,87,reserved_not_accessed,train,0155f9072ae4ed075603883804f9f8f04416802eb977527af5c730899dd35b23
cifar100,7080,cifar100-train-7080,32,reserved_not_accessed,train,09ec197eef1858a7adb8e3dbc8c447628ce2a86170ff3a290b62f283a6398a81
cifar100,7082,cifar100-train-7082,60,reserved_not_accessed,train,0766def0b25649aef875eae7a9e1b96d2ebf4eeaf017d5ffc419db4cfb1fd29f
cifar100,7099,cifar100-train-7099,75,reserved_not_accessed,train,065b119742f744a2472bd4a2be926487f5a4d6c974ce3b2fbf2713eca29708a0
cifar100,7173,cifar100-train-7173,7,reserved_not_accessed,train,0b2166359f3ad75156d714cba85ac937f00e24fe3d4b276a44b1ff9523e6dee8
cifar100,7176,cifar100-train-7176,53,reserved_not_accessed,train,05f9278466bef505cb468ac571e9f1bc2852e0586799c79fd6bffdb7899b93b0
cifar100,7205,cifar100-train-7205,20,reserved_not_accessed,train,08c84f2fe91aabd8b9c24e3031bdaafc741c1400daf094a6b05b2d162d791259
cifar100,722,cifar100-train-722,11,reserved_not_accessed,train,077999924f4039e0b06c779ba0c5fef352c29a7b865ea3faab73f298395f622d
cifar100,7242,cifar100-train-7242,76,reserved_not_accessed,train,096ebfc47374b5eedea20bf2001f3ed13f0a240865cf116173a3ccaecbdc6163
cifar100,7254,cifar100-train-7254,45,reserved_not_accessed,train,030ec71b8952b61bb207d15804017b67ba8755f1751ee25de70b4a3def73b655
cifar100,7275,cifar100-train-7275,54,reserved_not_accessed,train,0d6122d7c791bd27a5c17819591c805dbd03e242312d8e1e6e94c57f1e82662c
cifar100,7280,cifar100-train-7280,24,reserved_not_accessed,train,0d3284cc102539b1a5e5dda4d5b650f3f56024293a6b96bf1b62551818eb104a
cifar100,7283,cifar100-train-7283,35,reserved_not_accessed,train,042037e9244c34117d2648225a8e9ec82118c794f062896fb31aee29186a2d85
cifar100,7299,cifar100-train-7299,10,reserved_not_accessed,train,05c8f8f6a074ac0e3d8b5930f0e3390a30c6284bb4568fa72e3ff5cb6ae2bb8e
cifar100,7318,cifar100-train-7318,26,reserved_not_accessed,train,0238edf52f286bc4ee7f7b332d5a018a8fb9553dc0c8b821182cde33f0196faa
cifar100,7336,cifar100-train-7336,60,reserved_not_accessed,train,03246be685ff1ab858d6a024ebe911247019e277124d9ebcfaa6536fffec1f53
cifar100,7345,cifar100-train-7345,86,reserved_not_accessed,train,0b2a59aaf304bdea6920c8338fa3c7fe8c46523f802d4802b68185b2fe3cf390
cifar100,738,cifar100-train-738,71,reserved_not_accessed,train,0e045c110303b36042b03d55e17d7b9ffa0f8f1345fba60f243388c6931348f8
cifar100,7382,cifar100-train-7382,78,reserved_not_accessed,train,0b1c818629b60f343df9820bf3cea7011353b5c2a518f241170ce20110f4895c
cifar100,7387,cifar100-train-7387,87,reserved_not_accessed,train,06468b6fee113aa2f96b159c15ae1e5a24d62507dc8ec5f84e4fb10b7ef3c1b0
cifar100,7400,cifar100-train-7400,61,reserved_not_accessed,train,0061a4864cf50f44fc1e5b40024d1c3ade85a44e99b7a1bcbac394c09c72b165
cifar100,7417,cifar100-train-7417,60,reserved_not_accessed,train,04352a6a6556b2697e8ae470dbd0dd6d5a8b7eb319104a5ce7979f1a74b9f81a
cifar100,7440,cifar100-train-7440,2,reserved_not_accessed,train,03a5d03e09970e58715c56e65e89702da04a9240e139a199d6444d9b12579934
cifar100,7486,cifar100-train-7486,26,reserved_not_accessed,train,0a5f7b662a8fd9b56bad58a33791a9da700c4da333074cff9a91a8284d830492
cifar100,7501,cifar100-train-7501,21,reserved_not_accessed,train,025408d2db8e287e0224f8905df1887d32a7dd727761088f7cc3cdccd9dd4eba
cifar100,7512,cifar100-train-7512,90,reserved_not_accessed,train,03eb2c2c5cc757744bbcdd5ee241edc4d6f86f0d7f2ca80668c8ee1659893897
cifar100,7513,cifar100-train-7513,16,reserved_not_accessed,train,0812b474718cd335e80f907aac4a450e602ee8c9a6e2d7fd4c543e1db67f4076
cifar100,7519,cifar100-train-7519,47,reserved_not_accessed,train,04f21a60b27e57cefe8b3aa5405c1a05de03e342779203710173578e5592aabd
cifar100,7554,cifar100-train-7554,81,reserved_not_accessed,train,0a756073025ce52105cd173a7ee55cb60815b531932783c349a83f0927234971
cifar100,7560,cifar100-train-7560,51,reserved_not_accessed,train,0be1cbac208992ab47a7b6b7b0202c5d6d92a347b7208d621b0ff651234180b7
cifar100,762,cifar100-train-762,19,reserved_not_accessed,train,0777419c418afa2bee9e7ddb1824de97cd322c081ad9269af30dd8d64f783ada
cifar100,7660,cifar100-train-7660,82,reserved_not_accessed,train,0289a979f2242e18202188c2ed5ffed41afc4e13d1ba4856fe22431a597c4640
cifar100,7683,cifar100-train-7683,28,reserved_not_accessed,train,0292cdc40d3cb5a0ba62864433a1088c7ab0cea8deadc24ef11bf6ad6d446b80
cifar100,7740,cifar100-train-7740,33,reserved_not_accessed,train,07e31a3154d63e41280f359d5ecacfebb4449b13cf600ac12e2222a43a43910c
cifar100,7757,cifar100-train-7757,52,reserved_not_accessed,train,0035cbcf3b5534678ee8feacd5a2070323b1a28b56dcd861e463abcdc50f2c3b
cifar100,7758,cifar100-train-7758,79,reserved_not_accessed,train,0a9b8f8c6f1898830e79a701c1c42f2151b9fc08bac6183b1c1ff48df4e5cf2f
cifar100,7785,cifar100-train-7785,49,reserved_not_accessed,train,008b1e603cf79c33d701e40beb25a4702e0d2034cf23e6d00026a4866b466c11
cifar100,7838,cifar100-train-7838,57,reserved_not_accessed,train,01f505197a0cfae2cd584168b49f30426e52fc217cb6f02012867f5e5fd04797
cifar100,7845,cifar100-train-7845,56,reserved_not_accessed,train,0bf1a7196fb970ee2d2fa13e3029b57e5d2a69f90b43c00cdac069bb7322c69c
cifar100,7876,cifar100-train-7876,52,reserved_not_accessed,train,0295e0a061c7360fd673c0f99920985f29a034384aa1208000a2f46b48ae1a83
cifar100,7879,cifar100-train-7879,53,reserved_not_accessed,train,0490594dbc469dd0a6173a7f559d4ba5bb381f314637936a9adb4709dda9e791
cifar100,7880,cifar100-train-7880,85,reserved_not_accessed,train,03568566205c45dda980575ac124dfc50b4e81bb9da3947dd53d99d606746751
cifar100,8007,cifar100-train-8007,79,reserved_not_accessed,train,0f2c08d2919e24f6047019e8efa42257b4adeadbda55e52252c8dad5fb1a93ef
cifar100,8014,cifar100-train-8014,59,reserved_not_accessed,train,0da1012a7044442d206b9d9c4fabb692e9b9951a111f6e658591d41e1627d2c4
cifar100,802,cifar100-train-802,65,reserved_not_accessed,train,0114cc21c07fa593acae4dea1468d011ae82d91230e49671e49c265893ab3420
cifar100,8027,cifar100-train-8027,92,reserved_not_accessed,train,0041fdc010798a06749d68d2a05108d684c92d5a606be9a9b8e55ea1f22d39b0
cifar100,8069,cifar100-train-8069,74,reserved_not_accessed,train,085236513d59d3f83f15006e7fc3cc967ed60fbd402f169432cb427c924b2b08
cifar100,8072,cifar100-train-8072,40,reserved_not_accessed,train,09d5609b53902d2d42ea7ce5796a2b94c00ca1b932321a35aca6d6c9080a121f
cifar100,8226,cifar100-train-8226,92,reserved_not_accessed,train,03afc589dc19f95b82c262419215e31eb9fe6a0757f2b53ca9093cef23ace9fc
cifar100,8239,cifar100-train-8239,29,reserved_not_accessed,train,090c2b8d3ef1fd14b57f7731c2e6d2c37f8234a71c0805828c0cc5e31efb5fd8
cifar100,8271,cifar100-train-8271,59,reserved_not_accessed,train,073ca1bd1af8976a8dc4e3a5d55a0f4c04931c0975e97fdd74c7aac67e9e3f60
cifar100,8302,cifar100-train-8302,52,reserved_not_accessed,train,0e3ce78ab81c8bc501c440cb02f11fa47decaf18a04e11a2afa3fb2c8fe656c4
cifar100,8337,cifar100-train-8337,53,reserved_not_accessed,train,0962fa9eef8a16bfae0c04ffb7368cf9a4830baeae38664884c821b15b6b4089
cifar100,8346,cifar100-train-8346,18,reserved_not_accessed,train,0c343fd5a2bedb1ecfdab6be9794e2a856d95ca14776e17f4f711740f3c3fe2d
cifar100,8354,cifar100-train-8354,38,reserved_not_accessed,train,094ce5d384af19da217271664efeaa3deeaec062e3d0a38bd2ae28288fc55a14
cifar100,8396,cifar100-train-8396,34,reserved_not_accessed,train,037eea2306571ce681b63c029791931b2d6124e2f79c2d3238e5f2ea863d7340
cifar100,8401,cifar100-train-8401,57,reserved_not_accessed,train,060c23731e68e412d1b70c086ed679656615e65a634404344dd06edcd91699d7
cifar100,8414,cifar100-train-8414,64,reserved_not_accessed,train,0c48b47bbbf51b062f034512bdae527dd1f59ffa574c158b3067af36f350536e
cifar100,8429,cifar100-train-8429,22,reserved_not_accessed,train,04b1deac5b981a980161d63b3029ea46c0f625076a18b29cee69271be914bce0
cifar100,8450,cifar100-train-8450,14,reserved_not_accessed,train,037f87184dcdf97c118deb199db0178c02e967e5e98fd6c413c6eaccf86aed68
cifar100,8477,cifar100-train-8477,50,reserved_not_accessed,train,0915587b6a08c51b348e569bff9e62df49a3eec9fe8b58bac1f07e1e04c8d8f1
cifar100,8492,cifar100-train-8492,40,reserved_not_accessed,train,12c65ce0e60fb3645b1aca995911b0630142adb234df97c9fc200680300d6813
cifar100,8583,cifar100-train-8583,18,reserved_not_accessed,train,0eba916a0e632ee0582216d2b93b85e3fdbede8d36df496cc6fb0e10eaaac4d0
cifar100,8644,cifar100-train-8644,50,reserved_not_accessed,train,039a9791988a2bf451a3968ea08799e3f35e15b1b6b7aefa19dbeb68e537c854
cifar100,8695,cifar100-train-8695,12,reserved_not_accessed,train,0123e4fa6d1e211d9a5d4ff19a65f93cbb5fcf7ea0f7c7944a0958e117db5a8f
cifar100,8700,cifar100-train-8700,21,reserved_not_accessed,train,0b01a21d51bbc0a3539a9239585288f5c78b82e8a80e0f524c411e25a00ca145
cifar100,8712,cifar100-train-8712,66,reserved_not_accessed,train,0285700f7fa4fe3fc2379b449f9bc9e7df47ad8264582a28a4a831c00be32e2a
cifar100,8748,cifar100-train-8748,5,reserved_not_accessed,train,06e571f10e5ceb364a03cefbcd1283c71c9cdcd26ad7ad968fbc9d02e58f6ef4
cifar100,8757,cifar100-train-8757,15,reserved_not_accessed,train,0f5d150020bef7bd182971090caf9f033c8b68fca1cad8722114b54f362aeee7
cifar100,8771,cifar100-train-8771,57,reserved_not_accessed,train,01e3d0f85b5c69b2f29778252654dcb709a1fa1c913acf99a38943d3fde42820
cifar100,8787,cifar100-train-8787,32,reserved_not_accessed,train,072acbcd585cf43d1e2fdd22129841f87419fb0bf1585d32c899c8828040f8b5
cifar100,883,cifar100-train-883,74,reserved_not_accessed,train,06e01c505aa412d84f83d9d838e18c075a578baed24855535927451a41629036
cifar100,8837,cifar100-train-8837,9,reserved_not_accessed,train,0c64a2a2709d507fdb9b7cb9a4474503b5a34e18237450f0d7775cc3037ee743
cifar100,8855,cifar100-train-8855,35,reserved_not_accessed,train,03c430b0201d13c4d86b2f273041ece23d8bb6bcc638f19409b45396d47acbff
cifar100,8859,cifar100-train-8859,36,reserved_not_accessed,train,05ceb77e6347d1ade1d396d264edf59e05dcdf5ebccec47ec807925edcafbdb3
cifar100,8883,cifar100-train-8883,46,reserved_not_accessed,train,00ca5a126e15ed59df7efe23d41efdfb810375bc43f1fd4b0262842ad1db6bb3
cifar100,8925,cifar100-train-8925,9,reserved_not_accessed,train,09b613b202f52813e8161db6497f795f2793113c302b7a4f74549e052e0b9f37
cifar100,8934,cifar100-train-8934,69,reserved_not_accessed,train,036a9b369d1ae98a7ddc1cc3d45bcb3f37a81a815d2b1e5b0b71d44ae7d99165
cifar100,8949,cifar100-train-8949,34,reserved_not_accessed,train,0803488f257d955319dba3ff87d06d355b5d85692a3042aea6ef07df6d3bef4c
cifar100,8966,cifar100-train-8966,85,reserved_not_accessed,train,0623ba9e22ba128aeaf4b6b58e704ded23a7f3ff6e596b265d8ca1e8a9e10f16
cifar100,8978,cifar100-train-8978,5,reserved_not_accessed,train,009f552038eb1506022994fbcc9de0d7cbe141bbf4c5da858dd484ae198a8381
cifar100,899,cifar100-train-899,62,reserved_not_accessed,train,0124ceffa4e1440e582793e143e97cc016e3c1f6fda55c1c7cec14b48dd2f521
cifar100,9000,cifar100-train-9000,42,reserved_not_accessed,train,019745f57ae1abcd55dd103c872f24addeed36b6b758e7fc345c9620a8f65b99
cifar100,9031,cifar100-train-9031,46,reserved_not_accessed,train,08d224d1127d0fd65d3fd16a03a6b559e52e1f122c69a3b5fe2bed2b33c92756
cifar100,9041,cifar100-train-9041,77,reserved_not_accessed,train,0264f9178ee9be6c5119587d6c856bf069090de474e189ee702713566388b7f3
cifar100,9053,cifar100-train-9053,80,reserved_not_accessed,train,07445d4efee3d9a357ad0aa0c271bd37b38ea78debe6e43f039fc3c09df10f6f
cifar100,9055,cifar100-train-9055,27,reserved_not_accessed,train,01bd804f3961b2096f70c469fce7edb0a73210b2621e924cd0af5150046c38a6
cifar100,9073,cifar100-train-9073,65,reserved_not_accessed,train,018c68ed9f03a755ae68e22588d30f3b4715147cc393e1d793770f4432d2430a
cifar100,9079,cifar100-train-9079,6,reserved_not_accessed,train,023cbdf6214249d7a4adbc0bf5eeaea00b2b378a65b7541e67d3847e198c08dc
cifar100,9081,cifar100-train-9081,50,reserved_not_accessed,train,0538882ca9168acb7c24d8c81ee6634d486a9d33d090376aa32b54e77b638348
cifar100,9088,cifar100-train-9088,96,reserved_not_accessed,train,07477bbd0374f612e2c6c399da967237150354d0305460af1f6f441ce5ee9fa2
cifar100,9123,cifar100-train-9123,32,reserved_not_accessed,train,03db74fe713d524599e1549b644622fead30ce1960371b2f48b4da35228a3335
cifar100,9124,cifar100-train-9124,70,reserved_not_accessed,train,056d79d29de5b0c97515269ffe587249bafb6b2709284a8e88c6891e3757c68f
cifar100,9159,cifar100-train-9159,86,reserved_not_accessed,train,05f04ece6b2cfcff48fca3d9da562a12c1255195d1d6b16759bf89b035d87b07
cifar100,9170,cifar100-train-9170,27,reserved_not_accessed,train,03b0d1d7e4864746d45265b846e06f43a621d607543080f1f6422eb4463225ad
cifar100,9250,cifar100-train-9250,10,reserved_not_accessed,train,062349a32eb904678be7a189d2826168dd0b27f2a04d90621c054515f59e615c
cifar100,9254,cifar100-train-9254,81,reserved_not_accessed,train,03ac08f9c0ccbe9e6cc810f35b1cef2c56dafc52f1807126924a2db189d2992a
cifar100,928,cifar100-train-928,16,reserved_not_accessed,train,01047f8f0ac2b1ef35ddfeaf466e8f036c070a18ac0e6f1370be6da344496eff
cifar100,9301,cifar100-train-9301,60,reserved_not_accessed,train,039827efad6ab11c3d345cde41d2b219ad2b6d961b5990b3fa2f2bc25b36ef2b
cifar100,9339,cifar100-train-9339,33,reserved_not_accessed,train,034334edd7ea8fe44e930ce9749fb7da1af991c7dd41fc21434ea45d2d64132e
cifar100,9343,cifar100-train-9343,52,reserved_not_accessed,train,09bb11fadafb247d7435d7842ab78a4b6f0a911db6d8bae4f1d16a9cb669c16f
cifar100,9415,cifar100-train-9415,36,reserved_not_accessed,train,07e17f7ad7170949f2fa4a797e10eaf448bd3f419b4e5eac97bb0e4f5569c164
cifar100,9433,cifar100-train-9433,21,reserved_not_accessed,train,0cf5100f8589b33e410c8233f4b16e6d3a397e2734fd161bd7dc90849ed5ef7a
cifar100,9520,cifar100-train-9520,38,reserved_not_accessed,train,01449b46ea46285394fcb2ed8f613dbb6ab19cf3e4622ab793da1d4a4dd5ed9e
cifar100,9577,cifar100-train-9577,69,reserved_not_accessed,train,067946255f7294f390dfaaf13d831cdf92b4869a560ec2d85be3712f6b426ee7
cifar100,9611,cifar100-train-9611,96,reserved_not_accessed,train,02bf7b5921df6f23d5ddfa75483749f3c6d91e6abb1a0c59a96352c8e734b173
cifar100,9636,cifar100-train-9636,62,reserved_not_accessed,train,02e68aa7920d1f504fbf551aa830a270e059c41193785532ac339c491236729c
cifar100,9700,cifar100-train-9700,82,reserved_not_accessed,train,02c4eedbc8f58851409c306e7f96804ad2c1389715d933a1dacf4b2ebd2ac430
cifar100,9748,cifar100-train-9748,44,reserved_not_accessed,train,01bbeea91a11b12f8edafe15b60509c6016f51c5623d8aa1923ccfd8565a6635
cifar100,9777,cifar100-train-9777,65,reserved_not_accessed,train,049e1afa2d3262ec26f58db94ffd3fb2c747d79765541b44963eabc4324a6fb4
cifar100,9795,cifar100-train-9795,46,reserved_not_accessed,train,08ccc7044ae92ef7cd0456a8f44a215e7d1cd697ea06dae7b0b30649f3795a00
cifar100,9814,cifar100-train-9814,75,reserved_not_accessed,train,0cff37d65ae95141997b2ba7e2f1f22085328233f65ea3eafa7dca243281a9f8
cifar100,9845,cifar100-train-9845,34,reserved_not_accessed,train,053c3f42f245c2ced61898208be420defdc22af0e544e4c32659a63bf995c295
cifar100,9856,cifar100-train-9856,74,reserved_not_accessed,train,092692f1a1a4cdd3899816f5fd023adc881f169b0ad37a5f9b1438503bd844e1
cifar100,987,cifar100-train-987,42,reserved_not_accessed,train,01e430b8c1b86486404c0e287498dbb7956dd2245b14ce355cbf616f1424232c
cifar100,9911,cifar100-train-9911,49,reserved_not_accessed,train,0a2fc5b4158147df64724cbbe57238e07da722a93dab14cda5edcdf5ebb2f9d7
cifar100,9994,cifar100-train-9994,29,reserved_not_accessed,train,0267d74c094f6e91a7146374670a32a5e5e5fa1e8e86451981da5883591fdeb3
eurosat,55,eurosat/2750/AnnualCrop/AnnualCrop_1048.jpg,0,reserved_not_accessed,confirmation,02927aa717173992dfce294d6071b926b1a0d7d09ead226435699456e68f4619
eurosat,599,eurosat/2750/AnnualCrop/AnnualCrop_1538.jpg,0,reserved_not_accessed,confirmation,0361e99ef573175135dfb04b9aa24c4940b58e98e5f58916443ce25408bfabff
eurosat,644,eurosat/2750/AnnualCrop/AnnualCrop_1579.jpg,0,reserved_not_accessed,confirmation,03807bf5663acf4bd70814679c1325bcd987833dfdfcf4228ca5bc1d4838b6be
eurosat,994,eurosat/2750/AnnualCrop/AnnualCrop_1894.jpg,0,reserved_not_accessed,confirmation,031afce8c1a70f7b7e0d3f19725887e3d87e580dd92aa4a87371883b669ce081
eurosat,1074,eurosat/2750/AnnualCrop/AnnualCrop_1966.jpg,0,reserved_not_accessed,confirmation,02e062afaa203ac9f0a5c60e54b4f8278947adeeec8b0876f1706bd345bcc70a
eurosat,1180,eurosat/2750/AnnualCrop/AnnualCrop_2060.jpg,0,reserved_not_accessed,confirmation,0385699892b8cee83d3140f749a956cb651f3336a633b0b0cd05ff265a4156c5
eurosat,1769,eurosat/2750/AnnualCrop/AnnualCrop_2591.jpg,0,reserved_not_accessed,confirmation,035b1ea6c8700eb18eb56c2643076d5b085b6d998f78b5e8c3097ba4be572aca
eurosat,1806,eurosat/2750/AnnualCrop/AnnualCrop_2624.jpg,0,reserved_not_accessed,confirmation,0333c2b0e9fbd56ef7c606eac7ad8c270b63379468b5b7bbb16be0aac74684c9
eurosat,1990,eurosat/2750/AnnualCrop/AnnualCrop_2790.jpg,0,reserved_not_accessed,confirmation,02cc4c1fc8a6e4abbcb5d93f0db6fb3524791bad4cadea9206271a45de6dddb7
eurosat,2061,eurosat/2750/AnnualCrop/AnnualCrop_2854.jpg,0,reserved_not_accessed,confirmation,0360f2e902620d26bd2fd24503cf4ba6500f4302e24048cd0f8e262ec1960d26
eurosat,3027,eurosat/2750/Forest/Forest_1022.jpg,1,reserved_not_accessed,confirmation,0249b410d86a6fb50a1c16f40c31794165c51391abaa91e8f77a3c45e6c4f99b
eurosat,3086,eurosat/2750/Forest/Forest_1076.jpg,1,reserved_not_accessed,confirmation,01fa854381b46409813a39d2ec3a955743bbf7d06cad35d84bfd0266dbed27bb
eurosat,3261,eurosat/2750/Forest/Forest_1233.jpg,1,reserved_not_accessed,confirmation,020b4b108e7c587ef42f70c79abab4c5921f69ae19901c9a557c3d5e5960f7d3
eurosat,4630,eurosat/2750/Forest/Forest_2466.jpg,1,reserved_not_accessed,confirmation,02c47522e476fe85ad2acf385cc1771a59549f93f6e4d40bd09f2822426c43b2
eurosat,4701,eurosat/2750/Forest/Forest_253.jpg,1,reserved_not_accessed,confirmation,01e1204158fbd1b88284ecdaf9fd778b61f3f07aa0006b2c3044fa9dff6b2b04
eurosat,4802,eurosat/2750/Forest/Forest_2620.jpg,1,reserved_not_accessed,confirmation,01b5bf6442d57ce035d89b633913697b300ea8a0f4e6d43244822add45cf4e88
eurosat,5079,eurosat/2750/Forest/Forest_2870.jpg,1,reserved_not_accessed,confirmation,01d83d40f3cbaa0c63958088d7400b7807222c1969252ff0b0f0b1c442ffc51e
eurosat,5216,eurosat/2750/Forest/Forest_2994.jpg,1,reserved_not_accessed,confirmation,02ca403537297b7588d260ac0033f8b50de4ab7fce52730894e3d00160e7514b
eurosat,5376,eurosat/2750/Forest/Forest_437.jpg,1,reserved_not_accessed,confirmation,01b9251d93cae25459f80604583933db61586ef192773b2be8795ecacc97613c
eurosat,5539,eurosat/2750/Forest/Forest_584.jpg,1,reserved_not_accessed,confirmation,01cd60c94f4d90728ea9568812c2fb5b0a61d3c1c5bb643d6342a4dbb20f0d52
eurosat,6427,eurosat/2750/HerbaceousVegetation/HerbaceousVegetation_1383.jpg,2,reserved_not_accessed,confirmation,036e325e3f6666b9cc414cf6101e71269faad87fcaf481c6834cba0503e6678f
eurosat,6613,eurosat/2750/HerbaceousVegetation/HerbaceousVegetation_1550.jpg,2,reserved_not_accessed,confirmation,034680827e306768932d454e96e5e03a6c912f07c1e1be6435419b7779ff1142
eurosat,6697,eurosat/2750/HerbaceousVegetation/HerbaceousVegetation_1626.jpg,2,reserved_not_accessed,confirmation,03dffff4dee84305eb861f0493694bc09f5531a2c854edd24cf468551e0a2aa4
eurosat,7326,eurosat/2750/HerbaceousVegetation/HerbaceousVegetation_2192.jpg,2,reserved_not_accessed,confirmation,0357c56226f0ee02a89820bfcae5cfbe21140390d277569ba7b1fd73b8a92e9b
eurosat,7392,eurosat/2750/HerbaceousVegetation/HerbaceousVegetation_2251.jpg,2,reserved_not_accessed,confirmation,0329ddb2c010c9868351053a15ac60e3e2be937456d50240ac60fb0fa4d9b0eb
eurosat,8243,eurosat/2750/HerbaceousVegetation/HerbaceousVegetation_317.jpg,2,reserved_not_accessed,confirmation,03b1c6dfb15eae0d30e03cd7f19fe416caf1a64011f1f70b0d4e3a046ab7c6aa
eurosat,8245,eurosat/2750/HerbaceousVegetation/HerbaceousVegetation_319.jpg,2,reserved_not_accessed,confirmation,03728575a428a9894fc8628a78aa7c318382f2fd13196b79c2138ea1342778a8
eurosat,8348,eurosat/2750/HerbaceousVegetation/HerbaceousVegetation_411.jpg,2,reserved_not_accessed,confirmation,02f869669d31650ba1ac0ab6e625624d73225147ad87b6ac7c60f36a2b3fa383
eurosat,8423,eurosat/2750/HerbaceousVegetation/HerbaceousVegetation_48.jpg,2,reserved_not_accessed,confirmation,02c05f57a1c853ce9a9fb9451cd8f594e4593274217d00c3c269c325f58782db
eurosat,8490,eurosat/2750/HerbaceousVegetation/HerbaceousVegetation_54.jpg,2,reserved_not_accessed,confirmation,035c82826a4a96caf679a874e84cd13c1f95c01699afc60a9c3093f2dfdafff8
eurosat,9034,eurosat/2750/Highway/Highway_1029.jpg,3,reserved_not_accessed,confirmation,02d41c31eb78a2c0e8f8922b3486faad1368548a2593a62470551d01be751b36
eurosat,9037,eurosat/2750/Highway/Highway_1031.jpg,3,reserved_not_accessed,confirmation,02653f5e533109ce93bebb4fccf4ecd55b495d9ac249f6498ceb5aad8a01d97b
eurosat,9054,eurosat/2750/Highway/Highway_1047.jpg,3,reserved_not_accessed,confirmation,02a6810341ac62974b5d8851ae6e7a168a4828037d4ecfbbe48b0f11add66372
eurosat,9330,eurosat/2750/Highway/Highway_1296.jpg,3,reserved_not_accessed,confirmation,02bcc6ff090647265772ef713ede6e687968195087ca4f790bfb294e2765e3b0
eurosat,9526,eurosat/2750/Highway/Highway_1472.jpg,3,reserved_not_accessed,confirmation,02a4355903992f31957d383230af804e983f26b3f2e50dc8063e4313800f9c52
eurosat,9717,eurosat/2750/Highway/Highway_1644.jpg,3,reserved_not_accessed,confirmation,02cac0027f47c446276a1110aafbd5e3f70f34e8d19c822bd56ab2c85e005af1
eurosat,10028,eurosat/2750/Highway/Highway_1924.jpg,3,reserved_not_accessed,confirmation,026e68236b3aa93763c5fda8b288d4101f5fec93fa04ca425906c3e50a345382
eurosat,10805,eurosat/2750/Highway/Highway_373.jpg,3,reserved_not_accessed,confirmation,026ba4fb1b0d4929ca86c6c295051dd90a1d22807c0e7b8793d62a088ce96921
eurosat,11081,eurosat/2750/Highway/Highway_621.jpg,3,reserved_not_accessed,confirmation,02b2471884dea65f94d8bbbec1b86f4e85397d8c7af91afdf3008f8bb073e777
eurosat,11347,eurosat/2750/Highway/Highway_861.jpg,3,reserved_not_accessed,confirmation,02b95e0474623334296a04f343a048c0f2f8a2e9b5badb709fc8a6145ed574a0
eurosat,11651,eurosat/2750/Industrial/Industrial_1134.jpg,4,reserved_not_accessed,confirmation,037552c4a22b978a544ce3b0f928a4800ef6dd635fa8ae6bc710c964e294f86a
eurosat,11709,eurosat/2750/Industrial/Industrial_1187.jpg,4,reserved_not_accessed,confirmation,0366f867760245e162c95fb80958b51005ad7c8599137e6c24064d86914fd6dd
eurosat,12009,eurosat/2750/Industrial/Industrial_1457.jpg,4,reserved_not_accessed,confirmation,0302641bec6dd5b40eb2753911f54079e279f5c14d432f21b630b9c58e8a4198
eurosat,12414,eurosat/2750/Industrial/Industrial_1821.jpg,4,reserved_not_accessed,confirmation,03663756e66e951e8b9c82ae42f5916ffdbf2d92cef6d35bb8b6ff5e2508c042
eurosat,12578,eurosat/2750/Industrial/Industrial_197.jpg,4,reserved_not_accessed,confirmation,032589913b2e972f92cdd7a3e83074218d247ca758c49f9112381b88f84da2ff
eurosat,12793,eurosat/2750/Industrial/Industrial_2162.jpg,4,reserved_not_accessed,confirmation,037d75cbc97e969a5f960b11a694fc914553e15ccddf2cd36d82a00540a5fbb6
eurosat,12899,eurosat/2750/Industrial/Industrial_2258.jpg,4,reserved_not_accessed,confirmation,032dbd6aa03aa44fbad8764a4ce7fe7fbc6df673267fa9e105cea028089a70bd
eurosat,12971,eurosat/2750/Industrial/Industrial_2322.jpg,4,reserved_not_accessed,confirmation,02cd0cc14321f9378a655d2014028791b25febe6a5de626aae14b9e97670e3c4
eurosat,13664,eurosat/2750/Industrial/Industrial_697.jpg,4,reserved_not_accessed,confirmation,030fab2c8f3c0a6fc5e925fe57d68ec077a2289662339f3a58b09d59c994e72a
eurosat,13937,eurosat/2750/Industrial/Industrial_942.jpg,4,reserved_not_accessed,confirmation,032fb608c302faf617ae130422dce0fdcb6bbfe96bbc284d06cfd8b28de0aab0
eurosat,14346,eurosat/2750/Pasture/Pasture_131.jpg,5,reserved_not_accessed,confirmation,032edaefe190c53e273bf5e64178fae424265980b59088f0061d2c3876e096d5
eurosat,14371,eurosat/2750/Pasture/Pasture_1332.jpg,5,reserved_not_accessed,confirmation,0446810152b1cc980e89aa8fdd12ec3367d1cbee62c15ff4ea723431a2807955
eurosat,14589,eurosat/2750/Pasture/Pasture_1529.jpg,5,reserved_not_accessed,confirmation,03699ad33c9747e562c9889a6226c75af7a140c415e1aad7e184e4e6f1a1776c
eurosat,15344,eurosat/2750/Pasture/Pasture_408.jpg,5,reserved_not_accessed,confirmation,0400d3686b662a033f5c2f223b537a95015fb53796b1118cf653a3752c34ba2e
eurosat,15554,eurosat/2750/Pasture/Pasture_598.jpg,5,reserved_not_accessed,confirmation,030c9afc8b0499bc31d0c46d48704ff2042e31d162a9c9953ba3e7b418b8f856
eurosat,15596,eurosat/2750/Pasture/Pasture_635.jpg,5,reserved_not_accessed,confirmation,0429d11cc714543752431e19141527fa89e80877467af2d808492ad20f1e4858
eurosat,15597,eurosat/2750/Pasture/Pasture_636.jpg,5,reserved_not_accessed,confirmation,03d98323a703968303ab83c9bc9685823b8a6ac0baf370e2b96a3bb17e2e4fa0
eurosat,15621,eurosat/2750/Pasture/Pasture_658.jpg,5,reserved_not_accessed,confirmation,0450fb07eb4300b6a28a15ef6cb93be087880bd2409aee566070a75125fd5f4c
eurosat,15722,eurosat/2750/Pasture/Pasture_749.jpg,5,reserved_not_accessed,confirmation,027106a98be698c8ebdafc365e5effec3031fb2cdf7165306d9ab8226295c76f
eurosat,15947,eurosat/2750/Pasture/Pasture_951.jpg,5,reserved_not_accessed,confirmation,035cb895fffcf358e2623f10b51eea6755fc59defa6de39110cd2d6c2cb20555
eurosat,16780,eurosat/2750/PermanentCrop/PermanentCrop_1700.jpg,6,reserved_not_accessed,confirmation,040b193714ae25222505da09b679aa380fcd467c66e38bbc3ce3e418fc50a73f
eurosat,16792,eurosat/2750/PermanentCrop/PermanentCrop_1711.jpg,6,reserved_not_accessed,confirmation,043e77025e35623643c40b5d91a07fc7a9459a34d6ff5c71aceed0de8db3b324
eurosat,16987,eurosat/2750/PermanentCrop/PermanentCrop_1888.jpg,6,reserved_not_accessed,confirmation,040342638c8e3c9b20a9e564c0f231bfc519e4273a98b93c9076cdd6047432ed
eurosat,17079,eurosat/2750/PermanentCrop/PermanentCrop_1970.jpg,6,reserved_not_accessed,confirmation,03deb65e3264414ad2b6b95d01a6aa780a0d718d27bca38e19d2a93d1435ee59
eurosat,17123,eurosat/2750/PermanentCrop/PermanentCrop_2009.jpg,6,reserved_not_accessed,confirmation,041b80e02b9b2cf7cf26a2f8bd84b83f17d7a3540483dfca7499358e6a75c3da
eurosat,17298,eurosat/2750/PermanentCrop/PermanentCrop_2167.jpg,6,reserved_not_accessed,confirmation,042a37273aa56462b64661dd524e635e2a0395aca9524c3c43abf85c6552bbd4
eurosat,17377,eurosat/2750/PermanentCrop/PermanentCrop_2238.jpg,6,reserved_not_accessed,confirmation,043e3c18ae24996acf5ef0b4f47ff8d988f6f6ff0937caf7f4b53db78d8f2ceb
eurosat,17557,eurosat/2750/PermanentCrop/PermanentCrop_240.jpg,6,reserved_not_accessed,confirmation,044c98ce0ea5232d44993f3e401a5e34fc201e3f6f919edea279f6dc0c7f2f36
eurosat,17641,eurosat/2750/PermanentCrop/PermanentCrop_2476.jpg,6,reserved_not_accessed,confirmation,03bc4d14a3c71a4204705d1428afb64d7448b6f6744f396189f24f48475b88dd
eurosat,18135,eurosat/2750/PermanentCrop/PermanentCrop_670.jpg,6,reserved_not_accessed,confirmation,03c62d19fd8b73831efc9f03d4b93e2d0ce0d07427678cae3366bd2e959c0706
eurosat,18736,eurosat/2750/Residential/Residential_1210.jpg,7,reserved_not_accessed,confirmation,0342eee552bde28786935d701101409c7cd65be9d30fa4967d211721d20ecc99
eurosat,18737,eurosat/2750/Residential/Residential_1211.jpg,7,reserved_not_accessed,confirmation,0364ddfc39a126ad7db9b8b85967f3f5686c696b6707c0fd989f3842a2277183
eurosat,19396,eurosat/2750/Residential/Residential_1805.jpg,7,reserved_not_accessed,confirmation,03f70dc112f7ca89a33ff8438b4013229640073527bd5d2d58ad34ba1d200c00
eurosat,20487,eurosat/2750/Residential/Residential_2788.jpg,7,reserved_not_accessed,confirmation,0396d588cbad1205e2c4095a38e1233d4f90b4a573098ca12697e0b637d0f296
eurosat,20845,eurosat/2750/Residential/Residential_409.jpg,7,reserved_not_accessed,confirmation,032487062c4dc404110c1e4ee04df5ffffb6c6e15a96732448168c297026f7a8
eurosat,20960,eurosat/2750/Residential/Residential_512.jpg,7,reserved_not_accessed,confirmation,02ce17c7e8f35d98fab2a5cac5d9704f782bfeeab597bac97c256993cc9cbfa7
eurosat,21035,eurosat/2750/Residential/Residential_580.jpg,7,reserved_not_accessed,confirmation,0367c7766913cd2f3a2540df2fbb1ae87af07ab337cce4aa0287b97f77295f04
eurosat,21083,eurosat/2750/Residential/Residential_623.jpg,7,reserved_not_accessed,confirmation,038f92297a43dd557820d1f0765e11982cf21fdc1f8abb4ab5d18117275d86b7
eurosat,21245,eurosat/2750/Residential/Residential_77.jpg,7,reserved_not_accessed,confirmation,036fb3ddd97185a8b141952e7c32b75e47dd1f99e4033eee0c5a0ab332674d0b
eurosat,21304,eurosat/2750/Residential/Residential_822.jpg,7,reserved_not_accessed,confirmation,02ff22c47f1046ccf1f512ccd2b7f7986de17086ea82984c8cf14d90f35c5d3e
eurosat,21936,eurosat/2750/River/River_1391.jpg,8,reserved_not_accessed,confirmation,03795db97b369251b2e907943c269eb0843154421a1c66d610155de4d9cbf10f
eurosat,22031,eurosat/2750/River/River_1477.jpg,8,reserved_not_accessed,confirmation,0441c489e60286d382f60aeaf24d116432770cdaadc04f72d8f1f158a4ff4982
eurosat,22115,eurosat/2750/River/River_1552.jpg,8,reserved_not_accessed,confirmation,03b476f68782cc2c8f7f02a8f4485abd5e5d1cff02b1b73be156de4b1ac69191
eurosat,22133,eurosat/2750/River/River_1569.jpg,8,reserved_not_accessed,confirmation,037ac49d47555de6ac620dcc712002f6c4b0a4a1cc643fad395bcc3edbf72dff
eurosat,22243,eurosat/2750/River/River_1668.jpg,8,reserved_not_accessed,confirmation,02b18ef0912b849ff62030e20f115555388b86db7197987aecbc02a37236c1b1
eurosat,22349,eurosat/2750/River/River_1763.jpg,8,reserved_not_accessed,confirmation,0338d26288c666d0fb3c7c5b3c24b52f9b998266745c24075164e8f528e687e7
eurosat,22716,eurosat/2750/River/River_2093.jpg,8,reserved_not_accessed,confirmation,03c8604dcab9b3aa530a29f63d56164af332055527dff842695eaa76cc55cfcf
eurosat,23374,eurosat/2750/River/River_435.jpg,8,reserved_not_accessed,confirmation,0429e13930301d9b3bc8f046b81ff9299f8ccbc1801f31568a312ccb06bf5419
eurosat,23571,eurosat/2750/River/River_612.jpg,8,reserved_not_accessed,confirmation,02adea1c1788f29ff352ce2a15ed5e4379e394f71018e73e7acf98b68bd03b4a
eurosat,23796,eurosat/2750/River/River_815.jpg,8,reserved_not_accessed,confirmation,03cc79be349e12603c7b5b0f8a280690de098d2959edb33de984b25f468fdd31
eurosat,24095,eurosat/2750/SeaLake/SeaLake_1084.jpg,9,reserved_not_accessed,confirmation,0348a07972f7c3643fa51ebe78c038f3ec2ab2667b06717789b1afd75febdb78
eurosat,24753,eurosat/2750/SeaLake/SeaLake_1677.jpg,9,reserved_not_accessed,confirmation,025213b3cfb767e3fb0165c21236296053cd52c2f0700e021f8df1189c9f8351
eurosat,24982,eurosat/2750/SeaLake/SeaLake_1883.jpg,9,reserved_not_accessed,confirmation,034125b087079a6694d7b8d6cbe9f458815577021615c42042ac7c079fbd8eb6
eurosat,25046,eurosat/2750/SeaLake/SeaLake_1940.jpg,9,reserved_not_accessed,confirmation,0397cc6e4e67ca1b55773f910600ac3b1c58f0aae9fae91f25b780068e181363
eurosat,25509,eurosat/2750/SeaLake/SeaLake_2357.jpg,9,reserved_not_accessed,confirmation,021dc220df31e67304d96c1e52ac462f62c07f39459a219ac5f3da9762725556
eurosat,25526,eurosat/2750/SeaLake/SeaLake_2372.jpg,9,reserved_not_accessed,confirmation,02542b57137d04a4c824ce0d850bf6f0abbb88786dd3c840c9e3ee90970df47c
eurosat,25562,eurosat/2750/SeaLake/SeaLake_2404.jpg,9,reserved_not_accessed,confirmation,03087b6b350994337ca6469f821007bb07316fe3e3c78225e99d1fac16a6083c
eurosat,26144,eurosat/2750/SeaLake/SeaLake_2929.jpg,9,reserved_not_accessed,confirmation,023349cd2ce5427b915e412dd47f1dfe3d92be01ea6a1ed37087e0a7dd69dd76
eurosat,26340,eurosat/2750/SeaLake/SeaLake_404.jpg,9,reserved_not_accessed,confirmation,030a8174a2cb1480eefbcf3a45d749f8e6e3ccf5dfb1a921c7bac511690d1453
eurosat,26915,eurosat/2750/SeaLake/SeaLake_922.jpg,9,reserved_not_accessed,confirmation,0248a8c0cd6f92102f6f2d9961f7e0f3accd9f8951bbd0103b26246751865a8c
eurosat,203,eurosat/2750/AnnualCrop/AnnualCrop_1181.jpg,0,reserved_not_accessed,selection,02336ab457067ad8980586495fc58a9e17f6b0fde53c6fb140ff736e79d7a7e0
eurosat,2242,eurosat/2750/AnnualCrop/AnnualCrop_316.jpg,0,reserved_not_accessed,selection,028ee0a803da7c0b15bcd53b2e66f20922f05730ba67fe998251a77179473cb1
eurosat,2322,eurosat/2750/AnnualCrop/AnnualCrop_389.jpg,0,reserved_not_accessed,selection,021bcdcf8d8c1f415e863bf06251782132219700da76d51ec890ef76e9eeb1e0
eurosat,2373,eurosat/2750/AnnualCrop/AnnualCrop_434.jpg,0,reserved_not_accessed,selection,0211124ecbf01275c15005f107e78b7094a2475a346762d8b29de41872630971
eurosat,2872,eurosat/2750/AnnualCrop/AnnualCrop_884.jpg,0,reserved_not_accessed,selection,02814719921f07f4135f20b333306aee977aec1fc8df2ff8f8791027c660a972
eurosat,3084,eurosat/2750/Forest/Forest_1074.jpg,1,reserved_not_accessed,selection,017206875ecbd3fc7588d67924df5b072f364eb22e94efb8d75faf1c3d9267f1
eurosat,3155,eurosat/2750/Forest/Forest_1138.jpg,1,reserved_not_accessed,selection,017dce256b91e6ace3a4f004f4d10c189fe4bb9ab6d69f80b09cdc5e5ecf3dd4
eurosat,3882,eurosat/2750/Forest/Forest_1793.jpg,1,reserved_not_accessed,selection,013a790b11986063a80d0c55029123c5d9da90aa7be2ca037dcbc2b140f612f1
eurosat,4322,eurosat/2750/Forest/Forest_2189.jpg,1,reserved_not_accessed,selection,017e5eb19c2103d3570ada30941d93ef44c5b67e13a564951810bec2ff5185ec
eurosat,5515,eurosat/2750/Forest/Forest_562.jpg,1,reserved_not_accessed,selection,014a770cb6aead4582e890ccc2ef4d63d01e6d7edba34104ccf81cb0ed9c4d90
eurosat,6875,eurosat/2750/HerbaceousVegetation/HerbaceousVegetation_1787.jpg,2,reserved_not_accessed,selection,0237676a1c9f77cfda2decbc24e8309a5f99c1e9a4207b8f9b76bac733b6a5e2
eurosat,7121,eurosat/2750/HerbaceousVegetation/HerbaceousVegetation_2007.jpg,2,reserved_not_accessed,selection,028b5f34eb56338b9747a73050e94ea9b1d069775525d0b4abf52f803d2474a6
eurosat,8363,eurosat/2750/HerbaceousVegetation/HerbaceousVegetation_425.jpg,2,reserved_not_accessed,selection,02aee0f66d240791445621665d7d769ee5aa71947ccb3c7ad4f28d40e5e5db83
eurosat,8512,eurosat/2750/HerbaceousVegetation/HerbaceousVegetation_56.jpg,2,reserved_not_accessed,selection,029a1e83a7ea7b6a7332ef9eca80240c537949772889d984451f70bc95734935
eurosat,8825,eurosat/2750/HerbaceousVegetation/HerbaceousVegetation_841.jpg,2,reserved_not_accessed,selection,0297a6810b5789da36d214658ed6d8c7f5dde79d762ca2321f2c0c404da15561
eurosat,9091,eurosat/2750/Highway/Highway_1080.jpg,3,reserved_not_accessed,selection,01fcfe1dfb159b25da61cab07342566e907258481c3b0b610d63af6d1abba191
eurosat,9486,eurosat/2750/Highway/Highway_1436.jpg,3,reserved_not_accessed,selection,02478dd8c7b38789615f0012e672ea227147f71dec3eff6ea52f42d105d5c7f6
eurosat,9533,eurosat/2750/Highway/Highway_1479.jpg,3,reserved_not_accessed,selection,0241a7e6a70f44f7f37d1b48d22d683fa870d4e007626dcb626ee8ada4dc5c57
eurosat,9764,eurosat/2750/Highway/Highway_1687.jpg,3,reserved_not_accessed,selection,01ebc0bcc355f4f59fb247e3d3eb433567b6ee2a3f69ac819b978a828658cd9a
eurosat,10640,eurosat/2750/Highway/Highway_2475.jpg,3,reserved_not_accessed,selection,020558ef6868a56337a7395834023892e3f6516df7ce569b0ca30d048edb9aea
eurosat,12083,eurosat/2750/Industrial/Industrial_1523.jpg,4,reserved_not_accessed,selection,027bbfbd569660586c8bb5b7d5caae56d238314b3e56c9febacabc8e1abebd69
eurosat,12169,eurosat/2750/Industrial/Industrial_1600.jpg,4,reserved_not_accessed,selection,0286f0c303f553018640bd3cbe7e762db4639bd2f14b31696cff3d9681ec422d
eurosat,12471,eurosat/2750/Industrial/Industrial_1873.jpg,4,reserved_not_accessed,selection,0284452e355333a26a109869d07de4f8291762b9c4aee746ed1b8c3b39d98ff6
eurosat,13317,eurosat/2750/Industrial/Industrial_384.jpg,4,reserved_not_accessed,selection,028a4b5dc9e935da482de504cf53801a486183096c93aa17b407bd4e245e99ee
eurosat,13911,eurosat/2750/Industrial/Industrial_919.jpg,4,reserved_not_accessed,selection,0248f8cfdb1a234377afbcd59901658165898dfa7dcf0b7894d848ef17b18bcb
eurosat,14391,eurosat/2750/Pasture/Pasture_1350.jpg,5,reserved_not_accessed,selection,0218ab72d17a5c049379f3314566598766f1c4ab314ecc36fb1813714dc00571
eurosat,14457,eurosat/2750/Pasture/Pasture_141.jpg,5,reserved_not_accessed,selection,01d362a40f7d451f986bd6667f1cbf5a9e47b078c6a2b91946e0a9c9d0e2a4a9
eurosat,14660,eurosat/2750/Pasture/Pasture_1593.jpg,5,reserved_not_accessed,selection,02067818f466b8fbeed870b4331de29d8797f2653efd68c403fa85b58ceff49e
eurosat,15306,eurosat/2750/Pasture/Pasture_374.jpg,5,reserved_not_accessed,selection,024bc01598776406ce41de719b961c5b07d4c34f1cc90ee9f8ae8b8cbdf8f2f0
eurosat,15943,eurosat/2750/Pasture/Pasture_948.jpg,5,reserved_not_accessed,selection,0244f3ccc0967738f51fb3ea5e08fb0bc01f253ad72eb7b68cdc389a010f1b4a
eurosat,16251,eurosat/2750/PermanentCrop/PermanentCrop_1224.jpg,6,reserved_not_accessed,selection,037c0975c0cda1203f6812859d739913eba4094a9743620e01961b3ac8b18b78
eurosat,16423,eurosat/2750/PermanentCrop/PermanentCrop_138.jpg,6,reserved_not_accessed,selection,034487edbad70223aec06dddce46d86d27ae664253a11825de8e222dbeb4f57b
eurosat,17830,eurosat/2750/PermanentCrop/PermanentCrop_396.jpg,6,reserved_not_accessed,selection,02f1ab7801d1eabc90e7033167abac17c7fcd595a66ff6da892f4f624b9463a8
eurosat,18099,eurosat/2750/PermanentCrop/PermanentCrop_638.jpg,6,reserved_not_accessed,selection,026de266e0042bfbbd27f6dc21efb12fbc7e3f899a7f077e381ba185d1d07c81
eurosat,18370,eurosat/2750/PermanentCrop/PermanentCrop_882.jpg,6,reserved_not_accessed,selection,038aaedda7bc32da5c541d40a3edc967eb303ea5ab6484d5897180de042d86c7
eurosat,18546,eurosat/2750/Residential/Residential_104.jpg,7,reserved_not_accessed,selection,0265c0668fdd4ac8e2645a32c8b269b045185680d067abaef412354a6a982852
eurosat,19043,eurosat/2750/Residential/Residential_1488.jpg,7,reserved_not_accessed,selection,026c867213a3602cb52ecd13da9cc36f50061b9cb69c19fd260ecfbeda32e0d8
eurosat,19428,eurosat/2750/Residential/Residential_1834.jpg,7,reserved_not_accessed,selection,02c529809c1636dd41674cf21fecdbc32322143f74e4b21f8c83d12690f50fc1
eurosat,20714,eurosat/2750/Residential/Residential_2992.jpg,7,reserved_not_accessed,selection,02243bc778f282039ae7bdf439d656c89686847668a309149a7e07be3d999126
eurosat,20899,eurosat/2750/Residential/Residential_458.jpg,7,reserved_not_accessed,selection,029f42e4bd1d696b52f0bdf90a80008cd4260c3a6d32e75b1da356b9aafcfdd8
eurosat,22308,eurosat/2750/River/River_1726.jpg,8,reserved_not_accessed,selection,0276cc5bad7eab1088f1ff035dd7c13a41a9d1bf50ad6683734885cdf2683d0e
eurosat,23210,eurosat/2750/River/River_288.jpg,8,reserved_not_accessed,selection,02418fe398b31981d889eacbf1d13b024953e3a3e74116c398fad1f9e349603c
eurosat,23681,eurosat/2750/River/River_711.jpg,8,reserved_not_accessed,selection,0269e8d9463462fd2cca634be9a515b4c557f61ff1efe6563ab1f04026f8ff46
eurosat,23824,eurosat/2750/River/River_840.jpg,8,reserved_not_accessed,selection,02a9e6143ac9eda7a4a0e1975f17e67c5517ca7c7e3652ba53b061c2e3f384d2
eurosat,23939,eurosat/2750/River/River_944.jpg,8,reserved_not_accessed,selection,025b1ceb16e72078b447a7cc2bc50264803f077231d814e5b01e23bba66182eb
eurosat,24051,eurosat/2750/SeaLake/SeaLake_1044.jpg,9,reserved_not_accessed,selection,0205d4caec0e2010eb4909a53f244023467fce6ffb5b8101ace9e15f5bfbc1c6
eurosat,24186,eurosat/2750/SeaLake/SeaLake_1166.jpg,9,reserved_not_accessed,selection,01f45a874f1966f0725616582354e94591915604aa1fdbf774ae805c19ade70f
eurosat,24652,eurosat/2750/SeaLake/SeaLake_1586.jpg,9,reserved_not_accessed,selection,01aa477a5e3c3e1290e0b4b3703d9fceab97c8bb6e9e914fbe2ca55b6c5bb063
eurosat,25847,eurosat/2750/SeaLake/SeaLake_2661.jpg,9,reserved_not_accessed,selection,020ed2be729908d2e1b628e48aa5e87d75f594c2a02afe05efda624989c16760
eurosat,26303,eurosat/2750/SeaLake/SeaLake_371.jpg,9,reserved_not_accessed,selection,01d1620f2080678fda953814a234f2f6f2b2ef9bafd9cbf687d960a58ec1d5b6
eurosat,210,eurosat/2750/AnnualCrop/AnnualCrop_1188.jpg,0,reserved_not_accessed,train,01afd6e441ca5a90978c51a2017a7ffc3b168921fd844ae67c27d9c2b68e0dde
eurosat,643,eurosat/2750/AnnualCrop/AnnualCrop_1578.jpg,0,reserved_not_accessed,train,009636e54bbaf53773185a3db06e0ecb7d85fd6fce43105632dd50190f137dc3
eurosat,1062,eurosat/2750/AnnualCrop/AnnualCrop_1955.jpg,0,reserved_not_accessed,train,01217a5a82995271f779df8037cb4b7db1229b0d88b7fbe7f7cac44321c26af5
eurosat,1076,eurosat/2750/AnnualCrop/AnnualCrop_1968.jpg,0,reserved_not_accessed,train,01dac78d630341e180dc3974385eb480a239cd6789753204ffa495cfc9ebef67
eurosat,1152,eurosat/2750/AnnualCrop/AnnualCrop_2035.jpg,0,reserved_not_accessed,train,00650b1f61685e102fc837ee61e89c87806055d9a6656a660706c1f9e3a33326
eurosat,1177,eurosat/2750/AnnualCrop/AnnualCrop_2058.jpg,0,reserved_not_accessed,train,0129bbe2b72c93cec17e36b268553cbeb72b68ac44c8a321dff3d1e402720d0d
eurosat,1552,eurosat/2750/AnnualCrop/AnnualCrop_2396.jpg,0,reserved_not_accessed,train,00cdfaae4cdf20883806d8b1be2670a6900e2cca561af2f185a1f898ce19bc67
eurosat,1553,eurosat/2750/AnnualCrop/AnnualCrop_2397.jpg,0,reserved_not_accessed,train,013209fb01d9114ce58800db04646c0f89df23c4d12f9832183734d1091f61f3
eurosat,1562,eurosat/2750/AnnualCrop/AnnualCrop_2404.jpg,0,reserved_not_accessed,train,012f581cc17f5858c3ddf45f2c3a038bfacf387e930719610bc29f36d90d69a3
eurosat,1707,eurosat/2750/AnnualCrop/AnnualCrop_2535.jpg,0,reserved_not_accessed,train,00f6b639e53621f33278f02c9f15bd6ae3bc793fdad4656b270ea63fe0c02e85
eurosat,1718,eurosat/2750/AnnualCrop/AnnualCrop_2545.jpg,0,reserved_not_accessed,train,009fcff173e95f82cb02030542219869ddf2d40c0af3fca5428bf5da1ba970ed
eurosat,1991,eurosat/2750/AnnualCrop/AnnualCrop_2791.jpg,0,reserved_not_accessed,train,0141ec00579f5144c9dcad605ad6236b28098e9158d1d6fcc29c0942f10a36b5
eurosat,2067,eurosat/2750/AnnualCrop/AnnualCrop_286.jpg,0,reserved_not_accessed,train,0189dc51b776ea935b7a397eb358b2444d84a8addd7b7a09359cdbb61ba54831
eurosat,2261,eurosat/2750/AnnualCrop/AnnualCrop_333.jpg,0,reserved_not_accessed,train,000cf0e19f99228e50a27e0178e3eba846b0f7b221c82b7ee5e44a451998f31e
eurosat,2325,eurosat/2750/AnnualCrop/AnnualCrop_391.jpg,0,reserved_not_accessed,train,00dcddd88da688a5875f74434b0e20404b5074fd7d6d411f69cfd2e3810d24fe
eurosat,2382,eurosat/2750/AnnualCrop/AnnualCrop_442.jpg,0,reserved_not_accessed,train,0170ae7b1391e99933140b993f234f4add205aa59fb6cfb14925f86e3a1de423
eurosat,2627,eurosat/2750/AnnualCrop/AnnualCrop_663.jpg,0,reserved_not_accessed,train,01ee95064646ba357cfd2ce325309fcccab5ff3cb32add88abee2ce291495fa1
eurosat,2680,eurosat/2750/AnnualCrop/AnnualCrop_710.jpg,0,reserved_not_accessed,train,020377a1610e69c6d633506465f0cffb7c4f2387e4c51b756cb28488baf3a9ec
eurosat,2810,eurosat/2750/AnnualCrop/AnnualCrop_828.jpg,0,reserved_not_accessed,train,00b5ea81f0c7a1c725fee587f75978b304b6773c9a6583e137194856a9ea4e81
eurosat,2958,eurosat/2750/AnnualCrop/AnnualCrop_961.jpg,0,reserved_not_accessed,train,00251ec6c52f034ca2e13efe181186c34c52fd7ae32598c35b12b2193687eafb
eurosat,3063,eurosat/2750/Forest/Forest_1055.jpg,1,reserved_not_accessed,train,000342ddb030cab251a9ae853129bb02bc9286fba9406b04081725869ef6c5d3
eurosat,3103,eurosat/2750/Forest/Forest_1091.jpg,1,reserved_not_accessed,train,01002b22619938ba27458d6a520ae6a002b538d8a518b165b372c2f331b713ab
eurosat,3106,eurosat/2750/Forest/Forest_1094.jpg,1,reserved_not_accessed,train,008e519e77da30afb653e5bc936bd0018985c97b2670f9a0332b58a7d3cceefb
eurosat,3110,eurosat/2750/Forest/Forest_1098.jpg,1,reserved_not_accessed,train,0026718f40c3ce3eacecd7dfdcbe9495e269143acfe858d8088b6eca068b6c0e
eurosat,3238,eurosat/2750/Forest/Forest_1212.jpg,1,reserved_not_accessed,train,00000557658ae586507fb804481d500e522d5b6406abbc29a6fcc6cf474b16c5
eurosat,3389,eurosat/2750/Forest/Forest_1349.jpg,1,reserved_not_accessed,train,006b99c625dda36df1ce6e89b6644d7ff016b4f0944b0e53450db922390b1509
eurosat,3719,eurosat/2750/Forest/Forest_1646.jpg,1,reserved_not_accessed,train,012bc11e8a3efbd27018d44cbe04d4f490f56df3353297acb9e86846bb51f10e
eurosat,4082,eurosat/2750/Forest/Forest_1973.jpg,1,reserved_not_accessed,train,0049f540c3d045363e876a064b7043130cccfd06983d578db5a146cfdb2ae66d
eurosat,4345,eurosat/2750/Forest/Forest_2209.jpg,1,reserved_not_accessed,train,01187057de57b0ae2ee0fe6624f0d6bbedebc91c09d9f0a5c990a1d85c82b015
eurosat,4417,eurosat/2750/Forest/Forest_2274.jpg,1,reserved_not_accessed,train,003552706529d44e3597919daa9392842f27b48cc92538fa179a26784114aacb
eurosat,4462,eurosat/2750/Forest/Forest_2314.jpg,1,reserved_not_accessed,train,013104fca751320dfd1738b169332c9ce498d54cd11045a92859a2b65e19499f
eurosat,4468,eurosat/2750/Forest/Forest_232.jpg,1,reserved_not_accessed,train,007a47d0b4d46781a1d2632e45acc10e4263dfd6bd245a969ceafd37dc1e1a05
eurosat,4609,eurosat/2750/Forest/Forest_2447.jpg,1,reserved_not_accessed,train,00cc8ee4c15cd06dec6ac725ce7df78e7c773182bf56d3dff19f2e525ed7a8af
eurosat,4812,eurosat/2750/Forest/Forest_263.jpg,1,reserved_not_accessed,train,00d735ecba9636555a5ee30b9e4d4bb0af3a038ce00e2f04526a2cccfc42ac85
eurosat,4903,eurosat/2750/Forest/Forest_2711.jpg,1,reserved_not_accessed,train,00f1d76cb0aadaac32c4da06f5f0721a7dc6899f1c0d15a3348db1e73e6d57b2
eurosat,5121,eurosat/2750/Forest/Forest_2908.jpg,1,reserved_not_accessed,train,00c6fa2eb3013a3eb7a6716f7b8a96a574b6fc685c847423a7253bc8acb6d9ae
eurosat,5174,eurosat/2750/Forest/Forest_2956.jpg,1,reserved_not_accessed,train,00e261b662ddb22791ae523b5dcfa448dbb21b3b9f833fdb1566c710b7967dfd
eurosat,5380,eurosat/2750/Forest/Forest_440.jpg,1,reserved_not_accessed,train,002aee15b9328cf49900ca27dac65697ddeecdc55765df77712a17fb687de945
eurosat,5695,eurosat/2750/Forest/Forest_724.jpg,1,reserved_not_accessed,train,00d3308b5a771eb0f408d0cbd033a16833d998aca6d4ca3789b396effd153274
eurosat,5738,eurosat/2750/Forest/Forest_763.jpg,1,reserved_not_accessed,train,01145aaa52ceb869d35ce73d4e78ef0e66ddf6eb18b62d3656e376c0fff193d8
eurosat,6056,eurosat/2750/HerbaceousVegetation/HerbaceousVegetation_1049.jpg,2,reserved_not_accessed,train,00210f55acbfe0c4bc0b4e5198646d70caeaf125c235ef9dabc2c56a2795a9a3
eurosat,6168,eurosat/2750/HerbaceousVegetation/HerbaceousVegetation_115.jpg,2,reserved_not_accessed,train,00abe633b78e89cc0484a88fd069e021b86f685b92832d2337bcd55e57316262
eurosat,6547,eurosat/2750/HerbaceousVegetation/HerbaceousVegetation_1491.jpg,2,reserved_not_accessed,train,013d9e45516fbb488604119bfa3826a00c74e41f9143b29cac7bbd0f355cfd45
eurosat,6624,eurosat/2750/HerbaceousVegetation/HerbaceousVegetation_1560.jpg,2,reserved_not_accessed,train,00446cc87c6f75d13a80746164be776239964ce7952f0fc3273262382ab7c3e3
eurosat,6756,eurosat/2750/HerbaceousVegetation/HerbaceousVegetation_168.jpg,2,reserved_not_accessed,train,02106a6d963365f519df730c4a9bfa944f9ed37c62a4c5e39b40e0dc09b820b0
eurosat,6798,eurosat/2750/HerbaceousVegetation/HerbaceousVegetation_1717.jpg,2,reserved_not_accessed,train,001c89a850d130bbdf3f16f234d07693a3631b5147abb6b19c2a2c661df7cede
eurosat,7199,eurosat/2750/HerbaceousVegetation/HerbaceousVegetation_2078.jpg,2,reserved_not_accessed,train,01140d0cf99e802eea97233179c01d96dbd476cafc2cf073513068a9b89e3aba
eurosat,7386,eurosat/2750/HerbaceousVegetation/HerbaceousVegetation_2246.jpg,2,reserved_not_accessed,train,00efea83ed203ecc0d97d4361112afc477fbe8af41e993e8d1be52b4147a6787
eurosat,7459,eurosat/2750/HerbaceousVegetation/HerbaceousVegetation_2311.jpg,2,reserved_not_accessed,train,00961076a30de940bee202e62469a6458fae9ad2cb47388b290683d1ba2e3905
eurosat,7955,eurosat/2750/HerbaceousVegetation/HerbaceousVegetation_2759.jpg,2,reserved_not_accessed,train,01ba52c04c665404db66c19b28335097684283d2d2722a2aded66361cc3f5665
eurosat,8141,eurosat/2750/HerbaceousVegetation/HerbaceousVegetation_2926.jpg,2,reserved_not_accessed,train,0044eee0c6dcf9197f0ae85ff7e5364fc0801ba571b1b946c82a38befd4bcbe8
eurosat,8308,eurosat/2750/HerbaceousVegetation/HerbaceousVegetation_376.jpg,2,reserved_not_accessed,train,00569bedd0cdabc5c584105a8fdd17b4bfb71e1ed1635f6e585d01d92fe5594c
eurosat,8313,eurosat/2750/HerbaceousVegetation/HerbaceousVegetation_380.jpg,2,reserved_not_accessed,train,020b0e27f5eeab061149d3275da91af6adc6008df5168a8f1078d2785d27e7c4
eurosat,8330,eurosat/2750/HerbaceousVegetation/HerbaceousVegetation_396.jpg,2,reserved_not_accessed,train,00a86dce2515c00476311f3e7f6922b5bb0cad5c924b1408c4a09b86a5a3d075
eurosat,8336,eurosat/2750/HerbaceousVegetation/HerbaceousVegetation_400.jpg,2,reserved_not_accessed,train,020ab491d2b4ef80a7e213707b17fa5492cf0ac99065166ae3a3c7a0936e01cd
eurosat,8389,eurosat/2750/HerbaceousVegetation/HerbaceousVegetation_449.jpg,2,reserved_not_accessed,train,0044e3fb1d82abaa715dbaf6c5d0cecc03da77356ad4c740221d063328cfe8cf
eurosat,8478,eurosat/2750/HerbaceousVegetation/HerbaceousVegetation_529.jpg,2,reserved_not_accessed,train,01196cae43524c1024825965ae1a618c571920ad24a8f8164fcd04055777980d
eurosat,8721,eurosat/2750/HerbaceousVegetation/HerbaceousVegetation_748.jpg,2,reserved_not_accessed,train,0233b25dd36876d0df6e2a4e356ca03233774e835f10836ec9def821af61eb90
eurosat,8816,eurosat/2750/HerbaceousVegetation/HerbaceousVegetation_833.jpg,2,reserved_not_accessed,train,017375a5f7e903577902c09e133f71ab1d2107596eab4c9fc9d3ccfcd98468d2
eurosat,8823,eurosat/2750/HerbaceousVegetation/HerbaceousVegetation_84.jpg,2,reserved_not_accessed,train,0051a69f6e6e6cea32b1dfee733a2eb04f50ef1f4c408344b0d8ecea39a3e340
eurosat,9122,eurosat/2750/Highway/Highway_1108.jpg,3,reserved_not_accessed,train,017e7587212234a7a84e14bb0cd35a4df37ca44ad2e1d02032619882c622c7f3
eurosat,9159,eurosat/2750/Highway/Highway_1141.jpg,3,reserved_not_accessed,train,003503c6152a46d970c19be351301cc678604b0341dc80f8ca25f35cc0649fd8
eurosat,9332,eurosat/2750/Highway/Highway_1298.jpg,3,reserved_not_accessed,train,003c9776979e6b48a3ee161a89dcbed596e9519aa292d1ab36c2555ecfb0a7dd
eurosat,9366,eurosat/2750/Highway/Highway_1328.jpg,3,reserved_not_accessed,train,018c452bf19310d80ff5f5df8fdd718a2dbbf32dc0ec9dc2c05daced46539bdf
eurosat,9372,eurosat/2750/Highway/Highway_1333.jpg,3,reserved_not_accessed,train,008ce6798000e9753b7f283d250c62dcd6a4c5e8a7cd38c5e1ca1f357b01ee42
eurosat,9450,eurosat/2750/Highway/Highway_1403.jpg,3,reserved_not_accessed,train,00f83f23ea0d77704b5c97ef1f6791d07225e4029d3a85d9b3829332f2e1e010
eurosat,9678,eurosat/2750/Highway/Highway_1609.jpg,3,reserved_not_accessed,train,00cff5ae6922f26a474794e113633d18e5ae60fb00e0ed40ae931af593747321
eurosat,9927,eurosat/2750/Highway/Highway_1833.jpg,3,reserved_not_accessed,train,0039a6e99c6702a41e0ed3f9f85d5be32fecbc5c8085ac137337c7562d638acc
eurosat,10043,eurosat/2750/Highway/Highway_1938.jpg,3,reserved_not_accessed,train,003ebf813dce1f679e3775a35e65248eacd7556afbb0665a1513665318a6d988
eurosat,10138,eurosat/2750/Highway/Highway_2022.jpg,3,reserved_not_accessed,train,01792b66a82741b35b403838bc84974cbc32a2cc19dc576ed39911977b1709b1
eurosat,10162,eurosat/2750/Highway/Highway_2044.jpg,3,reserved_not_accessed,train,01d678bc72fe157e562765e3ef76658a5e4d3c31a209bead994c76c946abccfc
eurosat,10228,eurosat/2750/Highway/Highway_2103.jpg,3,reserved_not_accessed,train,01bb927c2adfbd2d9d54e18ba09c587729488647cb3ef0d448a93687b8921ff7
eurosat,10271,eurosat/2750/Highway/Highway_2142.jpg,3,reserved_not_accessed,train,0181a9b7bfc39292213fd755e491e44f47793d91eb1b46b44dbbaebbf232aeac
eurosat,10390,eurosat/2750/Highway/Highway_225.jpg,3,reserved_not_accessed,train,00d9cd34e62f9b0e72c57a678903aeadaa4c0cfa227e1c9a65a49ef7b57bebe8
eurosat,10445,eurosat/2750/Highway/Highway_23.jpg,3,reserved_not_accessed,train,003d7ba1b7cae66c30963b4e4dc7169bdf655ada1b310bf071e47ee2bd5d1f1a
eurosat,10550,eurosat/2750/Highway/Highway_2394.jpg,3,reserved_not_accessed,train,0044e1a12e04a16733db351f64b097ae6213863f062eed89d48625fd9a7826d0
eurosat,10692,eurosat/2750/Highway/Highway_271.jpg,3,reserved_not_accessed,train,0111549c23454af4acdf3eb5d8595c7c5e0c27dfbd785c93b7422d193627142b
eurosat,10925,eurosat/2750/Highway/Highway_481.jpg,3,reserved_not_accessed,train,0159360df80d26ad72fb76288c188ae8185c0ad2820d848bb0d3df3041d9e1d6
eurosat,11231,eurosat/2750/Highway/Highway_757.jpg,3,reserved_not_accessed,train,014a1b7ece9ca2c1d89ae5c028ba90c02b99468c13f6e1c9c939baab966c9455
eurosat,11376,eurosat/2750/Highway/Highway_888.jpg,3,reserved_not_accessed,train,0055ae11776089097855a7a09daab18c9c9479d8654e13d9b0da21ea7966a3c0
eurosat,11557,eurosat/2750/Industrial/Industrial_105.jpg,4,reserved_not_accessed,train,0168640472333f71a371485d4f1cac68a30f7bfd6f5db648b165f0973c67b9a6
eurosat,11593,eurosat/2750/Industrial/Industrial_1082.jpg,4,reserved_not_accessed,train,00659fe536df929cce80f4a4b9e1ccfd3bb2dba68b516aad82810c63e8cfb363
eurosat,11601,eurosat/2750/Industrial/Industrial_109.jpg,4,reserved_not_accessed,train,003816252def88c40d9d2e279b7b84e2c7bc075f98217057cd65002e41ef5403
eurosat,11640,eurosat/2750/Industrial/Industrial_1124.jpg,4,reserved_not_accessed,train,01f6ee342f72f2ed054b303685233f16d16ce9041bdfbfa1c590142986988e76
eurosat,11748,eurosat/2750/Industrial/Industrial_1221.jpg,4,reserved_not_accessed,train,014743dfd4446106bcc6aee158822a6178c3a6f7914382b91da4b7b9a565bcb8
eurosat,11827,eurosat/2750/Industrial/Industrial_1293.jpg,4,reserved_not_accessed,train,01863486dbb1f3807dad0cf32e30921c3f18bada177e2777f5ed378dad080024
eurosat,11858,eurosat/2750/Industrial/Industrial_1320.jpg,4,reserved_not_accessed,train,015d77f98140860245a85dc262d4acca269eba604988136c22aafc1785141c25
eurosat,11890,eurosat/2750/Industrial/Industrial_135.jpg,4,reserved_not_accessed,train,01ff502a6222fa9acd5cef7fdea150ce581816c4c8ec868e4d1925024d3f1800
eurosat,11938,eurosat/2750/Industrial/Industrial_1393.jpg,4,reserved_not_accessed,train,014b410dbd44bd8e6352a0bf1be5872ba71e26da0bded720c83a5aed05c8e682
eurosat,12139,eurosat/2750/Industrial/Industrial_1574.jpg,4,reserved_not_accessed,train,007ced3fc903b7a88686b1fb455f52276b32b1182d323247299a891ef07686cc
eurosat,12330,eurosat/2750/Industrial/Industrial_1746.jpg,4,reserved_not_accessed,train,01ecbdf4d6d071c8a5e4db85c7aaf06053c0df27ac158b6866b7bdef3e0fa3c9
eurosat,12345,eurosat/2750/Industrial/Industrial_176.jpg,4,reserved_not_accessed,train,004c67b43e2543fafe91c6fdbf067e323223a9b5f258bddcc66eb8148ef97ce5
eurosat,12497,eurosat/2750/Industrial/Industrial_1897.jpg,4,reserved_not_accessed,train,001c9c2a82b63325520b5e15829181767e52c88918234a61c3f27df1c393da3e
eurosat,12556,eurosat/2750/Industrial/Industrial_195.jpg,4,reserved_not_accessed,train,00f83d056de2efd101e173daa5fcb552a3ace325f2f0072a1ef7bc4a4e7fa013
eurosat,12797,eurosat/2750/Industrial/Industrial_2166.jpg,4,reserved_not_accessed,train,00fd688e205daacb6341fe8c98c34876c0e32920b3762ad251ee8da12576c8d2
eurosat,12997,eurosat/2750/Industrial/Industrial_2346.jpg,4,reserved_not_accessed,train,00344c6172ae8e9bd63c1a4459d01951a9bb3071c59b3e52b25a6871cce5e381
eurosat,13062,eurosat/2750/Industrial/Industrial_2404.jpg,4,reserved_not_accessed,train,023c6af9e817ee6a177bf3a7387ce902b237049735e09f3e3b04e415835942f2
eurosat,13193,eurosat/2750/Industrial/Industrial_272.jpg,4,reserved_not_accessed,train,00abb8903fc6a9e7df69eec55f53753a42bbdb5a6ee941818f8ac1a204ff70ab
eurosat,13304,eurosat/2750/Industrial/Industrial_372.jpg,4,reserved_not_accessed,train,0077e0f587bcab05e0b6790c53ac3ac0c138490f14acdd360532611afda9ffb1
eurosat,13903,eurosat/2750/Industrial/Industrial_911.jpg,4,reserved_not_accessed,train,0228fea8065d9aa4986379b97202d80ef23bad3395222445b5d0608183a9ea7f
eurosat,14171,eurosat/2750/Pasture/Pasture_1152.jpg,5,reserved_not_accessed,train,00e85d9423843749a3669ae492eb0821ce818ddd191de25c231760398bd15e8c
eurosat,14298,eurosat/2750/Pasture/Pasture_1267.jpg,5,reserved_not_accessed,train,00cb8ce5cde2f48021c7c692152d056802e87c0d5c062a6de72d36d7939a0d39
eurosat,14308,eurosat/2750/Pasture/Pasture_1276.jpg,5,reserved_not_accessed,train,01520d543e54f2989619ac8859f0d48a6bbdfab7ed94af922c2e974f7773ddfc
eurosat,14558,eurosat/2750/Pasture/Pasture_1500.jpg,5,reserved_not_accessed,train,008451eed6034065802ed96542bc4d91248f57b7252dc6b1bd38d4a6fe44faa0
eurosat,14658,eurosat/2750/Pasture/Pasture_1591.jpg,5,reserved_not_accessed,train,00ef2a1a441799f499cb154acaa20250cb0807ad6804ae64eab302751758d418
eurosat,14841,eurosat/2750/Pasture/Pasture_1756.jpg,5,reserved_not_accessed,train,003799971fb91360ebc9b781d30e7538bea318f525252c149eb635a6d8a1f3fc
eurosat,14955,eurosat/2750/Pasture/Pasture_1859.jpg,5,reserved_not_accessed,train,01b08ff1015e1e6188f971215fc84f3cf6eaaa7f962ff814762927b7a32296c7
eurosat,15015,eurosat/2750/Pasture/Pasture_1912.jpg,5,reserved_not_accessed,train,008f4537e94a33b1cf6c29f5dabdf76211be4759caf1f374cd0f7282c14fc4e0
eurosat,15043,eurosat/2750/Pasture/Pasture_1938.jpg,5,reserved_not_accessed,train,00dc75023e6a9de534613661af8bee3ad5948093e84ec72d4d8e83f5cca10b03
eurosat,15046,eurosat/2750/Pasture/Pasture_1940.jpg,5,reserved_not_accessed,train,01b246f55ecf18c9cd4d830422f9de4b01c8fdf42279b7e0843a457ae1c217dd
eurosat,15081,eurosat/2750/Pasture/Pasture_1972.jpg,5,reserved_not_accessed,train,008657882060a427aabd1977d535d691f426a3b656c96462ee215851a904557a
eurosat,15109,eurosat/2750/Pasture/Pasture_1998.jpg,5,reserved_not_accessed,train,005cdd828dac94f0b09ed63113dfd340700a4df2c6e70cf8a045cef5ad781cf1
eurosat,15160,eurosat/2750/Pasture/Pasture_242.jpg,5,reserved_not_accessed,train,00056a8cdb51a9502f4ed192739c99bd985b356bf0aa2a572a80983c3c9252d0
eurosat,15220,eurosat/2750/Pasture/Pasture_297.jpg,5,reserved_not_accessed,train,0172727476bb8007542cae67ea3235a614e36c1206ed73bc9b76af31243d87a8
eurosat,15428,eurosat/2750/Pasture/Pasture_484.jpg,5,reserved_not_accessed,train,00ab048df68d48a5157d78146eaf0a5e45ef0d772bf47d6b049e1dc9d154474f
eurosat,15561,eurosat/2750/Pasture/Pasture_603.jpg,5,reserved_not_accessed,train,01cade7561aecaf77f8d9cf5deb4c5cf0808ca3500ea495a520a90da71fedef4
eurosat,15607,eurosat/2750/Pasture/Pasture_645.jpg,5,reserved_not_accessed,train,01b633af0f371d985ac1f320f54d5cbb723b48f6e3507e4663eb3d81afb2dced
eurosat,15685,eurosat/2750/Pasture/Pasture_715.jpg,5,reserved_not_accessed,train,016597b30337a5921c48961046949692dcbd1d3b2a1d039a998980e367c63a78
eurosat,15742,eurosat/2750/Pasture/Pasture_767.jpg,5,reserved_not_accessed,train,018cf506d731c132f4d3794ca54a00aad8dee49fbfd17b2ce2f52607f38bc92a
eurosat,15888,eurosat/2750/Pasture/Pasture_899.jpg,5,reserved_not_accessed,train,011452c165c926e0dd93cedb00edfe3d386f5df7606b1b0abfe4c32f1a82b609
eurosat,16061,eurosat/2750/PermanentCrop/PermanentCrop_1053.jpg,6,reserved_not_accessed,train,0116fc96c2423b9549db13854097774d8c7d18015f2bc8056f6aa3a6292448ae
eurosat,16523,eurosat/2750/PermanentCrop/PermanentCrop_147.jpg,6,reserved_not_accessed,train,017a14690a97fa8aef6911a915c7791d6d83303a3da4c04bf24b53592c5e00a6
eurosat,17287,eurosat/2750/PermanentCrop/PermanentCrop_2157.jpg,6,reserved_not_accessed,train,00381283bfdb7346766c5ca287bbcbdf23c2357800c7a53693983de54f2fff3a
eurosat,17348,eurosat/2750/PermanentCrop/PermanentCrop_2211.jpg,6,reserved_not_accessed,train,01d5f4474e17515c2f50ef461a2cbf85b4466f0fc9a7afcbdcb8d2c4dd509944
eurosat,17480,eurosat/2750/PermanentCrop/PermanentCrop_2330.jpg,6,reserved_not_accessed,train,00fc4c41da05592f1c1aed6646556bae22c024fb6397d904037381b49dd809ba
eurosat,17515,eurosat/2750/PermanentCrop/PermanentCrop_2362.jpg,6,reserved_not_accessed,train,01b785a90a9ed285439387fa411c07c78bc70ea8a73351c8a6dc476028d30ba5
eurosat,17654,eurosat/2750/PermanentCrop/PermanentCrop_2488.jpg,6,reserved_not_accessed,train,0007360ff8c9cbc60b5488affa7f5a69b43a5ba421fc644a39c82b112194f588
eurosat,17711,eurosat/2750/PermanentCrop/PermanentCrop_289.jpg,6,reserved_not_accessed,train,003f6191ec742d3af721b98afea838b759ba64fa3ad07ee6d5eb0031f49ba573
eurosat,17799,eurosat/2750/PermanentCrop/PermanentCrop_368.jpg,6,reserved_not_accessed,train,02073aeae7ebd893df2dcaae1f329ed0b85faa19ed9a05220b0e994ef12a6866
eurosat,17895,eurosat/2750/PermanentCrop/PermanentCrop_454.jpg,6,reserved_not_accessed,train,0163d3ca1ce339a609805bdacbe6e45dac5ebcd668c1bc2839d710476f9f8f40
eurosat,17915,eurosat/2750/PermanentCrop/PermanentCrop_472.jpg,6,reserved_not_accessed,train,01b877cc0dabe3286ec7da829dd7b118b8727a773d9142fdb7a5126b395eb565
eurosat,17926,eurosat/2750/PermanentCrop/PermanentCrop_482.jpg,6,reserved_not_accessed,train,012da365b198e759d48e46f72136991687bbcfb95867679c57322739de5d49bc
eurosat,17952,eurosat/2750/PermanentCrop/PermanentCrop_505.jpg,6,reserved_not_accessed,train,019a0272bd99217f46bd98eec8822965dd9ce3baacb28e88f13c88adf30a94c3
eurosat,18125,eurosat/2750/PermanentCrop/PermanentCrop_661.jpg,6,reserved_not_accessed,train,0243851e6b334b72fea9958b4754d4b47f8a571b779ce525faceb8502a46a62a
eurosat,18348,eurosat/2750/PermanentCrop/PermanentCrop_862.jpg,6,reserved_not_accessed,train,00e5c5626b5b1c4fb5b89b53be68c52bdd1065946bf5b14b252069552a8b53e0
eurosat,18358,eurosat/2750/PermanentCrop/PermanentCrop_871.jpg,6,reserved_not_accessed,train,0001dd7e930adf89ea9a4e3f183ca6f1473070d051881bc5682bdff29a195ae2
eurosat,18364,eurosat/2750/PermanentCrop/PermanentCrop_877.jpg,6,reserved_not_accessed,train,007cd62f91a6f3f3e8a8c2ad593958edf5992dcab4c222c749de22913d017514
eurosat,18423,eurosat/2750/PermanentCrop/PermanentCrop_93.jpg,6,reserved_not_accessed,train,00fb3646c96626a8e58df79e621ef720baff7a1b58cf95a91f3a954ca97948a3
eurosat,18430,eurosat/2750/PermanentCrop/PermanentCrop_936.jpg,6,reserved_not_accessed,train,01e74f60ba60325e5bb4e95d4dadd4bb2c815210425f04738682f0a5d0ba68c3
eurosat,18479,eurosat/2750/PermanentCrop/PermanentCrop_980.jpg,6,reserved_not_accessed,train,0188bb7af2ae6b98d160e054a1478d9eeef0704b34f3f6f210797bad7ed55d88
eurosat,18642,eurosat/2750/Residential/Residential_1126.jpg,7,reserved_not_accessed,train,0002c61f9df59a06d30b98a080c99b14eff82b01120f6e0f558a158b6f992ec7
eurosat,18712,eurosat/2750/Residential/Residential_119.jpg,7,reserved_not_accessed,train,0005df52f5026b753744b8b5bd3a8fdfb8185eb579498e29128778664bed01be
eurosat,18979,eurosat/2750/Residential/Residential_143.jpg,7,reserved_not_accessed,train,00d6e20bd583f2905b83df6ff739b24537cda04b0dcd698d6c41c907912bdbb9
eurosat,19008,eurosat/2750/Residential/Residential_1456.jpg,7,reserved_not_accessed,train,002942c3f45c9248727609bd6936ae53aefeaa800e747edb6f2dadfd08489395
eurosat,19059,eurosat/2750/Residential/Residential_1501.jpg,7,reserved_not_accessed,train,02221fa0aba6c64865d7bf4ce41b7dbdbf2fbc4e8fbc8dd36f733056ace21362
eurosat,19061,eurosat/2750/Residential/Residential_1503.jpg,7,reserved_not_accessed,train,01ac7b7690984303f60d51c803fde875de27053b4f1283f714614cd329611fc4
eurosat,19180,eurosat/2750/Residential/Residential_1610.jpg,7,reserved_not_accessed,train,0153637c62305fd8955c107496f495b60ef0bfa971d7cc908bb63d001dac8bd3
eurosat,19262,eurosat/2750/Residential/Residential_1685.jpg,7,reserved_not_accessed,train,010550c60e500b62f60576690284660d9111c6abd482840601d6accf43b243ba
eurosat,19286,eurosat/2750/Residential/Residential_1706.jpg,7,reserved_not_accessed,train,0134e5282655e9f150b4d35ec266bd3eb6b7bc660103bae15bc6a90ebfaf6d1f
eurosat,19482,eurosat/2750/Residential/Residential_1883.jpg,7,reserved_not_accessed,train,00341a372eb772713ab4c15c582c4e4c12993e50eed3f14520c282db18dc9e0e
eurosat,19551,eurosat/2750/Residential/Residential_1945.jpg,7,reserved_not_accessed,train,006d4fc260f1492cc36be0302d3bb035188cff46baa04552b18e6ad508eb4c8e
eurosat,19770,eurosat/2750/Residential/Residential_2141.jpg,7,reserved_not_accessed,train,002190f53c0ee87b638680c7c1ef0a023cdbdc6fae5ebed5c73b42a4ff12ebca
eurosat,19862,eurosat/2750/Residential/Residential_2224.jpg,7,reserved_not_accessed,train,007ad800c8925ab45383a8b5bb777ec61e818158be9622fb51e79dcd88d7b6fc
eurosat,19975,eurosat/2750/Residential/Residential_2326.jpg,7,reserved_not_accessed,train,0009efd2e43e13967c0a4f285f35cb0784587aff76ae68cde8fc8009fe9c7437
eurosat,20050,eurosat/2750/Residential/Residential_2394.jpg,7,reserved_not_accessed,train,00f607682e0933ab507ff7885295f633cc885f330e70dddd329ca57d554d228f
eurosat,20223,eurosat/2750/Residential/Residential_255.jpg,7,reserved_not_accessed,train,015ac26c62b3290cef5f70777c90b8cdc7db97e3e143f09c87e7682a73c9a138
eurosat,20427,eurosat/2750/Residential/Residential_2733.jpg,7,reserved_not_accessed,train,00c9996cf1316a24e9689426dc5c01ad928aeee5fc7564064b26d15661094014
eurosat,20687,eurosat/2750/Residential/Residential_2968.jpg,7,reserved_not_accessed,train,00567d3aa54e0406e36160ce9e2784a7dcbb05ca8268fc6faebeb3b8eac4623b
eurosat,21238,eurosat/2750/Residential/Residential_763.jpg,7,reserved_not_accessed,train,01f243209995ec535dd027a2b823930c539144ded6360f7f18e36f49e9fd3c96
eurosat,21412,eurosat/2750/Residential/Residential_92.jpg,7,reserved_not_accessed,train,007edff0126204d5c12ecfe68887144e5baa93c63d9993f67c4e70254aaf69a6
eurosat,21521,eurosat/2750/River/River_1017.jpg,8,reserved_not_accessed,train,01f8cb86c23836b5296ba98f6ca463d13c7a2f6de3616b9c0bc9ff219c05ee36
eurosat,21545,eurosat/2750/River/River_1039.jpg,8,reserved_not_accessed,train,0081c0e6b70ae3a8893b5dbec8adef0a0ce131e60655254455756bd85f2ddbe3
eurosat,21850,eurosat/2750/River/River_1313.jpg,8,reserved_not_accessed,train,01460b2f237f02d4008f50614c7a35ef125c554e156740bc7580f7eb4093dbce
eurosat,22023,eurosat/2750/River/River_147.jpg,8,reserved_not_accessed,train,01a5d9d7cbcb08134f5491ad0f2797cddeab6dc64af71b5fd8d9af94af8fe52f
eurosat,22079,eurosat/2750/River/River_152.jpg,8,reserved_not_accessed,train,00ef6fce07d5be6d6640553f7af0c1a76c0257b8c3a1cf9b352559f173c0b5fb
eurosat,22251,eurosat/2750/River/River_1675.jpg,8,reserved_not_accessed,train,01fd0e6986ea19afc5fc412190f662e9fdc72d84d94ff84f1dfb19984e0a6438
eurosat,22287,eurosat/2750/River/River_1707.jpg,8,reserved_not_accessed,train,002fd8fcb75a9b7b4aa8dce553159f33677732464b9efb2c011c59dc30ba09e1
eurosat,22386,eurosat/2750/River/River_1797.jpg,8,reserved_not_accessed,train,00a0eac44220ac96cb85daeb64f9237581bc667bd2f9c5eb94658047041504f1
eurosat,22395,eurosat/2750/River/River_1804.jpg,8,reserved_not_accessed,train,0175dd969d1d9240c103ccd2ad60919ce2cf708c9aa3e0ecc033984d1c30e79f
eurosat,22463,eurosat/2750/River/River_1866.jpg,8,reserved_not_accessed,train,0231bc17fefa029e34eddec079ab486c9f0917d9889b64ef231c53ac9575b48c
eurosat,22672,eurosat/2750/River/River_2053.jpg,8,reserved_not_accessed,train,0199e49c397133eb96f97b35c5e74c6445e597d9215039364bfc980bfb502438
eurosat,23008,eurosat/2750/River/River_2356.jpg,8,reserved_not_accessed,train,00258f2b606d948a3bb2807bf5c4a41be48478e6eb9d77be7bdaf55a1c03ce99
eurosat,23180,eurosat/2750/River/River_260.jpg,8,reserved_not_accessed,train,01d846c5cea3f083e2e8ab4af4e4cb09bc5947d4c25af42f80de3e593723f086
eurosat,23331,eurosat/2750/River/River_397.jpg,8,reserved_not_accessed,train,01037b253e7ae0af6af319376ed3ccf5ced7ca1b619d2d5306ee4f89be8390b4
eurosat,23526,eurosat/2750/River/River_572.jpg,8,reserved_not_accessed,train,0047197c81af11a1846cb45e6786b03b373963360ec056169ea2fdf5fa7b26fd
eurosat,23580,eurosat/2750/River/River_620.jpg,8,reserved_not_accessed,train,018ee6c3d5b7109ce68d1c91e5fdbaca16a1d4c1394b25309227aabfe010ae8c
eurosat,23739,eurosat/2750/River/River_764.jpg,8,reserved_not_accessed,train,0078531f045229b029bd1ed68ec02e5bbf7ea6f6e7235be1fb16fe1916d46d0f
eurosat,23811,eurosat/2750/River/River_829.jpg,8,reserved_not_accessed,train,02417152090a1450c8e819cfc16d6dd0c91d3919d9746ab9f133e944a239bc4a
eurosat,23816,eurosat/2750/River/River_833.jpg,8,reserved_not_accessed,train,00535d4f88739a1c4ecea35fc20e3eb143c777130a320b7ed885aac47bc671ed
eurosat,23949,eurosat/2750/River/River_953.jpg,8,reserved_not_accessed,train,002c96c1ff6de8da88cfb5113db56537e4e502c400766c612465f6ee3cfaef07
eurosat,24249,eurosat/2750/SeaLake/SeaLake_1222.jpg,9,reserved_not_accessed,train,010a71ff15f3cbce7dd6ad0269bdbe4e7b88ddedfcbb85d11529a138389282a7
eurosat,24418,eurosat/2750/SeaLake/SeaLake_1375.jpg,9,reserved_not_accessed,train,00f1c75df35e7bfd03c37984de5d55d90e34885fa4efaeb6d0fb44d338eaca5a
eurosat,24480,eurosat/2750/SeaLake/SeaLake_1430.jpg,9,reserved_not_accessed,train,0122ec0d60b61894f00abfae85f531bad6b01373a8f71ca9edea8e1a634d27db
eurosat,24521,eurosat/2750/SeaLake/SeaLake_1468.jpg,9,reserved_not_accessed,train,0078e2b1daf9bb910ff6a6aa076255ecb0beae6f8e541a7910e907d00fbfbbea
eurosat,24525,eurosat/2750/SeaLake/SeaLake_1471.jpg,9,reserved_not_accessed,train,0185baf59bc6098fc50134519d1c7503b5ad6bca171888875052c0cd5809dc4c
eurosat,24572,eurosat/2750/SeaLake/SeaLake_1513.jpg,9,reserved_not_accessed,train,01193db54e1cee12e493fe3c1de4eab9cb3ea45eee6a26e97a5a437fe0e2ea11
eurosat,24576,eurosat/2750/SeaLake/SeaLake_1517.jpg,9,reserved_not_accessed,train,0041e28860e0ba0bd074e93d758671c5eb0747bea47841cba82c7be678b67a2c
eurosat,24640,eurosat/2750/SeaLake/SeaLake_1575.jpg,9,reserved_not_accessed,train,01550a7753df36ee36f09760f7671fa5b008410d70c3d32192f447b581259667
eurosat,25105,eurosat/2750/SeaLake/SeaLake_1994.jpg,9,reserved_not_accessed,train,00e10ea75b15b4dc314d4ac8cfb9b1c5ffa861bc597518ef32f1a31c00c0af11
eurosat,25243,eurosat/2750/SeaLake/SeaLake_2117.jpg,9,reserved_not_accessed,train,005bf99741bbc30d089bbab724255591bd386032c3b81d5d02b7805809424de9
eurosat,25248,eurosat/2750/SeaLake/SeaLake_2121.jpg,9,reserved_not_accessed,train,0181b2d9939ac4aabf934d38143106ce3fd7714cbc2fce0e187ddc1e70d25cb2
eurosat,25653,eurosat/2750/SeaLake/SeaLake_2487.jpg,9,reserved_not_accessed,train,01357712555bccf862d335741836232481a7f73666e150e78f82632d33a726b3
eurosat,25787,eurosat/2750/SeaLake/SeaLake_2607.jpg,9,reserved_not_accessed,train,00871dca2c67d4b94154a08c9618936683a40715a13b484c4513b9f424635e01
eurosat,25915,eurosat/2750/SeaLake/SeaLake_2722.jpg,9,reserved_not_accessed,train,0172da5fdff95423a5a056dd4414fe221c45e44f57e7350537a5662bceb9bb75
eurosat,26063,eurosat/2750/SeaLake/SeaLake_2856.jpg,9,reserved_not_accessed,train,0120b1e07435f7db88837742ac5173a66bc28cbb035c8526fd534457ec01185c
eurosat,26112,eurosat/2750/SeaLake/SeaLake_290.jpg,9,reserved_not_accessed,train,006e397f775e4dd3fc93db71a3648edccc054d6380a575dd8066e36868db8055
eurosat,26271,eurosat/2750/SeaLake/SeaLake_342.jpg,9,reserved_not_accessed,train,01451292af943e37bb9ab0298612454a63d070ccd9e2c6e4111efdd85cfacd29
eurosat,26486,eurosat/2750/SeaLake/SeaLake_536.jpg,9,reserved_not_accessed,train,01748cc9d4b5be758c2ca0f7edf0155a480f49d5529151c374cd61a40afb70af
eurosat,26511,eurosat/2750/SeaLake/SeaLake_559.jpg,9,reserved_not_accessed,train,01295728d48e855b3c41b15870be70d7fbc68f7400fc64f93fb0ea3010880a5b
eurosat,26899,eurosat/2750/SeaLake/SeaLake_908.jpg,9,reserved_not_accessed,train,012c541d4cefeea3ed6a9c111ff1c79306d522314ecb7e3a560cc2b7f2802aa1
